season,week,weekly_rank,season_rank,celebrity_name,total_score,ballroom_partner,estimated_fan_percent,fan_percent_min,fan_percent_max,estimated_fan_rank_milp,inferred_fan_rank,certainty,computed_total_rank,rank_based_score,is_predicted_eliminated_rank,prediction_outcome_rank,is_week_prediction_correct_rank,judge_percent,percent_based_score,is_predicted_eliminated_percent,prediction_outcome_percent,is_week_prediction_correct_percent,is_actual_eliminated,certainty_final,EC_norm,PD_norm
1,2,1.0,2,John O'Hurley,46.0,Charlotte Jorgensen,13.61,6.8,40.82,3.0,3,0.6599,1,4.0,False,Correctly Predicted Safe,True,20.0,16.805,False,Correctly Predicted Safe,True,False,0.44549230987774036,0.2,0.7998236331569666
1,2,2.0,4,Rachel Hunter,44.0,Jonathan Roberts,8.16,6.8,40.82,5.0,5,0.6599,3,7.0,False,Correctly Predicted Safe,True,19.130434782608692,13.645217391304348,False,Correctly Predicted Safe,True,False,0.6504637798051891,0.4,0.9600235155790712
1,2,3.0,3,Joey McIntyre,41.0,Ashly DelGrosso,20.41,8.16,40.82,2.0,2,0.6735,2,5.0,False,Correctly Predicted Safe,True,17.82608695652174,19.11804347826087,False,Correctly Predicted Safe,True,False,0.29971126752257643,0.0,0.6249234537660746
1,2,4.0,6,Trista Sutter,37.0,Louis van Amstel,6.8,6.8,10.2,6.0,6,0.966,6,10.0,True,Correctly Predicted Eliminated,True,16.08695652173913,11.443478260869565,True,Correctly Predicted Eliminated,True,True,0.6633109060769367,0.4,1.0
1,2,6.0,1,Kelly Monaco,30.0,Alec Mazo,40.82,13.61,40.82,1.0,1,0.7279,4,7.0,False,Correctly Predicted Safe,True,13.043478260869565,26.93173913043478,False,Correctly Predicted Safe,True,False,0.7763935876242631,1.0,0.0
1,2,5.0,5,Evander Holyfield,32.0,Edyta Sliwinska,10.2,10.2,40.82,4.0,4,0.6939,5,9.0,False,Correctly Predicted Safe,True,13.91304347826087,12.056521739130435,False,Correctly Predicted Safe,True,False,0.3736064123757368,0.0,1.0
1,3,1.0,4,Rachel Hunter,26.0,Jonathan Roberts,10.95,8.76,43.8,4.0,4,0.6496,2,5.0,False,Correctly Predicted Safe,True,24.52830188679245,17.739150943396226,False,Correctly Predicted Safe,True,False,0.8469895763469266,0.75,0.9375
1,3,2.0,2,John O'Hurley,24.0,Charlotte Jorgensen,21.9,8.76,43.8,2.0,2,0.6496,1,4.0,False,Correctly Predicted Safe,True,22.641509433962263,22.27075471698113,False,Correctly Predicted Safe,True,False,0.29972318014837196,0.0,0.625
1,3,3.0,3,Joey McIntyre,22.0,Ashly DelGrosso,14.6,8.76,43.8,3.0,3,0.6496,4,6.0,False,Correctly Predicted Safe,True,20.75471698113208,17.67735849056604,False,Correctly Predicted Safe,True,False,0.3368191428547673,0.0,0.8333333333333334
1,3,4.0,1,Kelly Monaco,21.0,Alec Mazo,43.8,10.95,43.8,1.0,1,0.6715,3,5.0,False,Correctly Predicted Safe,True,19.81132075471698,31.80566037735849,False,Correctly Predicted Safe,True,False,0.603072384007812,0.75,0.0
1,3,5.0,5,Evander Holyfield,13.0,Edyta Sliwinska,8.76,8.76,21.9,5.0,5,0.8686,5,10.0,True,Correctly Predicted Eliminated,True,12.264150943396226,10.512075471698113,True,Correctly Predicted Eliminated,True,True,0.3736064123757368,0.0,1.0
1,4,1.0,1,Kelly Monaco,26.0,Alec Mazo,16.0,16.0,16.0,3.0,3,1.0,1,4.0,False,Correctly Predicted Safe,True,28.26086956521739,22.130434782608692,False,Correctly Predicted Safe,True,False,0.28182261589670976,0.0,0.5
1,4,2.0,4,Rachel Hunter,25.0,Jonathan Roberts,12.0,12.0,12.0,4.0,4,1.0,4,6.0,True,Correctly Predicted Eliminated,True,27.173913043478255,19.58695652173913,True,Correctly Predicted Eliminated,True,True,0.5376245020156416,0.6666666666666666,0.0
1,4,3.0,2,John O'Hurley,21.0,Charlotte Jorgensen,24.0,24.0,24.0,2.0,2,1.0,2,5.0,False,Correctly Predicted Safe,True,22.82608695652174,23.413043478260867,False,Correctly Predicted Safe,True,False,0.4488591708738754,0.3333333333333333,0.5
1,4,4.0,3,Joey McIntyre,20.0,Ashly DelGrosso,48.0,48.0,48.0,1.0,1,1.0,3,5.0,False,Correctly Predicted Safe,True,21.73913043478261,34.869565217391305,False,Correctly Predicted Safe,True,False,0.4488591708738754,0.3333333333333333,0.5
1,5,1.0,2,John O'Hurley,27.0,Charlotte Jorgensen,27.27,18.18,54.55,2.0,2,0.6364,1,3.0,False,Correctly Predicted Safe,True,36.98630136986301,32.128150684931505,False,Correctly Predicted Safe,True,False,0.6580014883022824,0.5,0.750068737970855
1,5,2.0,1,Kelly Monaco,23.5,Alec Mazo,54.55,27.27,54.55,1.0,1,0.7273,2,3.0,False,Correctly Predicted Safe,True,32.19178082191781,43.37089041095891,False,Correctly Predicted Safe,True,False,0.416787873031247,0.5,0.0
1,5,3.0,3,Joey McIntyre,22.5,Ashly DelGrosso,18.18,18.18,27.27,3.0,3,0.9091,3,6.0,True,Correctly Predicted Eliminated,True,30.82191780821918,24.500958904109588,True,Correctly Predicted Eliminated,True,True,0.3736064123757368,0.0,1.0
1,6,1.0,1,Kelly Monaco,27.5,Alec Mazo,66.67,33.33,66.67,1.0,1,0.6667,1,2.0,False,Correctly Predicted Safe,True,50.45871559633027,58.56435779816513,False,Correctly Predicted Safe,True,False,0.2355694048831751,0.0,0.0
1,6,2.0,2,John O'Hurley,27.0,Charlotte Jorgensen,33.33,33.33,66.67,2.0,2,0.6667,2,4.0,True,Correctly Predicted Eliminated,True,49.54128440366973,41.43564220183487,True,Correctly Predicted Eliminated,True,True,0.3736064123757368,0.0,1.0
2,1,1.0,1,Drew Lachey,24.0,Cheryl Burke,34.14,3.41,34.14,1.0,1,0.6927,1,2.0,False,Correctly Predicted Safe,True,12.307692307692308,23.223846153846157,False,Correctly Predicted Safe,True,False,0.2355694048831751,0.0,0.0
2,1,2.0,9,Tatum O'Neal,23.0,Nick Kosovich,4.27,3.41,34.14,8.0,8,0.6927,4,10.0,False,Correctly Predicted Safe,True,11.794871794871794,8.032435897435896,False,Correctly Predicted Safe,True,False,0.8618728211872055,0.7777777777777778,0.9720143182557761
2,1,2.0,8,Giselle Fernandez,23.0,Jonathan Roberts,3.79,3.41,34.14,9.0,9,0.6927,5,11.0,False,Correctly Predicted Safe,True,11.794871794871794,7.792435897435897,False,Correctly Predicted Safe,True,False,0.821663328909082,0.6666666666666666,0.987634233647901
2,1,4.0,3,Stacy Keibler,22.0,Tony Dovolani,6.83,3.41,34.14,5.0,5,0.6927,2,9.0,False,Correctly Predicted Safe,True,11.282051282051285,9.05602564102564,False,Correctly Predicted Safe,True,False,0.4116372677792379,0.1111111111111111,0.8887081028311097
2,1,5.0,2,Jerry Rice,21.0,Anna Trebunskaya,4.88,3.41,34.14,7.0,7,0.6927,7,12.0,False,Correctly Predicted Safe,True,10.76923076923077,7.824615384615384,False,Correctly Predicted Safe,True,False,0.5963322976317122,0.3333333333333333,0.9521640091116174
2,1,6.0,6,Tia Carrere,20.0,Maksim Chmerkoskiy,5.69,3.41,34.14,6.0,6,0.6927,8,12.0,False,Correctly Predicted Safe,True,10.256410256410255,7.973205128205128,False,Correctly Predicted Safe,True,False,0.3564295356550661,0.0,0.9258054018874065
2,1,7.0,4,Lisa Rinna,19.0,Louis van Amstel,17.07,3.41,34.14,2.0,2,0.6927,3,9.0,False,Correctly Predicted Safe,True,9.743589743589745,13.406794871794872,False,Correctly Predicted Safe,True,False,0.46573543581364235,0.3333333333333333,0.5554832411324439
2,1,8.0,5,George Hamilton,18.0,Edyta Sliwinska,11.38,3.79,34.14,3.0,3,0.6965,6,11.0,False,Correctly Predicted Safe,True,9.230769230769232,10.305384615384616,False,Correctly Predicted Safe,True,False,0.5283402538292393,0.3333333333333333,0.7499176276771005
2,1,9.0,10,Kenny Mayne,13.0,Andrea Hale,3.41,3.41,11.38,10.0,10,0.9203,10,19.0,True,Correctly Predicted Eliminated,True,6.666666666666667,5.038333333333334,True,Correctly Predicted Eliminated,True,True,0.44334775775790936,0.1111111111111111,1.0
2,1,10.0,7,Master P,12.0,Ashly DelGrosso,8.54,4.27,34.14,4.0,4,0.7013,9,14.0,False,Correctly Predicted Safe,True,6.153846153846154,7.346923076923076,False,Correctly Predicted Safe,True,False,0.5642563724552103,0.3333333333333333,0.8570472045530633
2,2,1.0,3,Stacy Keibler,29.0,Tony Dovolani,8.84,3.93,35.35,4.0,4,0.6858,1,5.0,False,Correctly Predicted Safe,True,14.499999999999998,11.669999999999998,False,Correctly Predicted Safe,True,False,0.4953645012418481,0.25,0.8437301082113304
2,2,2.0,1,Drew Lachey,27.0,Cheryl Burke,11.78,3.93,35.35,3.0,3,0.6858,2,5.0,False,Correctly Predicted Safe,True,13.5,12.64,False,Correctly Predicted Safe,True,False,0.3838535104873336,0.125,0.7501591343093571
2,2,3.0,8,Giselle Fernandez,24.0,Jonathan Roberts,4.42,3.93,35.35,8.0,8,0.6858,6,11.0,False,Correctly Predicted Safe,True,12.0,8.21,False,Correctly Predicted Safe,True,False,0.8012720513865683,0.625,0.9844048376830045
2,2,4.0,2,Jerry Rice,23.0,Anna Trebunskaya,17.67,3.93,35.35,2.0,2,0.6858,3,6.0,False,Correctly Predicted Safe,True,11.5,14.585,False,Correctly Predicted Safe,True,False,0.41110851286596667,0.25,0.5626989178866963
2,2,5.0,6,Tia Carrere,22.0,Maksim Chmerkoskiy,5.05,3.93,35.35,7.0,7,0.6858,7,12.0,False,Correctly Predicted Safe,True,11.0,8.025,False,Correctly Predicted Safe,True,False,0.4423904074164483,0.125,0.9643539147040102
2,2,5.0,5,George Hamilton,22.0,Edyta Sliwinska,7.07,3.93,35.35,5.0,5,0.6858,5,10.0,False,Correctly Predicted Safe,True,11.0,9.035,False,Correctly Predicted Safe,True,False,0.35077055142607055,0.0,0.9000636537237429
2,2,7.0,4,Lisa Rinna,20.0,Louis van Amstel,35.35,4.42,35.35,1.0,1,0.6907,4,8.0,False,Correctly Predicted Safe,True,10.0,22.675,False,Correctly Predicted Safe,True,False,0.3454092033678949,0.375,0.0
2,2,8.0,9,Tatum O'Neal,17.0,Nick Kosovich,3.93,3.93,11.78,9.0,9,0.9214,9,17.0,True,Correctly Predicted Eliminated,True,8.5,6.215,True,Correctly Predicted Eliminated,True,True,0.4530336221224381,0.125,1.0
2,2,9.0,7,Master P,16.0,Ashly DelGrosso,5.89,5.05,35.35,6.0,6,0.697,8,15.0,False,Correctly Predicted Safe,True,8.0,6.945,False,Correctly Predicted Safe,True,False,0.5376428820498329,0.25,0.9722772277227723
2,3,1.0,3,Stacy Keibler,27.0,Tony Dovolani,7.36,4.6,36.79,5.0,5,0.6781,2,6.0,False,Correctly Predicted Safe,True,14.835164835164836,11.097582417582418,False,Correctly Predicted Safe,True,False,0.5461197436064145,0.2857142857142857,0.9142590866728797
2,3,1.0,1,Drew Lachey,27.0,Cheryl Burke,18.4,4.6,36.79,2.0,2,0.6781,1,3.0,False,Correctly Predicted Safe,True,14.835164835164836,16.61758241758242,False,Correctly Predicted Safe,True,False,0.291657362313951,0.0,0.5712954333643989
2,3,3.0,6,Tia Carrere,26.0,Maksim Chmerkoskiy,5.26,4.6,36.79,7.0,7,0.6781,5,10.0,False,Correctly Predicted Safe,True,14.285714285714285,9.77285714285714,False,Correctly Predicted Safe,True,False,0.6778761194241807,0.42857142857142855,0.9794967381174278
2,3,4.0,4,Lisa Rinna,25.0,Louis van Amstel,12.26,5.26,36.79,3.0,3,0.6846,3,7.0,False,Correctly Predicted Safe,True,13.736263736263735,12.998131868131868,False,Correctly Predicted Safe,True,False,0.3260261107080995,0.0,0.7779892166190929
2,3,5.0,5,George Hamilton,22.0,Edyta Sliwinska,6.13,5.26,36.79,6.0,6,0.6846,6,11.0,False,Correctly Predicted Safe,True,12.087912087912088,9.108956043956043,False,Correctly Predicted Safe,True,False,0.3670683431320415,0.0,0.972407231208373
2,3,5.0,8,Giselle Fernandez,22.0,Jonathan Roberts,4.6,4.6,7.36,8.0,8,0.9724,8,13.0,True,Correctly Predicted Eliminated,True,12.087912087912088,8.343956043956045,True,Correctly Predicted Eliminated,True,True,0.6842422296693466,0.42857142857142855,1.0
2,3,7.0,2,Jerry Rice,19.0,Anna Trebunskaya,36.79,7.36,36.79,1.0,1,0.7057,4,8.0,False,Correctly Predicted Safe,True,10.43956043956044,23.61478021978022,False,Correctly Predicted Safe,True,False,0.575,0.7142857142857143,0.0
2,3,8.0,7,Master P,14.0,Ashly DelGrosso,9.2,9.2,36.79,4.0,4,0.724,7,12.0,False,Correctly Predicted Safe,True,7.6923076923076925,8.446153846153846,False,Correctly Predicted Safe,True,False,0.4657577703306534,0.14285714285714285,1.0
2,4,1.0,1,Drew Lachey,28.0,Cheryl Burke,19.28,5.51,38.57,2.0,2,0.6694,1,3.0,False,Correctly Predicted Safe,True,17.72151898734177,18.500759493670884,False,Correctly Predicted Safe,True,False,0.29343728403711233,0.0,0.5834845735027223
2,4,2.0,4,Lisa Rinna,26.0,Louis van Amstel,6.43,5.51,38.57,6.0,6,0.6694,4,8.0,False,Correctly Predicted Safe,True,16.455696202531644,11.442848101265822,False,Correctly Predicted Safe,True,False,0.6030554647802111,0.3333333333333333,0.9721718088324259
2,4,2.0,3,Stacy Keibler,26.0,Tony Dovolani,12.86,5.51,38.57,3.0,3,0.6694,2,5.0,False,Correctly Predicted Safe,True,16.455696202531644,14.657848101265822,False,Correctly Predicted Safe,True,False,0.4167599021910204,0.16666666666666666,0.7776769509981851
2,4,4.0,6,Tia Carrere,25.0,Maksim Chmerkoskiy,7.71,5.51,38.57,5.0,5,0.6694,5,9.0,False,Correctly Predicted Safe,True,15.822784810126585,11.766392405063293,False,Correctly Predicted Safe,True,False,0.59003277451865,0.3333333333333333,0.9334543254688445
2,4,5.0,2,Jerry Rice,24.0,Anna Trebunskaya,38.57,5.51,38.57,1.0,1,0.6694,3,6.0,False,Correctly Predicted Safe,True,15.18987341772152,26.87993670886076,False,Correctly Predicted Safe,True,False,0.416787873031247,0.5,0.0
2,4,6.0,5,George Hamilton,21.0,Edyta Sliwinska,9.64,6.43,38.57,4.0,4,0.6786,6,10.0,False,Correctly Predicted Safe,True,13.291139240506327,11.465569620253165,False,Correctly Predicted Safe,True,False,0.45223347751473575,0.16666666666666666,0.9001244555071561
2,4,7.0,7,Master P,8.0,Ashly DelGrosso,5.51,5.51,19.28,7.0,7,0.8623,7,14.0,True,Correctly Predicted Eliminated,True,5.063291139240507,5.286645569620253,True,Correctly Predicted Eliminated,True,True,0.3736064123757368,0.0,1.0
2,5,1.0,3,Stacy Keibler,30.0,Tony Dovolani,10.2,6.8,40.82,4.0,4,0.6599,2,5.0,False,Correctly Predicted Safe,True,19.86754966887417,15.033774834437086,False,Correctly Predicted Safe,False,False,0.6308512889092008,0.4,0.9000587889476779
2,5,2.0,1,Drew Lachey,27.0,Cheryl Burke,40.82,6.8,40.82,1.0,1,0.6599,1,3.0,False,Correctly Predicted Safe,True,17.880794701986755,29.350397350993376,False,Correctly Predicted Safe,False,False,0.27755033859368716,0.2,0.0
2,5,3.0,4,Lisa Rinna,25.0,Louis van Amstel,13.61,6.8,40.82,3.0,3,0.6599,3,6.0,False,Correctly Predicted Safe,True,16.55629139072848,15.08314569536424,False,Correctly Predicted Safe,False,False,0.44549230987774036,0.2,0.7998236331569666
2,5,4.0,5,George Hamilton,24.0,Edyta Sliwinska,6.8,6.8,40.82,6.0,6,0.6599,5,10.0,False,Correctly Predicted Safe,True,15.89403973509934,11.347019867549667,True,Incorrectly Predicted Eliminated,False,False,0.5082196744560011,0.2,1.0
2,5,5.0,2,Jerry Rice,23.0,Anna Trebunskaya,20.41,8.16,40.82,2.0,2,0.6735,4,7.0,False,Correctly Predicted Safe,True,15.2317880794702,17.8208940397351,False,Correctly Predicted Safe,False,False,0.6918888070944182,0.6,0.6249234537660746
2,5,6.0,6,Tia Carrere,22.0,Maksim Chmerkoskiy,8.16,6.8,20.41,5.0,5,0.8639,6,11.0,True,Correctly Predicted Eliminated,True,14.56953642384106,11.36476821192053,False,Incorrectly Predicted Safe,False,True,0.35077268107586695,0.0,0.9000734753857458
2,6,1.0,3,Stacy Keibler,30.0,Tony Dovolani,10.95,8.76,43.8,4.0,4,0.6496,2,5.0,False,Correctly Predicted Safe,True,22.55639097744361,16.753195488721804,False,Correctly Predicted Safe,True,False,0.715470710147903,0.5,0.9375
2,6,1.0,1,Drew Lachey,30.0,Cheryl Burke,21.9,8.76,43.8,2.0,2,0.6496,1,3.0,False,Correctly Predicted Safe,True,22.55639097744361,22.2281954887218,False,Correctly Predicted Safe,True,False,0.29972318014837196,0.0,0.625
2,6,3.0,4,Lisa Rinna,27.0,Louis van Amstel,14.6,10.95,43.8,3.0,3,0.6715,4,6.0,False,Correctly Predicted Safe,True,20.30075187969925,17.450375939849625,False,Correctly Predicted Safe,True,False,0.5100368158120026,0.25,0.8888888888888888
2,6,4.0,5,George Hamilton,23.0,Edyta Sliwinska,8.76,8.76,14.6,5.0,5,0.9416,5,9.0,True,Correctly Predicted Eliminated,True,17.293233082706767,13.026616541353384,True,Correctly Predicted Eliminated,True,True,0.5469276159921878,0.25,1.0
2,6,4.0,2,Jerry Rice,23.0,Anna Trebunskaya,43.8,10.95,43.8,1.0,1,0.6715,3,5.0,False,Correctly Predicted Safe,True,17.293233082706767,30.54661654135338,False,Correctly Predicted Safe,True,False,0.416787873031247,0.5,0.0
2,7,1.0,3,Stacy Keibler,27.5,Tony Dovolani,16.0,12.0,48.0,3.0,3,0.64,2,4.0,False,Correctly Predicted Safe,True,26.96078431372549,21.480392156862745,False,Correctly Predicted Safe,True,False,0.8016379164189362,0.6666666666666666,0.8888888888888888
2,7,1.0,1,Drew Lachey,27.5,Cheryl Burke,24.0,12.0,48.0,2.0,2,0.64,1,3.0,False,Correctly Predicted Safe,True,26.96078431372549,25.480392156862745,False,Correctly Predicted Safe,True,False,0.3063882986753659,0.0,0.6666666666666667
2,7,3.0,4,Lisa Rinna,26.5,Louis van Amstel,12.0,12.0,16.0,4.0,4,0.96,4,7.0,True,Correctly Predicted Eliminated,True,25.98039215686275,18.99019607843137,True,Correctly Predicted Eliminated,True,True,0.6123754979843583,0.3333333333333333,1.0
2,7,4.0,2,Jerry Rice,20.5,Anna Trebunskaya,48.0,24.0,48.0,1.0,1,0.76,3,5.0,False,Correctly Predicted Safe,True,20.098039215686278,34.049019607843135,False,Correctly Predicted Safe,True,False,0.5376245020156416,0.6666666666666666,0.0
2,8,1.0,1,Drew Lachey,28.9998,Cheryl Burke,54.55,18.18,54.55,1.0,1,0.6364,1,2.0,False,Correctly Predicted Safe,True,34.38729131809769,44.468645659048846,False,Correctly Predicted Safe,True,False,0.2355694048831751,0.0,0.0
2,8,2.0,3,Stacy Keibler,28.6665,Tony Dovolani,18.18,18.18,27.27,3.0,3,0.9091,2,5.0,True,Correctly Predicted Eliminated,True,33.9920718960216,26.0860359480108,True,Correctly Predicted Eliminated,True,True,0.7332121269687528,0.5,1.0
2,8,3.0,2,Jerry Rice,26.666600000000003,Anna Trebunskaya,27.27,27.27,54.55,2.0,2,0.7273,3,5.0,True,Correctly Predicted Eliminated,True,31.620636785880723,29.44531839294036,True,Correctly Predicted Eliminated,True,True,0.7332121269687528,0.5,1.0
3,1,1.0,2,Mario Lopez,26.0,Karina Smirnoff,12.5,0.0,100.0,,1,0.0,1,2.0,False,Correctly Predicted Safe,True,12.264150943396226,12.382075471698112,False,Correctly Predicted Safe,True,False,0.4009696236187762,0.1,0.875
3,1,2.0,1,Emmitt Smith,24.0,Cheryl Burke,12.5,0.0,100.0,,2,0.0,2,4.0,False,Correctly Predicted Safe,True,11.320754716981131,11.910377358490567,False,Correctly Predicted Safe,True,False,0.4009696236187762,0.1,0.875
3,1,3.0,8,Vivica A. Fox,22.0,Nick Kosovich,7.04,0.0,100.0,,8,0.0,8,11.0,False,Correctly Predicted Safe,True,10.37735849056604,8.708679245283019,False,Correctly Predicted Safe,True,False,0.7131724970937232,0.5,0.9296
3,1,3.0,7,Willa Ford,22.0,Maksim Chmerkoskiy,9.12,0.0,100.0,,7,0.0,6,10.0,False,Correctly Predicted Safe,True,10.37735849056604,9.748679245283018,False,Correctly Predicted Safe,True,False,0.6337325713044233,0.4,0.9088
3,1,5.0,3,Joey Lawrence,21.0,Edyta Sliwinska,12.5,0.0,100.0,,3,0.0,3,8.0,False,Correctly Predicted Safe,True,9.90566037735849,11.202830188679243,False,Correctly Predicted Safe,True,False,0.4683371802819217,0.2,0.875
3,1,6.0,4,Monique Coleman,19.0,Louis van Amstel,12.5,0.0,100.0,,4,0.0,4,10.0,False,Correctly Predicted Safe,True,8.962264150943396,10.7311320754717,False,Correctly Predicted Safe,True,False,0.4683371802819217,0.2,0.875
3,1,7.0,10,Shanna Moakler,18.0,Jesse DeSoto,3.11,0.0,100.0,,10,0.0,10,17.0,False,Correctly Predicted Safe,True,8.49056603773585,5.800283018867924,False,Correctly Predicted Safe,True,False,0.5757537489849265,0.3,0.9689
3,1,8.0,9,Harry Hamlin,17.0,Ashly DelGrosso,5.25,0.0,100.0,,9,0.0,9,17.0,False,Correctly Predicted Safe,True,8.018867924528301,6.634433962264151,False,Correctly Predicted Safe,True,False,0.42073910682952154,0.1,0.9475
3,1,9.0,5,Jerry Springer,16.0,Kym Johnson,12.5,0.0,100.0,,5,0.0,5,14.0,False,Correctly Predicted Safe,True,7.547169811320755,10.023584905660378,False,Correctly Predicted Safe,True,False,0.6225550896966452,0.4,0.875
3,1,10.0,6,Sara Evans,15.0,Tony Dovolani,11.62,0.0,100.0,,6,0.0,7,16.0,False,Correctly Predicted Safe,True,7.075471698113208,9.347735849056605,False,Correctly Predicted Safe,True,False,0.6254743340804493,0.4,0.8838
3,1,11.0,11,Tucker Carlson,12.0,Elena Grinenko,1.38,0.0,12.51,,11,0.8749,11,22.0,True,Correctly Predicted Eliminated,True,5.660377358490567,3.5201886792452832,True,Correctly Predicted Eliminated,True,True,0.34853340073482453,0.0,0.8896882494004796
3,2,1.0,3,Joey Lawrence,29.0,Edyta Sliwinska,13.8,0.0,97.35,,1,0.0265,1,2.0,False,Correctly Predicted Safe,False,12.608695652173912,13.204347826086956,False,Correctly Predicted Safe,True,False,0.4793185846068874,0.2222222222222222,0.8582434514637904
3,2,2.0,4,Monique Coleman,26.0,Louis van Amstel,13.8,0.0,97.35,,2,0.0265,2,4.0,False,Correctly Predicted Safe,False,11.304347826086955,12.55217391304348,False,Correctly Predicted Safe,True,False,0.4793185846068874,0.2222222222222222,0.8582434514637904
3,2,3.0,8,Vivica A. Fox,24.0,Nick Kosovich,6.09,0.0,97.35,,8,0.0265,8,11.0,False,Correctly Predicted Safe,False,10.434782608695652,8.262391304347826,False,Correctly Predicted Safe,True,False,0.7513359794075376,0.5555555555555556,0.937442218798151
3,2,3.0,1,Emmitt Smith,24.0,Cheryl Burke,13.8,0.0,97.35,,3,0.0265,3,6.0,False,Correctly Predicted Safe,False,10.434782608695652,12.117391304347828,False,Correctly Predicted Safe,True,False,0.4793185846068874,0.2222222222222222,0.8582434514637904
3,2,5.0,7,Willa Ford,23.0,Maksim Chmerkoskiy,8.66,0.0,97.35,,7,0.0265,7,12.0,False,Correctly Predicted Safe,False,10.0,9.33,False,Correctly Predicted Safe,True,False,0.4961698443631287,0.2222222222222222,0.9110426296866975
3,2,6.0,10,Shanna Moakler,22.0,Jesse DeSoto,1.19,0.0,10.43,,10,0.8957,10,16.0,False,Incorrectly Predicted Safe,False,9.565217391304348,5.377608695652174,True,Correctly Predicted Eliminated,True,True,0.6599914574883644,0.4444444444444444,0.8859060402684564
3,2,7.0,9,Harry Hamlin,21.0,Ashly DelGrosso,3.76,0.44,97.8,,9,0.0265,9,16.0,True,Incorrectly Predicted Eliminated,False,9.130434782608695,6.445217391304348,False,Correctly Predicted Safe,True,False,0.5140369002613769,0.2222222222222222,0.9658997534921939
3,2,7.0,2,Mario Lopez,21.0,Karina Smirnoff,13.8,0.44,97.8,,4,0.0265,4,11.0,False,Correctly Predicted Safe,False,9.130434782608695,11.465217391304348,False,Correctly Predicted Safe,True,False,0.7310995642254174,0.5555555555555556,0.8627773212818406
3,2,7.0,6,Sara Evans,21.0,Tony Dovolani,11.29,0.44,97.8,,6,0.0265,6,13.0,False,Correctly Predicted Safe,False,9.130434782608695,10.210217391304347,False,Correctly Predicted Safe,True,False,0.4115962052120986,0.1111111111111111,0.8885579293344289
3,2,10.0,5,Jerry Springer,19.0,Kym Johnson,13.8,1.31,98.67,,5,0.0265,5,15.0,False,Correctly Predicted Safe,False,8.26086956521739,11.030434782608696,False,Correctly Predicted Safe,True,False,0.733584480108656,0.5555555555555556,0.8717132292522597
3,3,1.0,8,Vivica A. Fox,27.0,Nick Kosovich,4.19,0.0,98.02,,8,0.0198,8,9.0,False,Correctly Predicted Safe,True,13.043478260869565,8.616739130434782,False,Correctly Predicted Safe,True,False,0.887509237447442,0.875,0.9572536217098552
3,3,1.0,4,Monique Coleman,27.0,Louis van Amstel,15.54,0.0,98.02,,2,0.0198,1,3.0,False,Correctly Predicted Safe,True,13.043478260869565,14.29173913043478,False,Correctly Predicted Safe,True,False,0.5917943210789353,0.375,0.8414609263415629
3,3,3.0,6,Sara Evans,25.0,Tony Dovolani,10.56,0.0,98.02,,6,0.0198,6,9.0,False,Correctly Predicted Safe,True,12.07729468599034,11.31864734299517,False,Correctly Predicted Safe,True,False,0.6088601009475898,0.375,0.8922668843093247
3,3,4.0,9,Harry Hamlin,22.0,Ashly DelGrosso,1.46,0.0,11.59,,9,0.8841,9,13.0,True,Correctly Predicted Eliminated,True,10.628019323671497,6.044009661835748,True,Correctly Predicted Eliminated,True,True,0.7761603659415901,0.625,0.8740293356341674
3,3,4.0,3,Joey Lawrence,22.0,Edyta Sliwinska,15.54,0.01,98.03,,3,0.0198,2,7.0,False,Correctly Predicted Safe,True,10.628019323671497,13.084009661835749,False,Correctly Predicted Safe,True,False,0.4076306124984079,0.125,0.8415629463374822
3,3,4.0,2,Mario Lopez,22.0,Karina Smirnoff,15.54,0.01,98.03,,1,0.0198,3,5.0,False,Correctly Predicted Safe,True,10.628019323671497,13.084009661835749,False,Correctly Predicted Safe,True,False,0.49466635912772855,0.25,0.8415629463374822
3,3,4.0,7,Willa Ford,22.0,Maksim Chmerkoskiy,7.67,0.01,98.03,,7,0.0198,7,11.0,False,Correctly Predicted Safe,True,10.628019323671497,9.149009661835748,False,Correctly Predicted Safe,True,False,0.6187378162849738,0.375,0.9218526831258926
3,3,8.0,5,Jerry Springer,21.0,Kym Johnson,13.96,0.49,98.51,,5,0.0198,5,13.0,False,Correctly Predicted Safe,True,10.144927536231885,12.052463768115942,False,Correctly Predicted Safe,True,False,0.598900493392156,0.375,0.8625790654968374
3,3,9.0,1,Emmitt Smith,19.0,Cheryl Burke,15.54,1.46,99.48,,4,0.0198,4,13.0,False,Correctly Predicted Safe,True,9.178743961352655,12.359371980676327,False,Correctly Predicted Safe,True,False,0.9045710888979097,1.0,0.8563558457457662
3,4,1.0,2,Mario Lopez,29.0,Karina Smirnoff,17.43,0.0,96.93,,3,0.0307,1,4.0,False,Correctly Predicted Safe,False,14.646464646464649,16.03823232323232,False,Correctly Predicted Safe,True,False,0.41315697301756554,0.14285714285714285,0.8201795109873105
3,4,2.0,7,Willa Ford,28.0,Maksim Chmerkoskiy,5.28,0.0,96.93,,7,0.0307,7,9.0,False,Correctly Predicted Safe,False,14.14141414141414,9.71070707070707,False,Correctly Predicted Safe,True,False,0.8343419197924589,0.7142857142857143,0.9455277004023522
3,4,3.0,3,Joey Lawrence,27.0,Edyta Sliwinska,17.43,0.0,96.93,,1,0.0307,2,4.0,False,Correctly Predicted Safe,False,13.636363636363637,15.533181818181816,False,Correctly Predicted Safe,True,False,0.334190538571005,0.0,0.8201795109873105
3,4,4.0,8,Vivica A. Fox,24.0,Nick Kosovich,1.76,0.0,12.87,,8,0.8713,8,12.0,False,Incorrectly Predicted Safe,False,12.12121212121212,6.9406060606060604,True,Correctly Predicted Eliminated,True,True,0.7414160093198239,0.5714285714285714,0.8632478632478633
3,4,4.0,4,Monique Coleman,24.0,Louis van Amstel,17.25,0.01,96.94,,4,0.0307,4,8.0,False,Correctly Predicted Safe,False,12.12121212121212,14.68560606060606,False,Correctly Predicted Safe,True,False,0.334579733085265,0.0,0.822139688434953
3,4,4.0,1,Emmitt Smith,24.0,Cheryl Burke,17.43,0.01,96.94,,2,0.0307,3,6.0,False,Correctly Predicted Safe,False,12.12121212121212,14.77560606060606,False,Correctly Predicted Safe,True,False,0.6265175808889416,0.42857142857142855,0.8202826782213969
3,4,7.0,5,Jerry Springer,22.0,Kym Johnson,13.56,1.02,97.95,,5,0.0307,5,12.0,False,Correctly Predicted Safe,False,11.11111111111111,12.335555555555556,False,Correctly Predicted Safe,True,False,0.5315332961194101,0.2857142857142857,0.8706282884555865
3,4,8.0,6,Sara Evans,20.0,Tony Dovolani,9.86,2.03,98.96,,6,0.0307,6,14.0,True,Incorrectly Predicted Eliminated,False,10.1010101010101,9.98050505050505,False,Correctly Predicted Safe,True,False,0.5477847014018379,0.2857142857142857,0.9192200557103064
3,5,1.0,4,Monique Coleman,27.0,Louis van Amstel,17.24,0.02,95.49,,4,0.0453,4,5.0,False,Correctly Predicted Safe,False,14.917127071823206,16.078563535911602,False,Correctly Predicted Safe,True,False,0.6799945430037431,0.5,0.8196292028909605
3,5,1.0,2,Mario Lopez,27.0,Karina Smirnoff,20.26,0.02,95.49,,1,0.0453,1,2.0,False,Correctly Predicted Safe,False,14.917127071823206,17.588563535911604,False,Correctly Predicted Safe,True,False,0.41963369281325974,0.16666666666666666,0.787996229181942
3,5,1.0,1,Emmitt Smith,27.0,Cheryl Burke,20.26,0.02,95.49,,2,0.0453,2,3.0,False,Correctly Predicted Safe,False,14.917127071823206,17.588563535911604,False,Correctly Predicted Safe,True,False,0.3279260315676119,0.0,0.787996229181942
3,5,1.0,7,Willa Ford,27.0,Maksim Chmerkoskiy,2.04,0.0,13.64,,7,0.8636,7,8.0,False,Incorrectly Predicted Safe,False,14.917127071823206,8.478563535911603,True,Correctly Predicted Eliminated,True,True,0.904114498573958,1.0,0.8504398826979472
3,5,5.0,3,Joey Lawrence,25.0,Edyta Sliwinska,20.26,1.12,96.6,,3,0.0453,3,8.0,False,Correctly Predicted Safe,False,13.812154696132598,17.0360773480663,False,Correctly Predicted Safe,True,False,0.5449093029147949,0.3333333333333333,0.7995391705069124
3,5,6.0,6,Sara Evans,24.0,Tony Dovolani,7.44,1.67,17.58,,6,0.8409,6,12.0,True,Correctly Predicted Eliminated,False,13.259668508287293,10.349834254143646,True,Correctly Predicted Eliminated,True,True,0.30165862512538066,0.0,0.6373350094280326
3,5,6.0,5,Jerry Springer,24.0,Kym Johnson,12.51,1.68,97.15,,5,0.0453,5,11.0,True,Incorrectly Predicted Eliminated,False,13.259668508287293,12.884834254143646,False,Correctly Predicted Safe,True,False,0.44816296340218564,0.16666666666666666,0.8865612234209699
3,7,3.0,3,Joey Lawrence,52.5,Edyta Sliwinska,23.09,0.0,100.0,,3,0.0,3,6.0,False,Correctly Predicted Safe,True,20.75098814229249,21.920494071146244,False,Correctly Predicted Safe,True,False,0.3243573588798262,0.0,0.7691
3,7,2.0,1,Emmitt Smith,53.5,Cheryl Burke,29.13,0.0,100.0,,1,0.0,2,3.0,False,Correctly Predicted Safe,True,21.14624505928854,25.13812252964427,False,Correctly Predicted Safe,True,False,0.4531442932951507,0.25,0.7087
3,7,1.0,2,Mario Lopez,56.0,Karina Smirnoff,29.13,0.0,100.0,,2,0.0,1,3.0,False,Correctly Predicted Safe,True,22.134387351778656,25.63219367588933,False,Correctly Predicted Safe,True,False,0.4531442932951507,0.25,0.7087
3,7,4.0,4,Monique Coleman,50.0,Louis van Amstel,13.66,0.0,100.0,,4,0.0,4,8.0,False,Correctly Predicted Safe,True,19.76284584980237,16.711422924901186,False,Correctly Predicted Safe,True,False,0.3429773359884694,0.0,0.8634
3,7,5.0,5,Jerry Springer,41.0,Kym Johnson,4.99,0.0,23.79,,5,0.7621,5,10.0,True,Correctly Predicted Eliminated,True,16.205533596837945,10.597766798418974,True,Correctly Predicted Eliminated,True,True,0.32835667389814044,0.0,0.7902480033627575
3,8,1.0,2,Mario Lopez,28.5,Karina Smirnoff,35.45,0.0,100.0,,2,0.0,2,3.0,False,Correctly Predicted Safe,True,26.146788990825687,30.798394495412843,False,Correctly Predicted Safe,True,False,0.49414534566957813,0.3333333333333333,0.6455
3,8,2.0,3,Joey Lawrence,27.0,Edyta Sliwinska,20.86,0.0,100.0,,3,0.0,3,5.0,False,Correctly Predicted Safe,True,24.770642201834864,22.81532110091743,False,Correctly Predicted Safe,True,False,0.5421816720053061,0.3333333333333333,0.7914
3,8,2.0,1,Emmitt Smith,27.0,Cheryl Burke,37.77,0.0,100.0,,1,0.0,1,3.0,False,Correctly Predicted Safe,True,24.770642201834864,31.270321100917435,False,Correctly Predicted Safe,True,False,0.4867138885527435,0.3333333333333333,0.6223
3,8,4.0,4,Monique Coleman,26.5,Louis van Amstel,5.93,0.0,25.68,,4,0.7432,4,8.0,True,Correctly Predicted Eliminated,True,24.31192660550459,15.120963302752294,True,Correctly Predicted Eliminated,True,True,0.3243538105097317,0.0,0.7690809968847352
3,9,1.0,3,Joey Lawrence,29.5,Edyta Sliwinska,9.09,0.0,33.33,,3,0.6667,3,4.0,True,Correctly Predicted Eliminated,True,33.33333333333333,21.211666666666662,True,Correctly Predicted Eliminated,True,True,0.8935825056706066,1.0,0.7272727272727273
3,9,1.0,2,Mario Lopez,29.5,Karina Smirnoff,36.37,0.01,99.99,,2,0.0002,2,3.0,False,Correctly Predicted Safe,True,33.33333333333333,34.85166666666666,False,Correctly Predicted Safe,True,False,0.6207809542511324,0.5,0.6363272654530906
3,9,1.0,1,Emmitt Smith,29.5,Cheryl Burke,54.54,0.01,99.99,,1,0.0002,1,2.0,False,Correctly Predicted Safe,True,33.33333333333333,43.93666666666667,False,Correctly Predicted Safe,True,False,0.27605195164827434,0.0,0.4545909181836366
3,10,1.0,2,Mario Lopez,29.666600000000003,Karina Smirnoff,16.67,-0.0,49.99,,2,0.5001,2,3.0,True,Correctly Predicted Eliminated,True,50.0,33.335,True,Correctly Predicted Eliminated,True,True,0.8876067476102596,1.0,0.6665333066613323
3,10,1.0,1,Emmitt Smith,29.666600000000003,Cheryl Burke,83.33,50.0,100.0,,1,0.5,1,2.0,False,Correctly Predicted Safe,True,50.0,66.66499999999999,False,Correctly Predicted Safe,True,False,0.2623863856636452,0.0,0.33340000000000003
4,2,1.0,3,Laila Ali,50.0,Maksim Chmerkoskiy,12.51,0.0,95.74,,1,0.0426,1,2.0,False,Correctly Predicted Safe,False,11.086474501108649,11.798237250554324,False,Correctly Predicted Safe,True,False,0.46658205439904515,0.2,0.869333611865469
4,2,3.0,1,Apolo Anton Ohno,47.0,Julianne Hough,12.51,0.0,95.74,,2,0.0426,3,5.0,False,Correctly Predicted Safe,False,10.42128603104213,11.465643015521064,False,Correctly Predicted Safe,True,False,0.46658205439904515,0.2,0.869333611865469
4,2,5.0,7,Heather Mills,42.0,Jonathan Roberts,9.26,0.0,95.74,,7,0.0426,7,12.0,False,Correctly Predicted Safe,False,9.312638580931264,9.28631929046563,False,Correctly Predicted Safe,True,False,0.4771714622389396,0.2,0.9032797158972217
4,2,2.0,2,Joey Fatone,48.0,Kym Johnson,12.51,0.0,95.74,,5,0.0426,2,7.0,False,Correctly Predicted Safe,False,10.6430155210643,11.57650776053215,False,Correctly Predicted Safe,True,False,0.34421737598929947,0.0,0.869333611865469
4,2,4.0,4,Ian Ziering,43.0,Cheryl Burke,12.51,0.0,95.74,,3,0.0426,4,7.0,False,Correctly Predicted Safe,False,9.534368070953436,11.022184035476718,False,Correctly Predicted Safe,True,False,0.34421737598929947,0.0,0.869333611865469
4,2,8.0,6,John Ratzenberger,38.0,Edyta Sliwinska,11.46,0.45,96.19,,6,0.0426,6,14.0,False,Correctly Predicted Safe,False,8.425720620842572,9.942860310421286,False,Correctly Predicted Safe,True,False,0.47144733586031456,0.2,0.8850010444955086
4,2,6.0,11,Paulina Porizkova,40.0,Alec Mazo,0.98,0.0,9.3,,11,0.907,11,17.0,False,Incorrectly Predicted Safe,False,8.869179600886918,4.924589800443459,True,Correctly Predicted Eliminated,True,True,0.7028543258157345,0.5,0.8946236559139785
4,2,10.0,5,Billy Ray Cyrus,34.0,Karina Smirnoff,12.51,1.34,97.08,,4,0.0426,5,14.0,False,Correctly Predicted Safe,False,7.53880266075388,10.02440133037694,False,Correctly Predicted Safe,True,False,0.6994741494732575,0.5,0.8833298516816378
4,2,9.0,9,Leeza Gibbons,36.0,Tony Dovolani,5.26,0.9,96.63,,9,0.0426,9,18.0,False,Correctly Predicted Safe,False,7.982261640798225,6.621130820399113,False,Correctly Predicted Safe,True,False,0.36290995646586544,0.0,0.954455238692155
4,2,7.0,10,Shandi Finnessey,39.0,Brian Fortuna,3.09,0.23,95.97,,10,0.0426,10,17.0,False,Correctly Predicted Safe,False,8.647450110864744,5.868725055432372,False,Correctly Predicted Safe,True,False,0.5761680033255347,0.3,0.9701274284520577
4,2,10.0,8,Clyde Drexler,34.0,Elena Grinenko,7.4,1.34,97.08,,8,0.0426,8,18.0,True,Incorrectly Predicted Eliminated,False,7.53880266075388,7.46940133037694,False,Correctly Predicted Safe,True,False,0.4877642329211747,0.2,0.9367035721746396
4,3,1.0,4,Ian Ziering,24.0,Cheryl Burke,13.81,0.0,97.21,,2,0.0279,1,3.0,False,Correctly Predicted Safe,False,11.009174311926609,12.409587155963305,False,Correctly Predicted Safe,True,False,0.5645562452708541,0.3333333333333333,0.8579364262935911
4,3,1.0,7,Heather Mills,24.0,Jonathan Roberts,8.52,0.0,97.21,,7,0.0279,7,8.0,False,Correctly Predicted Safe,False,11.009174311926609,9.764587155963303,False,Correctly Predicted Safe,True,False,0.8066007870220973,0.6666666666666666,0.912354696018928
4,3,1.0,2,Joey Fatone,24.0,Kym Johnson,13.81,0.0,97.21,,3,0.0279,2,4.0,False,Correctly Predicted Safe,False,11.009174311926609,12.409587155963305,False,Correctly Predicted Safe,True,False,0.40332515203894126,0.1111111111111111,0.8579364262935911
4,3,1.0,9,Leeza Gibbons,24.0,Tony Dovolani,3.5,0.0,97.21,,9,0.0279,8,10.0,False,Correctly Predicted Safe,False,11.009174311926609,7.254587155963303,False,Correctly Predicted Safe,True,False,0.8914292380761017,0.8888888888888888,0.9639954737166958
4,3,5.0,1,Apolo Anton Ohno,23.0,Julianne Hough,13.81,0.0,97.21,,4,0.0279,3,9.0,False,Correctly Predicted Safe,False,10.550458715596331,12.180229357798163,False,Correctly Predicted Safe,True,False,0.6509871385275423,0.4444444444444444,0.8579364262935911
4,3,6.0,3,Laila Ali,21.0,Maksim Chmerkoskiy,13.81,0.01,97.22,,1,0.0279,4,7.0,False,Correctly Predicted Safe,False,9.63302752293578,11.72151376146789,False,Correctly Predicted Safe,True,False,0.5645909370819597,0.3333333333333333,0.8580392963686864
4,3,6.0,10,Shandi Finnessey,21.0,Brian Fortuna,1.18,0.0,10.36,,10,0.8964,10,16.0,False,Incorrectly Predicted Safe,False,9.63302752293578,5.40651376146789,True,Correctly Predicted Eliminated,True,True,0.6600536774600494,0.4444444444444444,0.8861003861003861
4,3,6.0,5,Billy Ray Cyrus,21.0,Karina Smirnoff,13.74,0.01,97.22,,5,0.0279,5,11.0,False,Correctly Predicted Safe,False,9.63302752293578,11.68651376146789,False,Correctly Predicted Safe,True,False,0.4035447648588423,0.1111111111111111,0.8587593868943524
4,3,9.0,6,John Ratzenberger,20.0,Edyta Sliwinska,11.29,0.47,97.68,,6,0.0279,6,15.0,False,Correctly Predicted Safe,False,9.174311926605505,10.232155963302752,False,Correctly Predicted Safe,True,False,0.5749344203277953,0.3333333333333333,0.8886945787470425
4,3,10.0,8,Clyde Drexler,16.0,Elena Grinenko,6.52,2.3,99.51,,8,0.0279,9,18.0,True,Incorrectly Predicted Eliminated,False,7.339449541284404,6.929724770642202,False,Correctly Predicted Safe,True,False,0.510981746262948,0.2222222222222222,0.9565888283098447
4,4,1.0,2,Joey Fatone,28.0,Kym Johnson,15.33,0.0,99.45,,1,0.0055,1,2.0,False,Correctly Predicted Safe,False,14.736842105263156,15.033421052631578,False,Correctly Predicted Safe,True,False,0.4087918604386326,0.125,0.8458521870286576
4,4,2.0,1,Apolo Anton Ohno,26.0,Julianne Hough,15.33,0.0,99.45,,2,0.0055,2,4.0,False,Correctly Predicted Safe,False,13.684210526315791,14.507105263157897,False,Correctly Predicted Safe,True,False,0.4087918604386326,0.125,0.8458521870286576
4,4,3.0,4,Ian Ziering,24.0,Cheryl Burke,15.33,0.0,99.45,,3,0.0055,3,6.0,False,Correctly Predicted Safe,False,12.63157894736842,13.980789473684212,False,Correctly Predicted Safe,True,False,0.4087918604386326,0.125,0.8458521870286576
4,4,4.0,7,Heather Mills,23.0,Jonathan Roberts,7.35,0.0,99.45,,7,0.0055,6,11.0,False,Correctly Predicted Safe,False,12.105263157894736,9.727631578947369,False,Correctly Predicted Safe,True,False,0.6201489912908793,0.375,0.9260935143288085
4,4,5.0,3,Laila Ali,21.0,Maksim Chmerkoskiy,15.33,0.0,99.45,,4,0.0055,4,9.0,False,Correctly Predicted Safe,False,11.052631578947368,13.191315789473684,False,Correctly Predicted Safe,True,False,0.4960486807190505,0.25,0.8458521870286576
4,4,5.0,5,Billy Ray Cyrus,21.0,Karina Smirnoff,13.64,0.0,99.45,,5,0.0055,5,10.0,False,Correctly Predicted Safe,False,11.052631578947368,12.346315789473683,False,Correctly Predicted Safe,True,False,0.34286190232589586,0.0,0.8628456510809452
4,4,7.0,6,John Ratzenberger,16.0,Edyta Sliwinska,10.98,0.01,99.46,,6,0.0055,7,13.0,False,Correctly Predicted Safe,False,8.421052631578947,9.700526315789476,False,Correctly Predicted Safe,True,False,0.4208868012980196,0.125,0.8896933132227249
4,4,7.0,9,Leeza Gibbons,16.0,Tony Dovolani,1.78,0.0,13.79,,9,0.8621,9,16.0,False,Incorrectly Predicted Safe,False,8.421052631578947,5.100526315789473,True,Correctly Predicted Eliminated,True,True,0.5041715695826618,0.25,0.8709209572153734
4,4,9.0,8,Clyde Drexler,15.0,Elena Grinenko,4.92,0.54,99.99,,8,0.0055,8,17.0,True,Incorrectly Predicted Eliminated,False,7.894736842105263,6.407368421052631,False,Correctly Predicted Safe,True,False,0.4399177194634076,0.125,0.9559577677224737
4,5,1.0,1,Apolo Anton Ohno,30.0,Julianne Hough,17.23,0.0,100.0,,2,0.0,1,3.0,False,Correctly Predicted Safe,True,17.045454545454543,17.137727272727272,False,Correctly Predicted Safe,True,False,0.3356885345648283,0.0,0.8277
4,5,2.0,3,Laila Ali,28.0,Maksim Chmerkoskiy,17.23,0.0,100.0,,3,0.0,2,5.0,False,Correctly Predicted Safe,True,15.909090909090908,16.569545454545455,False,Correctly Predicted Safe,True,False,0.415228392328805,0.14285714285714285,0.8277
4,5,3.0,2,Joey Fatone,25.0,Kym Johnson,17.23,0.0,100.0,,1,0.0,3,4.0,False,Correctly Predicted Safe,True,14.204545454545457,15.717272727272729,False,Correctly Predicted Safe,True,False,0.415228392328805,0.14285714285714285,0.8277
4,5,4.0,4,Ian Ziering,24.0,Cheryl Burke,16.79,0.0,100.0,,4,0.0,4,8.0,False,Correctly Predicted Safe,True,13.636363636363637,15.213181818181816,False,Correctly Predicted Safe,True,False,0.3365709890662138,0.0,0.8321000000000001
4,5,5.0,7,Heather Mills,21.0,Jonathan Roberts,5.6,0.0,100.0,,7,0.0,7,12.0,False,Correctly Predicted Safe,True,11.931818181818182,8.76590909090909,False,Correctly Predicted Safe,True,False,0.5561159867646204,0.2857142857142857,0.944
4,5,6.0,6,John Ratzenberger,18.0,Edyta Sliwinska,9.72,0.0,100.0,,6,0.0,6,12.0,False,Correctly Predicted Safe,True,10.227272727272728,9.973636363636365,False,Correctly Predicted Safe,True,False,0.3513647492922916,0.0,0.9028
4,5,7.0,5,Billy Ray Cyrus,17.0,Karina Smirnoff,13.65,0.0,100.0,,5,0.0,5,12.0,False,Correctly Predicted Safe,True,9.659090909090908,11.654545454545454,False,Correctly Predicted Safe,True,False,0.5291616178103337,0.2857142857142857,0.8634999999999999
4,5,8.0,8,Clyde Drexler,13.0,Elena Grinenko,2.56,0.0,17.6,,8,0.824,8,16.0,True,Correctly Predicted Eliminated,True,7.386363636363637,4.973181818181819,True,Correctly Predicted Eliminated,True,True,0.34114204741049736,0.0,0.8545454545454545
4,6,1.0,3,Laila Ali,28.0,Maksim Chmerkoskiy,20.05,0.0,96.45,,3,0.0355,1,4.0,False,Correctly Predicted Safe,False,16.470588235294116,18.260294117647057,False,Correctly Predicted Safe,True,False,0.5424229148108008,0.3333333333333333,0.7921202695697253
4,6,1.0,1,Apolo Anton Ohno,28.0,Julianne Hough,20.05,0.0,96.45,,1,0.0355,2,2.0,False,Correctly Predicted Safe,False,16.470588235294116,18.260294117647057,False,Correctly Predicted Safe,True,False,0.3287156121509225,0.0,0.7921202695697253
4,6,3.0,2,Joey Fatone,27.0,Kym Johnson,20.05,0.0,96.45,,2,0.0355,3,5.0,False,Correctly Predicted Safe,False,15.88235294117647,17.966176470588234,False,Correctly Predicted Safe,True,False,0.42078840939644496,0.16666666666666666,0.7921202695697253
4,6,4.0,4,Ian Ziering,24.0,Cheryl Burke,17.22,0.0,96.45,,4,0.0355,4,8.0,False,Correctly Predicted Safe,False,14.117647058823527,15.668823529411764,False,Correctly Predicted Safe,True,False,0.3344450575601948,0.0,0.8214618973561431
4,6,5.0,7,Heather Mills,23.0,Jonathan Roberts,2.3,0.0,15.03,,7,0.8497,7,12.0,False,Incorrectly Predicted Safe,False,13.529411764705882,7.914705882352941,True,Correctly Predicted Eliminated,True,True,0.5608600005180131,0.3333333333333333,0.8469727212242182
4,6,6.0,5,Billy Ray Cyrus,21.0,Karina Smirnoff,12.56,1.19,97.64,,5,0.0355,5,11.0,False,Correctly Predicted Safe,False,12.352941176470589,12.456470588235296,False,Correctly Predicted Safe,True,False,0.4468358619188728,0.16666666666666666,0.8821150855365474
4,6,7.0,6,John Ratzenberger,19.0,Edyta Sliwinska,7.78,2.36,98.81,,6,0.0355,6,13.0,True,Incorrectly Predicted Eliminated,False,11.176470588235295,9.478235294117647,False,Correctly Predicted Safe,True,False,0.4655603302711933,0.16666666666666666,0.9438050803525142
4,7,1.0,3,Laila Ali,29.5,Maksim Chmerkoskiy,22.54,0.0,97.72,,3,0.0228,2,4.0,False,Correctly Predicted Safe,True,19.093851132686083,20.81692556634304,False,Correctly Predicted Safe,True,False,0.5871483263472391,0.4,0.7693409742120344
4,7,1.0,2,Joey Fatone,29.5,Kym Johnson,23.68,0.0,97.72,,1,0.0228,1,2.0,False,Correctly Predicted Safe,True,19.093851132686083,21.38692556634304,False,Correctly Predicted Safe,True,False,0.43313162847656256,0.2,0.7576749897666804
4,7,3.0,4,Ian Ziering,27.0,Cheryl Burke,16.16,0.0,97.72,,4,0.0228,4,7.0,False,Correctly Predicted Safe,True,17.475728155339805,16.817864077669903,False,Correctly Predicted Safe,True,False,0.45594794484150636,0.2,0.8346295538272616
4,7,3.0,1,Apolo Anton Ohno,27.0,Julianne Hough,23.68,0.0,97.72,,2,0.0228,3,5.0,False,Correctly Predicted Safe,True,17.475728155339805,20.5778640776699,False,Correctly Predicted Safe,True,False,0.5832139950184323,0.4,0.7576749897666804
4,7,5.0,6,John Ratzenberger,22.5,Edyta Sliwinska,3.32,0.0,18.76,,6,0.8124,6,11.0,True,Correctly Predicted Eliminated,True,14.563106796116504,8.941553398058252,True,Correctly Predicted Eliminated,True,True,0.452438735422687,0.2,0.8230277185501067
4,7,6.0,5,Billy Ray Cyrus,19.0,Karina Smirnoff,10.62,2.28,100.0,,5,0.0228,5,11.0,False,Correctly Predicted Safe,True,12.297734627831716,11.458867313915857,False,Correctly Predicted Safe,True,False,0.48075851702379796,0.2,0.914654113794515
4,8,1.0,1,Apolo Anton Ohno,29.0,Julianne Hough,28.98,0.0,100.0,,1,0.0,1,2.0,False,Correctly Predicted Safe,True,23.10756972111553,26.043784860557768,False,Correctly Predicted Safe,True,False,0.31374503141463617,0.0,0.7101999999999999
4,8,2.0,2,Joey Fatone,27.5,Kym Johnson,28.98,0.0,100.0,,2,0.0,2,4.0,False,Correctly Predicted Safe,True,21.91235059760956,25.446175298804786,False,Correctly Predicted Safe,True,False,0.31374503141463617,0.0,0.7101999999999999
4,8,3.0,3,Laila Ali,26.5,Maksim Chmerkoskiy,22.87,0.0,100.0,,3,0.0,3,6.0,False,Correctly Predicted Safe,True,21.115537848605577,21.992768924302787,False,Correctly Predicted Safe,True,False,0.3247687039604087,0.0,0.7713
4,8,4.0,4,Ian Ziering,23.5,Cheryl Burke,13.9,0.0,100.0,,4,0.0,4,8.0,False,Correctly Predicted Safe,True,18.725099601593627,16.312549800796813,False,Correctly Predicted Safe,True,False,0.34247809079710567,0.0,0.861
4,8,5.0,5,Billy Ray Cyrus,19.0,Karina Smirnoff,5.27,0.0,24.85,,5,0.7515,5,10.0,True,Correctly Predicted Eliminated,True,15.139442231075698,10.204721115537849,True,Correctly Predicted Eliminated,True,True,0.32791291795701927,0.0,0.7879275653923541
4,9,1.0,3,Laila Ali,30.0,Maksim Chmerkoskiy,20.64,0.0,100.0,,3,0.0,3,4.0,False,Correctly Predicted Safe,True,25.31645569620253,22.978227848101263,False,Correctly Predicted Safe,True,False,0.7801643209993596,0.6666666666666666,0.7936
4,9,1.0,2,Joey Fatone,30.0,Kym Johnson,35.75,0.0,100.0,,2,0.0,2,3.0,False,Correctly Predicted Safe,True,25.31645569620253,30.533227848101262,False,Correctly Predicted Safe,True,False,0.49318047953532324,0.3333333333333333,0.6425000000000001
4,9,3.0,1,Apolo Anton Ohno,29.5,Julianne Hough,37.75,0.0,100.0,,1,0.0,1,4.0,False,Correctly Predicted Safe,True,24.89451476793249,31.32225738396625,False,Correctly Predicted Safe,True,False,0.7363579798942665,0.6666666666666666,0.6225
4,9,4.0,4,Ian Ziering,29.0,Cheryl Burke,5.86,0.0,25.52,,4,0.7448,4,8.0,True,Correctly Predicted Eliminated,True,24.47257383966245,15.166286919831224,True,Correctly Predicted Eliminated,True,True,0.32459583935312114,0.0,0.7703761755485894
4,10,1.0,1,Apolo Anton Ohno,29.3332,Julianne Hough,54.35,32.7,100.0,,1,0.327,1,2.0,False,Correctly Predicted Safe,True,33.976850076853665,44.16342503842684,False,Correctly Predicted Safe,True,False,0.3083154491203613,0.0,0.6783060921248143
4,10,2.0,2,Joey Fatone,28.6665,Kym Johnson,36.31,0.0,50.38,,2,0.4962,2,4.0,True,Correctly Predicted Eliminated,True,33.204606818489815,34.75730340924491,True,Correctly Predicted Eliminated,True,True,0.2570357305156523,0.0,0.279277491067884
4,10,3.0,3,Laila Ali,28.333200000000005,Maksim Chmerkoskiy,9.34,0.0,33.84,,3,0.6616,3,6.0,True,Correctly Predicted Eliminated,True,32.81854310465651,21.079271552328255,True,Correctly Predicted Eliminated,True,True,0.31616191381457104,0.0,0.7239952718676124
5,1,1.0,7,Sabrina Bryan,26.0,Mark Ballas,9.4,0.0,100.0,,7,0.0,7,8.0,False,Correctly Predicted Safe,True,10.116731517509727,9.758365758754865,False,Correctly Predicted Safe,True,False,0.7365426625469982,0.5454545454545454,0.906
5,1,2.0,1,Helio Castroneves,25.0,Julianne Hough,11.44,0.0,100.0,,2,0.0,1,4.0,False,Correctly Predicted Safe,True,9.72762645914397,10.583813229571984,False,Correctly Predicted Safe,True,False,0.39817188989423696,0.09090909090909091,0.8855999999999999
5,1,3.0,6,Jane Seymour,24.0,Tony Dovolani,11.25,0.0,100.0,,6,0.0,3,9.0,False,Correctly Predicted Safe,True,9.33852140077821,10.294260700389106,False,Correctly Predicted Safe,True,False,0.5270676043332014,0.2727272727272727,0.8875
5,1,3.0,2,Mel B,24.0,Maksim Chmerkoskiy,11.44,0.0,100.0,,4,0.0,2,7.0,False,Correctly Predicted Safe,True,9.33852140077821,10.389260700389103,False,Correctly Predicted Safe,True,False,0.39817188989423696,0.09090909090909091,0.8855999999999999
5,1,5.0,5,Cameron Mathison,21.0,Edyta Sliwinska,11.44,0.0,100.0,,1,0.0,4,6.0,False,Correctly Predicted Safe,True,8.171206225680933,9.805603112840464,False,Correctly Predicted Safe,True,False,0.3476587828450106,0.0,0.8855999999999999
5,1,5.0,4,Jennie Garth,21.0,Derek Hough,11.44,0.0,100.0,,5,0.0,5,10.0,False,Correctly Predicted Safe,True,8.171206225680933,9.805603112840464,False,Correctly Predicted Safe,True,False,0.39817188989423696,0.09090909090909091,0.8855999999999999
5,1,5.0,11,Albert Reed,21.0,Anna Trebunskaya,2.58,0.0,100.0,,11,0.0,11,16.0,False,Correctly Predicted Safe,True,8.171206225680933,5.375603112840467,False,Correctly Predicted Safe,True,False,0.754783549451508,0.5454545454545454,0.9742
5,1,5.0,3,Marie Osmond,21.0,Jonathan Roberts,11.44,0.0,100.0,,3,0.0,6,8.0,False,Correctly Predicted Safe,True,8.171206225680933,9.805603112840464,False,Correctly Predicted Safe,True,False,0.4585478771488592,0.18181818181818182,0.8855999999999999
5,1,5.0,8,Mark Cuban,21.0,Kym Johnson,7.86,0.0,100.0,,8,0.0,8,13.0,False,Correctly Predicted Safe,True,8.171206225680933,8.015603112840466,False,Correctly Predicted Safe,True,False,0.5383624716136972,0.2727272727272727,0.9214
5,1,10.0,10,Wayne Newton,19.0,Cheryl Burke,4.43,0.0,100.0,,10,0.0,10,20.0,False,Correctly Predicted Safe,True,7.392996108949417,5.911498054474708,False,Correctly Predicted Safe,True,False,0.3631958634344138,0.0,0.9557
5,1,11.0,9,Floyd Mayweather Jr. ,18.0,Karina Smirnoff,6.24,0.0,100.0,,9,0.0,9,20.0,False,Correctly Predicted Safe,True,7.003891050583658,6.621945525291829,False,Correctly Predicted Safe,True,False,0.4746274019791162,0.18181818181818182,0.9376
5,1,12.0,12,Josie Maran,16.0,Alec Mazo,1.05,0.0,10.43,,12,0.8957,12,24.0,True,Correctly Predicted Eliminated,True,6.22568093385214,3.63784046692607,True,Correctly Predicted Eliminated,True,True,0.3506112883336898,0.0,0.8993288590604027
5,2,1.0,1,Helio Castroneves,27.0,Julianne Hough,12.52,0.0,96.16,,1,0.0384,1,2.0,False,Correctly Predicted Safe,False,11.344537815126053,11.932268907563024,False,Correctly Predicted Safe,True,False,0.3443152607676341,0.0,0.8698003327787022
5,2,2.0,7,Sabrina Bryan,26.0,Mark Ballas,9.07,0.0,96.16,,7,0.0384,7,9.0,False,Correctly Predicted Safe,False,10.92436974789916,9.99718487394958,False,Correctly Predicted Safe,True,False,0.706140237829824,0.5,0.9056780366056573
5,2,3.0,3,Marie Osmond,24.0,Jonathan Roberts,12.52,0.0,96.16,,2,0.0384,2,5.0,False,Correctly Predicted Safe,False,10.084033613445378,11.302016806722689,False,Correctly Predicted Safe,True,False,0.3443152607676341,0.0,0.8698003327787022
5,2,4.0,2,Mel B,23.0,Maksim Chmerkoskiy,12.52,0.0,96.16,,3,0.0384,3,7.0,False,Correctly Predicted Safe,False,9.663865546218489,11.091932773109244,False,Correctly Predicted Safe,True,False,0.4667264237159276,0.2,0.8698003327787022
5,2,5.0,5,Cameron Mathison,21.0,Edyta Sliwinska,12.52,0.01,96.17,,4,0.0384,4,9.0,False,Correctly Predicted Safe,False,8.823529411764707,10.671764705882351,False,Correctly Predicted Safe,True,False,0.3443370780514305,0.0,0.8699043261231281
5,2,5.0,6,Jane Seymour,21.0,Tony Dovolani,11.42,0.01,96.17,,6,0.0384,6,11.0,False,Correctly Predicted Safe,False,8.823529411764707,10.121764705882352,False,Correctly Predicted Safe,True,False,0.4026539292257605,0.1,0.8813435940099834
5,2,5.0,4,Jennie Garth,21.0,Derek Hough,12.52,0.01,96.17,,5,0.0384,5,10.0,False,Correctly Predicted Safe,False,8.823529411764707,10.671764705882351,False,Correctly Predicted Safe,True,False,0.399623102144528,0.1,0.8699043261231281
5,2,5.0,9,Floyd Mayweather Jr. ,21.0,Karina Smirnoff,5.16,0.01,96.17,,9,0.0384,9,14.0,False,Correctly Predicted Safe,False,8.823529411764707,6.991764705882353,False,Correctly Predicted Safe,True,False,0.6460554828137792,0.4,0.9464434276206323
5,2,5.0,11,Albert Reed,21.0,Anna Trebunskaya,0.92,0.0,9.35,,11,0.9065,11,16.0,False,Incorrectly Predicted Safe,False,8.823529411764707,4.871764705882353,True,Correctly Predicted Eliminated,True,True,0.7686570722835238,0.6,0.9016042780748663
5,2,10.0,8,Mark Cuban,18.0,Kym Johnson,7.4,1.27,97.43,,8,0.0384,8,18.0,False,Correctly Predicted Safe,False,7.563025210084033,7.481512605042017,False,Correctly Predicted Safe,True,False,0.48762011403955036,0.2,0.9362520798668885
5,2,11.0,10,Wayne Newton,15.0,Cheryl Burke,3.45,2.53,98.69,,10,0.0384,10,21.0,True,Incorrectly Predicted Eliminated,False,6.302521008403361,4.876260504201681,False,Correctly Predicted Safe,True,False,0.4329651678203451,0.1,0.990432612312812
5,3,1.0,6,Jane Seymour,27.0,Tony Dovolani,10.98,0.0,100.0,,6,0.0,6,7.0,False,Correctly Predicted Safe,True,11.297071129707112,11.138535564853555,False,Correctly Predicted Safe,True,False,0.7386716829025715,0.5555555555555556,0.8902
5,3,1.0,7,Sabrina Bryan,27.0,Mark Ballas,8.47,0.0,100.0,,7,0.0,7,8.0,False,Correctly Predicted Safe,True,11.297071129707112,9.883535564853556,False,Correctly Predicted Safe,True,False,0.8072146616382012,0.6666666666666666,0.9153
5,3,1.0,2,Mel B,27.0,Maksim Chmerkoskiy,13.79,0.0,100.0,,1,0.0,1,2.0,False,Correctly Predicted Safe,True,11.297071129707112,12.543535564853556,False,Correctly Predicted Safe,True,False,0.4044377578451207,0.1111111111111111,0.8621
5,3,4.0,4,Jennie Garth,26.0,Derek Hough,13.79,0.0,100.0,,2,0.0,2,6.0,False,Correctly Predicted Safe,True,10.87866108786611,12.334330543933056,False,Correctly Predicted Safe,True,False,0.34270674568699633,0.0,0.8621
5,3,4.0,3,Marie Osmond,26.0,Jonathan Roberts,13.79,0.0,100.0,,3,0.0,3,7.0,False,Correctly Predicted Safe,True,10.87866108786611,12.334330543933056,False,Correctly Predicted Safe,True,False,0.4044377578451207,0.1111111111111111,0.8621
5,3,6.0,1,Helio Castroneves,24.0,Julianne Hough,13.79,0.0,100.0,,4,0.0,4,10.0,False,Correctly Predicted Safe,True,10.0418410041841,11.91592050209205,False,Correctly Predicted Safe,True,False,0.7309105307594244,0.5555555555555556,0.8621
5,3,7.0,5,Cameron Mathison,23.0,Edyta Sliwinska,13.72,0.0,100.0,,5,0.0,5,12.0,False,Correctly Predicted Safe,True,9.623430962343097,11.67171548117155,False,Correctly Predicted Safe,True,False,0.4807578018329472,0.2222222222222222,0.8628
5,3,8.0,9,Floyd Mayweather Jr. ,21.0,Karina Smirnoff,3.8,0.0,100.0,,9,0.0,9,17.0,False,Correctly Predicted Safe,True,8.786610878661087,6.293305439330544,False,Correctly Predicted Safe,True,False,0.43224114815782017,0.1111111111111111,0.962
5,3,9.0,8,Mark Cuban,20.0,Kym Johnson,6.37,0.0,100.0,,8,0.0,8,17.0,False,Correctly Predicted Safe,True,8.368200836820083,7.369100418410042,False,Correctly Predicted Safe,True,False,0.42489047824928194,0.1111111111111111,0.9363
5,3,10.0,10,Wayne Newton,18.0,Cheryl Burke,1.47,0.0,12.46,,10,0.8754,10,20.0,True,Correctly Predicted Eliminated,True,7.531380753138076,4.500690376569038,True,Correctly Predicted Eliminated,True,True,0.34689662002259214,0.0,0.8820224719101124
5,4,1.0,7,Sabrina Bryan,30.0,Mark Ballas,7.31,0.0,99.56,,7,0.0044,7,8.0,False,Correctly Predicted Safe,True,12.82051282051282,10.06525641025641,False,Correctly Predicted Safe,True,False,0.8452299205319407,0.75,0.9265769385295299
5,4,2.0,5,Cameron Mathison,27.0,Edyta Sliwinska,13.71,0.0,99.56,,5,0.0044,5,7.0,False,Correctly Predicted Safe,True,11.538461538461538,12.62423076923077,False,Correctly Predicted Safe,True,False,0.5988047046375684,0.375,0.8622940940136601
5,4,2.0,4,Jennie Garth,27.0,Derek Hough,15.5,0.0,99.56,,3,0.0044,1,5.0,False,Correctly Predicted Safe,True,11.538461538461538,13.51923076923077,False,Correctly Predicted Safe,True,False,0.4955530164864457,0.25,0.8443149859381278
5,4,2.0,1,Helio Castroneves,27.0,Julianne Hough,15.5,0.0,99.56,,4,0.0044,2,6.0,False,Correctly Predicted Safe,True,11.538461538461538,13.51923076923077,False,Correctly Predicted Safe,True,False,0.4083752277805427,0.125,0.8443149859381278
5,4,5.0,6,Jane Seymour,26.0,Tony Dovolani,10.68,0.0,99.56,,6,0.0044,6,11.0,False,Correctly Predicted Safe,True,11.11111111111111,10.895555555555555,False,Correctly Predicted Safe,True,False,0.4217389798511525,0.125,0.8927280032141423
5,4,5.0,2,Mel B,26.0,Maksim Chmerkoskiy,15.5,0.0,99.56,,1,0.0044,3,6.0,False,Correctly Predicted Safe,True,11.11111111111111,13.305555555555555,False,Correctly Predicted Safe,True,False,0.5927555215406899,0.375,0.8443149859381278
5,4,5.0,3,Marie Osmond,26.0,Jonathan Roberts,15.5,0.0,99.56,,2,0.0044,4,7.0,False,Correctly Predicted Safe,True,11.11111111111111,13.305555555555555,False,Correctly Predicted Safe,True,False,0.4955530164864457,0.25,0.8443149859381278
5,4,8.0,9,Floyd Mayweather Jr. ,23.0,Karina Smirnoff,1.58,0.0,12.38,,9,0.8762,9,17.0,True,Correctly Predicted Eliminated,True,9.82905982905983,5.704529914529915,True,Correctly Predicted Eliminated,True,True,0.41606030190044946,0.125,0.8723747980613894
5,4,9.0,8,Mark Cuban,22.0,Kym Johnson,4.74,0.44,100.0,,8,0.0044,8,17.0,False,Correctly Predicted Safe,True,9.401709401709402,7.070854700854701,False,Correctly Predicted Safe,True,False,0.4401680842657501,0.125,0.9568099638409
5,5,1.0,2,Mel B,29.0,Maksim Chmerkoskiy,17.54,0.0,99.99,,1,0.0001,1,2.0,False,Correctly Predicted Safe,True,14.57286432160804,16.056432160804018,False,Correctly Predicted Safe,True,False,0.41436824780634895,0.14285714285714285,0.8245824582458245
5,5,2.0,7,Sabrina Bryan,28.0,Mark Ballas,5.33,0.0,99.99,,7,0.0001,7,9.0,False,Correctly Predicted Safe,True,14.07035175879397,9.700175879396983,False,Correctly Predicted Safe,True,False,0.8345472507741953,0.7142857142857143,0.9466946694669467
5,5,3.0,5,Cameron Mathison,26.0,Edyta Sliwinska,13.3,0.0,99.99,,5,0.0001,5,8.0,False,Correctly Predicted Safe,True,13.06532663316583,13.182663316582914,False,Correctly Predicted Safe,True,False,0.530321236965229,0.2857142857142857,0.866986698669867
5,5,3.0,6,Jane Seymour,26.0,Tony Dovolani,9.4,0.0,99.99,,6,0.0001,6,9.0,False,Correctly Predicted Safe,True,13.06532663316583,11.232663316582917,False,Correctly Predicted Safe,True,False,0.6545454835922846,0.42857142857142855,0.905990599059906
5,5,5.0,4,Jennie Garth,25.0,Derek Hough,17.29,0.0,99.99,,4,0.0001,2,9.0,False,Correctly Predicted Safe,True,12.562814070351758,14.926407035175878,False,Correctly Predicted Safe,True,False,0.4150579149449021,0.14285714285714285,0.8270827082708271
5,5,6.0,1,Helio Castroneves,23.0,Julianne Hough,17.54,0.0,99.99,,2,0.0001,3,8.0,False,Correctly Predicted Safe,True,11.55778894472362,14.548894472361807,False,Correctly Predicted Safe,True,False,0.8114100670759787,0.7142857142857143,0.8245824582458245
5,5,7.0,3,Marie Osmond,21.0,Jonathan Roberts,17.54,0.01,100.0,,3,0.0001,4,10.0,False,Correctly Predicted Safe,True,10.552763819095476,14.046381909547735,False,Correctly Predicted Safe,True,False,0.7308042965145443,0.5714285714285714,0.8246824682468247
5,5,7.0,8,Mark Cuban,21.0,Kym Johnson,2.05,0.0,14.44,,8,0.8556,8,15.0,True,Correctly Predicted Eliminated,True,10.552763819095476,6.301381909547738,True,Correctly Predicted Eliminated,True,True,0.4237039806084802,0.14285714285714285,0.8580332409972299
5,6,1.0,2,Mel B,30.0,Maksim Chmerkoskiy,20.2,0.0,97.19,,3,0.0281,1,4.0,False,Correctly Predicted Safe,False,16.666666666666664,18.43333333333333,False,Correctly Predicted Safe,True,False,0.42079946325299167,0.16666666666666666,0.7921596872106184
5,6,2.0,1,Helio Castroneves,28.0,Julianne Hough,20.2,0.0,97.19,,1,0.0281,2,3.0,False,Correctly Predicted Safe,False,15.555555555555555,17.877777777777776,False,Correctly Predicted Safe,True,False,0.42079946325299167,0.16666666666666666,0.7921596872106184
5,6,3.0,4,Jennie Garth,27.0,Derek Hough,17.17,0.0,97.19,,4,0.0281,4,7.0,False,Correctly Predicted Safe,False,15.0,16.085,False,Correctly Predicted Safe,True,False,0.42964196544487315,0.16666666666666666,0.8233357341290256
5,6,4.0,5,Cameron Mathison,25.0,Edyta Sliwinska,12.35,0.01,97.2,,5,0.0281,5,9.0,False,Correctly Predicted Safe,False,13.88888888888889,13.119444444444444,False,Correctly Predicted Safe,True,False,0.4441360626256484,0.16666666666666666,0.873032204959358
5,6,4.0,7,Sabrina Bryan,25.0,Mark Ballas,2.24,0.0,14.67,,7,0.8533,7,11.0,False,Incorrectly Predicted Safe,False,13.88888888888889,8.064444444444444,True,Correctly Predicted Eliminated,True,True,0.6885422704051689,0.5,0.847307430129516
5,6,6.0,3,Marie Osmond,23.0,Jonathan Roberts,20.2,1.12,98.31,,2,0.0281,3,8.0,False,Correctly Predicted Safe,False,12.777777777777777,16.488888888888887,False,Correctly Predicted Safe,True,False,0.675015083598324,0.5,0.803683506533594
5,6,7.0,6,Jane Seymour,22.0,Tony Dovolani,7.63,1.68,98.87,,6,0.0281,6,13.0,True,Incorrectly Predicted Eliminated,False,12.22222222222222,9.92611111111111,False,Correctly Predicted Safe,True,False,0.4640107773761488,0.16666666666666666,0.938779709846692
5,7,1.0,2,Mel B,27.0,Maksim Chmerkoskiy,23.83,0.0,100.0,,2,0.0,1,3.0,False,Correctly Predicted Safe,True,17.307692307692307,20.568846153846152,False,Correctly Predicted Safe,True,False,0.4342972379566512,0.2,0.7617
5,7,2.0,4,Jennie Garth,26.5,Derek Hough,16.38,0.0,100.0,,4,0.0,4,6.0,False,Correctly Predicted Safe,True,16.98717948717949,16.683589743589742,False,Correctly Predicted Safe,True,False,0.6096186503344079,0.4,0.8362
5,7,3.0,1,Helio Castroneves,26.0,Julianne Hough,23.83,0.0,100.0,,1,0.0,2,4.0,False,Correctly Predicted Safe,True,16.666666666666664,20.24833333333333,False,Correctly Predicted Safe,True,False,0.5845716705463405,0.4,0.7617
5,7,3.0,3,Marie Osmond,26.0,Jonathan Roberts,23.26,0.0,100.0,,3,0.0,3,6.0,False,Correctly Predicted Safe,True,16.666666666666664,19.96333333333333,False,Correctly Predicted Safe,True,False,0.32404024608665494,0.0,0.7674
5,7,5.0,5,Cameron Mathison,25.5,Edyta Sliwinska,9.72,0.0,100.0,,5,0.0,5,10.0,False,Correctly Predicted Safe,True,16.346153846153847,13.033076923076925,False,Correctly Predicted Safe,True,False,0.3513647492922916,0.0,0.9028
5,7,6.0,6,Jane Seymour,25.0,Tony Dovolani,2.99,0.0,17.3,,6,0.827,6,12.0,True,Correctly Predicted Eliminated,True,16.025641025641026,9.507820512820512,True,Correctly Predicted Eliminated,True,True,0.3355820654271106,0.0,0.8271676300578035
5,8,1.0,1,Helio Castroneves,28.5,Julianne Hough,29.16,0.0,98.84,,1,0.0116,1,2.0,False,Correctly Predicted Safe,True,21.673003802281368,25.416501901140684,False,Correctly Predicted Safe,True,False,0.31284094430419573,0.0,0.7049777418049372
5,8,2.0,2,Mel B,28.0,Maksim Chmerkoskiy,29.16,0.0,98.84,,2,0.0116,2,4.0,False,Correctly Predicted Safe,True,21.29277566539924,25.22638783269962,False,Correctly Predicted Safe,True,False,0.31284094430419573,0.0,0.7049777418049372
5,8,3.0,5,Cameron Mathison,25.5,Edyta Sliwinska,4.07,0.0,20.6,,5,0.794,5,8.0,True,Correctly Predicted Eliminated,True,19.39163498098859,11.730817490494296,True,Correctly Predicted Eliminated,True,True,0.6746211170890128,0.5,0.8024271844660193
5,8,4.0,4,Jennie Garth,25.0,Derek Hough,13.9,0.39,99.23,,4,0.0116,4,8.0,False,Correctly Predicted Safe,True,19.011406844106464,16.455703422053233,False,Correctly Predicted Safe,True,False,0.34295951651381457,0.0,0.863314447592068
5,8,5.0,3,Marie Osmond,24.5,Jonathan Roberts,23.73,0.77,99.61,,3,0.0116,3,8.0,False,Correctly Predicted Safe,True,18.631178707224336,21.18058935361217,False,Correctly Predicted Safe,True,False,0.6636419578631563,0.5,0.7677053824362606
5,9,1.0,1,Helio Castroneves,30.0,Julianne Hough,37.64,0.0,99.14,,1,0.0086,1,2.0,False,Correctly Predicted Safe,False,25.64102564102564,31.640512820512814,False,Correctly Predicted Safe,True,False,0.2989993620439395,0.0,0.6203348799677224
5,9,1.0,2,Mel B,30.0,Maksim Chmerkoskiy,35.52,0.0,99.14,,2,0.0086,2,3.0,False,Correctly Predicted Safe,False,25.64102564102564,30.580512820512823,False,Correctly Predicted Safe,True,False,0.49292940841290783,0.3333333333333333,0.6417187815210812
5,9,3.0,4,Jennie Garth,29.0,Derek Hough,5.73,0.0,25.21,,4,0.7479,4,7.0,False,Incorrectly Predicted Safe,False,24.786324786324787,15.258162393162394,True,Correctly Predicted Eliminated,True,True,0.5359316456269623,0.3333333333333333,0.7727092423641412
5,9,4.0,3,Marie Osmond,28.0,Jonathan Roberts,21.11,0.86,100.0,,3,0.0086,3,7.0,True,Incorrectly Predicted Eliminated,False,23.93162393162393,22.52081196581197,False,Correctly Predicted Safe,True,False,0.543636830358753,0.3333333333333333,0.7957433931813597
5,10,1.0,2,Mel B,28.3332,Maksim Chmerkoskiy,34.7,0.0,49.78,,2,0.5022,2,3.0,True,Correctly Predicted Eliminated,True,35.71422268889026,35.20711134444513,True,Correctly Predicted Eliminated,True,True,0.5091785872628609,0.5,0.3029329047810365
5,10,2.0,1,Helio Castroneves,27.999900000000004,Julianne Hough,53.97,31.38,100.0,,1,0.3138,1,3.0,False,Correctly Predicted Safe,True,35.29409540280161,44.63204770140081,False,Correctly Predicted Safe,True,False,0.6321937816455055,0.5,0.6707956863888079
5,10,3.0,3,Marie Osmond,23.0,Jonathan Roberts,11.34,0.0,37.66,,3,0.6234,3,6.0,True,Correctly Predicted Eliminated,True,28.99168190830813,20.165840954154064,True,Correctly Predicted Eliminated,True,True,0.31179359933903894,0.0,0.6988847583643123
6,2,3.0,2,Jason Taylor,49.0,Edyta Sliwinska,11.4,0.0,99.39,,5,0.0061,3,8.0,False,Correctly Predicted Safe,True,9.8,10.6,False,Correctly Predicted Safe,True,False,0.3980932501293271,0.09090909090909091,0.8853003320253546
6,2,1.0,1,Kristi Yamaguchi,54.0,Mark Ballas,11.4,0.0,99.39,,2,0.0061,1,3.0,False,Correctly Predicted Safe,True,10.8,11.1,False,Correctly Predicted Safe,True,False,0.3475948266781539,0.0,0.8853003320253546
6,2,2.0,5,Mario,50.0,Karina Smirnoff,11.4,0.0,99.39,,3,0.0061,2,5.0,False,Correctly Predicted Safe,True,10.0,10.7,False,Correctly Predicted Safe,True,False,0.5263375311328438,0.2727272727272727,0.8853003320253546
6,2,4.0,7,Marlee Matlin,46.0,Fabian Sanchez,9.47,0.0,99.39,,7,0.0061,7,11.0,False,Correctly Predicted Safe,True,9.2,9.335,False,Correctly Predicted Safe,True,False,0.5327948853387736,0.2727272727272727,0.9047187845859744
6,2,5.0,6,Shannon Elizabeth,45.0,Derek Hough,11.25,0.0,99.39,,6,0.0061,4,11.0,False,Correctly Predicted Safe,True,9.0,10.125,False,Correctly Predicted Safe,True,False,0.39848950380100057,0.09090909090909091,0.8868095381829157
6,2,5.0,8,Priscilla Presley,45.0,Louis van Amstel,7.74,0.0,99.39,,8,0.0061,8,13.0,False,Correctly Predicted Safe,True,9.0,8.370000000000001,False,Correctly Predicted Safe,True,False,0.5386048262992997,0.2727272727272727,0.9221249622698461
6,2,8.0,4,Marissa Jaret Winokur,39.0,Tony Dovolani,11.4,0.0,99.39,,1,0.0061,6,9.0,False,Correctly Predicted Safe,True,7.8,9.6,False,Correctly Predicted Safe,True,False,0.5976249858548033,0.36363636363636365,0.8853003320253546
6,2,7.0,3,Cristian de la Fuente,41.0,Cheryl Burke,11.4,0.0,99.39,,4,0.0061,5,11.0,False,Correctly Predicted Safe,True,8.200000000000001,9.8,False,Correctly Predicted Safe,True,False,0.5976249858548033,0.36363636363636365,0.8853003320253546
6,2,9.0,9,Adam Carolla,34.0,Julianne Hough,6.24,0.0,99.39,,9,0.0061,9,18.0,False,Correctly Predicted Safe,True,6.800000000000001,6.5200000000000005,False,Correctly Predicted Safe,True,False,0.358987779124548,0.0,0.9372170238454572
6,2,11.0,12,Penn Jillette,33.0,Kym Johnson,1.0,0.0,10.05,,12,0.8995,12,23.0,True,Correctly Predicted Eliminated,True,6.6000000000000005,3.8,True,Correctly Predicted Eliminated,True,True,0.40210647682188017,0.09090909090909091,0.900497512437811
6,2,9.0,10,Steve Guttenberg,34.0,Anna Trebunskaya,4.49,0.0,99.39,,10,0.0061,10,19.0,False,Correctly Predicted Safe,True,6.800000000000001,5.6450000000000005,False,Correctly Predicted Safe,True,False,0.41686527583735317,0.09090909090909091,0.9548244290170037
6,2,12.0,11,Monica Seles,30.0,Jonathan Roberts,2.82,0.61,11.57,,11,0.8904,11,23.0,True,Correctly Predicted Eliminated,True,6.0,4.41,True,Correctly Predicted Eliminated,True,True,0.37613572883805646,0.09090909090909091,0.7983576642335767
6,3,1.0,1,Kristi Yamaguchi,27.0,Mark Ballas,13.83,0.0,99.08,,1,0.0092,1,2.0,False,Correctly Predicted Safe,True,11.842105263157894,12.836052631578948,False,Correctly Predicted Safe,True,False,0.3423567736466525,0.0,0.8604158255954784
6,3,2.0,8,Priscilla Presley,26.0,Louis van Amstel,5.97,0.0,99.08,,8,0.0092,8,10.0,False,Correctly Predicted Safe,True,11.403508771929824,8.686754385964912,False,Correctly Predicted Safe,True,False,0.8122322253147654,0.6666666666666666,0.9397456600726686
6,3,3.0,3,Cristian de la Fuente,25.0,Cheryl Burke,13.83,0.0,99.08,,2,0.0092,2,5.0,False,Correctly Predicted Safe,True,10.964912280701752,12.397456140350876,False,Correctly Predicted Safe,True,False,0.3423567736466525,0.0,0.8604158255954784
6,3,4.0,6,Shannon Elizabeth,24.0,Derek Hough,11.12,0.0,99.08,,6,0.0092,6,10.0,False,Correctly Predicted Safe,True,10.526315789473683,10.82315789473684,False,Correctly Predicted Safe,True,False,0.4886956080692197,0.2222222222222222,0.8877674606378684
6,3,5.0,2,Jason Taylor,23.0,Edyta Sliwinska,13.83,0.0,99.08,,3,0.0092,3,8.0,False,Correctly Predicted Safe,True,10.087719298245611,11.958859649122807,False,Correctly Predicted Safe,True,False,0.5653924440744963,0.3333333333333333,0.8604158255954784
6,3,6.0,10,Steve Guttenberg,21.0,Anna Trebunskaya,1.24,0.0,10.78,,10,0.8922,10,16.0,True,Correctly Predicted Eliminated,True,9.210526315789473,5.225263157894736,True,Correctly Predicted Eliminated,True,True,0.6596924096530179,0.4444444444444444,0.8849721706864564
6,3,6.0,7,Marlee Matlin,21.0,Fabian Sanchez,8.79,0.01,99.09,,7,0.0092,7,13.0,False,Correctly Predicted Safe,True,9.210526315789473,9.000263157894736,False,Correctly Predicted Safe,True,False,0.41789295026621526,0.1111111111111111,0.9113847396043602
6,3,6.0,9,Adam Carolla,21.0,Julianne Hough,3.76,0.01,99.09,,9,0.0092,9,15.0,False,Correctly Predicted Safe,True,9.210526315789473,6.485263157894736,False,Correctly Predicted Safe,True,False,0.5996904599722217,0.3333333333333333,0.9621517965280582
6,3,6.0,5,Mario,21.0,Karina Smirnoff,13.81,0.01,99.09,,5,0.0092,4,11.0,False,Correctly Predicted Safe,True,9.210526315789473,11.510263157894736,False,Correctly Predicted Safe,True,False,0.40406819624000123,0.1111111111111111,0.8607186112232539
6,3,10.0,4,Marissa Jaret Winokur,19.0,Tony Dovolani,13.83,0.89,99.97,,4,0.0092,5,14.0,False,Correctly Predicted Safe,True,8.333333333333332,11.081666666666669,False,Correctly Predicted Safe,True,False,0.797418286732257,0.6666666666666666,0.8693984658861527
6,4,1.0,2,Jason Taylor,29.0,Edyta Sliwinska,15.43,0.0,100.0,,1,0.0,1,2.0,False,Correctly Predicted Safe,True,12.88888888888889,14.159444444444444,False,Correctly Predicted Safe,True,False,0.4087505898753455,0.125,0.8457
6,4,1.0,1,Kristi Yamaguchi,29.0,Mark Ballas,15.43,0.0,100.0,,2,0.0,2,3.0,False,Correctly Predicted Safe,True,12.88888888888889,14.159444444444444,False,Correctly Predicted Safe,True,False,0.33932676623828223,0.0,0.8457
6,4,3.0,6,Shannon Elizabeth,28.0,Derek Hough,10.43,0.0,100.0,,6,0.0,6,9.0,False,Correctly Predicted Safe,True,12.444444444444445,11.43722222222222,False,Correctly Predicted Safe,True,False,0.6100090066901807,0.375,0.8956999999999999
6,4,4.0,3,Cristian de la Fuente,26.0,Cheryl Burke,15.43,0.0,100.0,,3,0.0,3,7.0,False,Correctly Predicted Safe,True,11.555555555555555,13.492777777777778,False,Correctly Predicted Safe,True,False,0.4087505898753455,0.125,0.8457
6,4,5.0,7,Marlee Matlin,24.0,Fabian Sanchez,7.61,0.0,100.0,,7,0.0,7,12.0,False,Correctly Predicted Safe,True,10.666666666666668,9.138333333333334,False,Correctly Predicted Safe,True,False,0.5215575299732718,0.25,0.9238999999999999
6,4,5.0,4,Marissa Jaret Winokur,24.0,Tony Dovolani,15.43,0.0,100.0,,4,0.0,4,9.0,False,Correctly Predicted Safe,True,10.666666666666668,13.048333333333334,False,Correctly Predicted Safe,True,False,0.4087505898753455,0.125,0.8457
6,4,5.0,5,Mario,24.0,Karina Smirnoff,13.79,0.0,100.0,,5,0.0,5,10.0,False,Correctly Predicted Safe,True,10.666666666666668,12.228333333333332,False,Correctly Predicted Safe,True,False,0.34270674568699633,0.0,0.8621
6,4,8.0,8,Priscilla Presley,22.0,Louis van Amstel,4.66,0.0,100.0,,8,0.0,8,16.0,False,Correctly Predicted Safe,True,9.77777777777778,7.218888888888889,False,Correctly Predicted Safe,True,False,0.3626678641808565,0.0,0.9534
6,4,9.0,9,Adam Carolla,19.0,Julianne Hough,1.78,0.0,13.77,,9,0.8623,9,18.0,True,Correctly Predicted Eliminated,True,8.444444444444445,5.112222222222222,True,Correctly Predicted Eliminated,True,True,0.3445111199610218,0.0,0.8707334785766159
6,5,1.0,1,Kristi Yamaguchi,29.0,Mark Ballas,17.43,0.0,100.0,,1,0.0,1,2.0,False,Correctly Predicted Safe,True,14.79591836734694,16.112959183673468,False,Correctly Predicted Safe,True,False,0.33528888995816536,0.0,0.8257
6,5,2.0,2,Jason Taylor,27.0,Edyta Sliwinska,17.43,0.0,100.0,,2,0.0,2,4.0,False,Correctly Predicted Safe,True,13.77551020408163,15.602755102040817,False,Correctly Predicted Safe,True,False,0.33528888995816536,0.0,0.8257
6,5,2.0,5,Mario,27.0,Karina Smirnoff,13.09,0.0,100.0,,5,0.0,5,7.0,False,Correctly Predicted Safe,True,13.77551020408163,13.432755102040815,False,Correctly Predicted Safe,True,False,0.6425752201332379,0.42857142857142855,0.8691
6,5,4.0,4,Marissa Jaret Winokur,24.0,Tony Dovolani,17.24,0.0,100.0,,4,0.0,3,8.0,False,Correctly Predicted Safe,True,12.244897959183673,14.742448979591837,False,Correctly Predicted Safe,True,False,0.33566853050840767,0.0,0.8276
6,5,5.0,3,Cristian de la Fuente,23.0,Cheryl Burke,17.43,0.0,100.0,,3,0.0,4,8.0,False,Correctly Predicted Safe,True,11.73469387755102,14.58234693877551,False,Correctly Predicted Safe,True,False,0.5166515830872408,0.2857142857142857,0.8257
6,5,5.0,6,Shannon Elizabeth,23.0,Derek Hough,9.58,0.0,100.0,,6,0.0,6,11.0,False,Correctly Predicted Safe,True,11.73469387755102,10.657346938775513,False,Correctly Predicted Safe,True,False,0.4369636413305006,0.14285714285714285,0.9042
6,5,7.0,7,Marlee Matlin,22.0,Fabian Sanchez,5.79,0.0,100.0,,7,0.0,7,14.0,False,Correctly Predicted Safe,True,11.224489795918368,8.507244897959184,False,Correctly Predicted Safe,True,False,0.3600917409276588,0.0,0.9421
6,5,8.0,8,Priscilla Presley,21.0,Louis van Amstel,2.01,0.0,14.28,,8,0.8572,8,16.0,True,Correctly Predicted Eliminated,True,10.714285714285714,6.362142857142857,True,Correctly Predicted Eliminated,True,True,0.34211359309972544,0.0,0.8592436974789917
6,6,1.0,1,Kristi Yamaguchi,30.0,Mark Ballas,20.2,0.0,100.0,,1,0.0,1,2.0,False,Correctly Predicted Safe,True,16.666666666666664,18.43333333333333,False,Correctly Predicted Safe,True,False,0.32984800791077906,0.0,0.798
6,6,2.0,5,Mario,28.0,Karina Smirnoff,12.01,0.0,100.0,,5,0.0,5,7.0,False,Correctly Predicted Safe,True,15.555555555555555,13.782777777777778,False,Correctly Predicted Safe,True,False,0.6984430608852801,0.5,0.8799
6,6,3.0,3,Cristian de la Fuente,27.0,Cheryl Burke,20.2,0.0,100.0,,2,0.0,2,5.0,False,Correctly Predicted Safe,True,15.0,17.6,False,Correctly Predicted Safe,True,False,0.32984800791077906,0.0,0.798
6,6,4.0,4,Marissa Jaret Winokur,26.0,Tony Dovolani,17.28,0.0,100.0,,4,0.0,4,8.0,False,Correctly Predicted Safe,True,14.444444444444445,15.862222222222222,False,Correctly Predicted Safe,True,False,0.3355885372611661,0.0,0.8271999999999999
6,6,5.0,6,Shannon Elizabeth,24.0,Derek Hough,7.41,0.0,100.0,,6,0.0,6,11.0,False,Correctly Predicted Safe,True,13.333333333333334,10.371666666666666,False,Correctly Predicted Safe,True,False,0.4600583964579712,0.16666666666666666,0.9259
6,6,5.0,2,Jason Taylor,24.0,Edyta Sliwinska,20.2,0.0,100.0,,3,0.0,3,8.0,False,Correctly Predicted Safe,True,13.333333333333334,16.766666666666666,False,Correctly Predicted Safe,True,False,0.6732309269822685,0.5,0.798
6,6,7.0,7,Marlee Matlin,21.0,Fabian Sanchez,2.69,0.0,16.9,,7,0.831,7,14.0,True,Correctly Predicted Eliminated,True,11.666666666666666,7.178333333333333,True,Correctly Predicted Eliminated,True,True,0.3383347282854159,0.0,0.840828402366864
6,7,1.0,2,Jason Taylor,27.5,Edyta Sliwinska,23.75,0.0,98.36,,1,0.0164,1,2.0,False,Correctly Predicted Safe,True,17.79935275080906,20.77467637540453,False,Correctly Predicted Safe,True,False,0.4333818761648733,0.2,0.7585400569337128
6,7,2.0,1,Kristi Yamaguchi,27.0,Mark Ballas,23.75,0.0,98.36,,2,0.0164,2,4.0,False,Correctly Predicted Safe,True,17.475728155339805,20.612864077669904,False,Correctly Predicted Safe,True,False,0.4333818761648733,0.2,0.7585400569337128
6,7,3.0,4,Marissa Jaret Winokur,26.0,Tony Dovolani,16.36,0.0,98.36,,4,0.0164,4,7.0,False,Correctly Predicted Safe,True,16.828478964401295,16.59423948220065,False,Correctly Predicted Safe,True,False,0.455657490357474,0.2,0.8336722244814966
6,7,4.0,6,Shannon Elizabeth,25.5,Derek Hough,2.87,0.0,16.82,,6,0.8318,6,10.0,True,Correctly Predicted Eliminated,True,16.50485436893204,9.68742718446602,True,Correctly Predicted Eliminated,True,True,0.6073318337702818,0.4,0.8293697978596908
6,7,4.0,5,Mario,25.5,Karina Smirnoff,9.65,0.01,98.37,,5,0.0164,5,9.0,False,Correctly Predicted Safe,True,16.50485436893204,13.07742718446602,False,Correctly Predicted Safe,True,False,0.4767667720255286,0.2,0.9019926799511997
6,7,6.0,3,Cristian de la Fuente,23.0,Cheryl Burke,23.61,1.63,99.99,,3,0.0164,3,9.0,False,Correctly Predicted Safe,True,14.886731391585762,19.24836569579288,False,Correctly Predicted Safe,True,False,0.7359396104715794,0.6,0.7765351769011793
6,8,1.0,3,Cristian de la Fuente,28.5,Cheryl Burke,23.13,0.0,98.48,,3,0.0152,3,4.0,False,Correctly Predicted Safe,False,21.34831460674157,22.239157303370785,False,Correctly Predicted Safe,True,False,0.6628208760536778,0.5,0.7651299756295695
6,8,2.0,1,Kristi Yamaguchi,27.5,Mark Ballas,29.4,0.0,98.48,,2,0.0152,1,4.0,False,Correctly Predicted Safe,False,20.59925093632959,24.999625468164798,False,Correctly Predicted Safe,True,False,0.4509641238016911,0.25,0.7014622258326564
6,8,3.0,5,Mario,26.5,Karina Smirnoff,3.96,0.0,20.14,,5,0.7986,5,8.0,False,Incorrectly Predicted Safe,False,19.850187265917604,11.905093632958804,True,Correctly Predicted Eliminated,True,True,0.6749187899931965,0.5,0.8033763654419066
6,8,4.0,2,Jason Taylor,26.0,Edyta Sliwinska,29.4,0.38,98.87,,1,0.0152,2,5.0,False,Correctly Predicted Safe,False,19.47565543071161,24.437827715355805,False,Correctly Predicted Safe,True,False,0.6435274377893498,0.5,0.705350797035232
6,8,5.0,4,Marissa Jaret Winokur,25.0,Tony Dovolani,14.1,1.13,99.62,,4,0.0152,4,9.0,True,Incorrectly Predicted Eliminated,False,18.726591760299627,16.413295880149814,False,Correctly Predicted Safe,True,False,0.503322674953097,0.25,0.86831150370596
6,9,1.0,1,Kristi Yamaguchi,28.5,Mark Ballas,37.6,0.0,100.0,,1,0.0,1,2.0,False,Correctly Predicted Safe,True,25.90909090909091,31.754545454545458,False,Correctly Predicted Safe,True,False,0.29956764853067763,0.0,0.624
6,9,2.0,3,Cristian de la Fuente,28.0,Cheryl Burke,20.51,0.0,100.0,,3,0.0,3,5.0,False,Correctly Predicted Safe,True,25.454545454545453,22.98227272727273,False,Correctly Predicted Safe,True,False,0.5433541942027431,0.3333333333333333,0.7948999999999999
6,9,3.0,2,Jason Taylor,27.5,Edyta Sliwinska,35.73,0.0,100.0,,2,0.0,2,5.0,False,Correctly Predicted Safe,True,25.0,30.365,False,Correctly Predicted Safe,True,False,0.4932447687311963,0.3333333333333333,0.6427
6,9,4.0,4,Marissa Jaret Winokur,26.0,Tony Dovolani,6.15,0.0,26.36,,4,0.7364,4,8.0,True,Correctly Predicted Eliminated,True,23.63636363636364,14.89318181818182,True,Correctly Predicted Eliminated,True,True,0.32390836140209195,0.0,0.7666919575113809
6,10,1.0,1,Kristi Yamaguchi,30.0,Mark Ballas,53.91,31.17,100.0,,1,0.3117,1,2.0,False,Correctly Predicted Safe,True,35.50295857988166,44.70647928994083,False,Correctly Predicted Safe,True,False,0.3068746909832164,0.0,0.6696208048815924
6,10,2.0,2,Jason Taylor,28.5,Edyta Sliwinska,35.73,0.0,50.88,,2,0.4912,2,4.0,True,Correctly Predicted Eliminated,True,33.72781065088758,34.72890532544379,True,Correctly Predicted Eliminated,True,True,0.2588137843844335,0.0,0.29775943396226423
6,10,3.0,3,Cristian de la Fuente,26.0,Cheryl Burke,10.37,0.0,35.89,,3,0.6411,3,6.0,True,Correctly Predicted Eliminated,True,30.76923076923077,20.569615384615386,True,Correctly Predicted Eliminated,True,True,0.3138947596035536,0.0,0.7110615770409585
7,1,1.0,1,Brooke Burke,24.5,Derek Hough,10.53,0.0,98.57,,1,0.0143,1,2.0,False,Correctly Predicted Safe,True,9.722222222222223,10.126111111111111,False,Correctly Predicted Safe,True,False,0.3492818479647539,0.0,0.8931723648168814
7,1,2.0,8,Toni Braxton,22.5,Alec Mazo,8.08,0.0,98.57,,8,0.0143,7,10.0,False,Correctly Predicted Safe,True,8.928571428571429,8.504285714285714,False,Correctly Predicted Safe,True,False,0.7097842363443889,0.5,0.9180277975043116
7,1,3.0,2,Warren Sapp,21.5,Kym Johnson,10.53,0.0,98.57,,2,0.0143,2,5.0,False,Correctly Predicted Safe,True,8.531746031746032,9.530873015873016,False,Correctly Predicted Safe,True,False,0.3955313210624257,0.08333333333333333,0.8931723648168814
7,1,3.0,3,Lance Bass,21.5,Lacey Schwimmer,10.53,0.0,98.57,,3,0.0143,3,6.0,False,Correctly Predicted Safe,True,8.531746031746032,9.530873015873016,False,Correctly Predicted Safe,True,False,0.3492818479647539,0.0,0.8931723648168814
7,1,5.0,10,Misty May-Treanor,21.0,Maksim Chmerkoskiy,5.14,0.0,98.57,,10,0.0143,10,15.0,False,Correctly Predicted Safe,True,8.333333333333332,6.736666666666666,False,Correctly Predicted Safe,True,False,0.6590731616745065,0.4166666666666667,0.9478543167292279
7,1,6.0,4,Cody Linley,20.5,Julianne Hough,10.53,0.0,98.57,,4,0.0143,4,10.0,False,Correctly Predicted Safe,True,8.134920634920634,9.332460317460315,False,Correctly Predicted Safe,True,False,0.4501429266213997,0.16666666666666666,0.8931723648168814
7,1,7.0,5,Maurice Greene,19.5,Cheryl Burke,10.53,0.0,98.57,,5,0.0143,5,12.0,False,Correctly Predicted Safe,True,7.738095238095238,9.13404761904762,False,Correctly Predicted Safe,True,False,0.4501429266213997,0.16666666666666666,0.8931723648168814
7,1,8.0,12,Ted McGinley,18.5,Inna Brayer,2.23,0.0,8.92,,12,0.9108,12,20.0,True,Correctly Predicted Eliminated,True,7.341269841269842,4.785634920634921,True,Correctly Predicted Eliminated,True,True,0.5283676243356514,0.3333333333333333,0.75
7,1,8.0,6,Susan Lucci,18.5,Tony Dovolani,10.53,0.01,98.58,,6,0.0143,6,14.0,False,Correctly Predicted Safe,True,7.341269841269842,8.935634920634921,False,Correctly Predicted Safe,True,False,0.4501733714655837,0.16666666666666666,0.8932738155625444
7,1,8.0,11,Kim Kardashian,18.5,Mark Ballas,3.74,0.01,98.58,,11,0.0143,11,19.0,False,Correctly Predicted Safe,True,7.341269841269842,5.540634920634921,False,Correctly Predicted Safe,True,False,0.5342649844071088,0.25,0.9621588718677082
7,1,11.0,9,Rocco DiSpirito,17.5,Karina Smirnoff,6.79,0.41,98.98,,9,0.0143,9,20.0,False,Correctly Predicted Safe,True,6.944444444444445,6.867222222222223,False,Correctly Predicted Safe,True,False,0.46293238655253444,0.16666666666666666,0.9352744242670183
7,1,12.0,7,Cloris Leachman,16.0,Corky Ballas,9.86,1.0,99.57,,7,0.0143,8,19.0,False,Correctly Predicted Safe,True,6.349206349206349,8.104603174603174,False,Correctly Predicted Safe,True,False,0.646888130229654,0.4166666666666667,0.9101146393425992
7,1,13.0,13,Jeffrey Ross,12.0,Edyta Sliwinska,1.0,0.0,10.61,,13,0.8939,13,26.0,True,Correctly Predicted Eliminated,True,4.761904761904762,2.880952380952381,True,Correctly Predicted Eliminated,True,True,0.3520071458500559,0.0,0.9057492931196984
7,2,1.0,2,Warren Sapp,24.0,Kym Johnson,12.52,0.0,93.61,,2,0.0639,1,3.0,False,Correctly Predicted Safe,False,10.85972850678733,11.689864253393663,False,Correctly Predicted Safe,True,False,0.39866194928202103,0.1,0.8662536053840402
7,2,1.0,1,Brooke Burke,24.0,Derek Hough,12.52,0.0,93.61,,3,0.0639,2,4.0,False,Correctly Predicted Safe,False,10.85972850678733,11.689864253393663,False,Correctly Predicted Safe,True,False,0.3435726786019751,0.0,0.8662536053840402
7,2,3.0,8,Toni Braxton,23.0,Alec Mazo,7.04,0.0,93.61,,8,0.0639,7,11.0,False,Correctly Predicted Safe,False,10.407239819004523,8.723619909502263,False,Correctly Predicted Safe,True,False,0.7117685589891565,0.5,0.9247943595769683
7,2,4.0,6,Susan Lucci,21.0,Tony Dovolani,11.33,0.01,93.62,,6,0.0639,6,10.0,False,Correctly Predicted Safe,False,9.502262443438914,10.416131221719455,False,Correctly Predicted Safe,True,False,0.4696018406328345,0.2,0.879072748637966
7,2,4.0,4,Cody Linley,21.0,Julianne Hough,12.52,0.01,93.62,,4,0.0639,3,8.0,False,Correctly Predicted Safe,False,9.502262443438914,11.011131221719456,False,Correctly Predicted Safe,True,False,0.34359500225823736,0.0,0.8663604315778228
7,2,4.0,10,Misty May-Treanor,21.0,Maksim Chmerkoskiy,2.98,0.0,9.72,,10,0.9028,10,14.0,False,Incorrectly Predicted Safe,False,9.502262443438914,6.241131221719457,True,Correctly Predicted Eliminated,True,True,0.7123401236885807,0.6,0.6934156378600823
7,2,7.0,3,Lance Bass,20.0,Lacey Schwimmer,12.52,0.46,94.07,,1,0.0639,4,8.0,False,Correctly Predicted Safe,False,9.049773755656108,10.784886877828054,False,Correctly Predicted Safe,True,False,0.6212819068867411,0.4,0.8711676102980451
7,2,8.0,5,Maurice Greene,19.0,Cheryl Burke,12.52,0.91,94.52,,5,0.0639,5,13.0,False,Correctly Predicted Safe,False,8.597285067873303,10.558642533936652,False,Correctly Predicted Safe,True,False,0.5444592846200803,0.3,0.8759747890182673
7,2,9.0,11,Kim Kardashian,17.0,Mark Ballas,1.12,0.0,10.47,,11,0.8953,11,20.0,True,Correctly Predicted Eliminated,False,7.6923076923076925,4.406153846153846,True,Correctly Predicted Eliminated,True,True,0.47395471917121207,0.2,0.8930276981852913
7,2,10.0,9,Rocco DiSpirito,16.0,Karina Smirnoff,5.35,2.27,95.88,,9,0.0639,9,19.0,True,Incorrectly Predicted Eliminated,False,7.239819004524888,6.294909502262444,False,Correctly Predicted Safe,True,False,0.42627361298656574,0.1,0.9670975323149236
7,2,11.0,7,Cloris Leachman,15.0,Corky Ballas,9.58,2.72,96.33,,7,0.0639,8,18.0,False,Correctly Predicted Safe,False,6.787330316742081,8.18366515837104,False,Correctly Predicted Safe,True,False,0.6396159341246743,0.4,0.9267172310650571
7,4,2.0,3,Lance Bass,48.0,Lacey Schwimmer,15.43,0.0,99.99,,2,0.0001,2,4.0,False,Correctly Predicted Safe,True,11.940298507462686,13.685149253731344,False,Correctly Predicted Safe,True,False,0.40874640538015755,0.125,0.8456845684568457
7,4,1.0,1,Brooke Burke,54.0,Derek Hough,15.43,0.0,99.99,,3,0.0001,1,4.0,False,Correctly Predicted Safe,True,13.432835820895525,14.43141791044776,False,Correctly Predicted Safe,True,False,0.3393236151523199,0.0,0.8456845684568457
7,4,4.0,6,Susan Lucci,45.0,Tony Dovolani,10.62,0.0,99.99,,6,0.0001,6,10.0,False,Correctly Predicted Safe,True,11.194029850746269,10.907014925373131,False,Correctly Predicted Safe,True,False,0.5116423127675558,0.25,0.8937893789378938
7,4,5.0,4,Cody Linley,44.0,Julianne Hough,15.43,0.0,99.99,,1,0.0001,4,6.0,False,Correctly Predicted Safe,True,10.945273631840797,13.1876368159204,False,Correctly Predicted Safe,True,False,0.40874640538015755,0.125,0.8456845684568457
7,4,8.0,7,Cloris Leachman,38.0,Corky Ballas,7.8,0.01,100.0,,7,0.0001,7,15.0,False,Correctly Predicted Safe,True,9.45273631840796,8.62636815920398,False,Correctly Predicted Safe,True,False,0.4300822099488907,0.125,0.922092209220922
7,4,3.0,2,Warren Sapp,47.0,Kym Johnson,15.43,0.0,99.99,,4,0.0001,3,7.0,False,Correctly Predicted Safe,True,11.691542288557214,13.560771144278608,False,Correctly Predicted Safe,True,False,0.40874640538015755,0.125,0.8456845684568457
7,4,5.0,8,Toni Braxton,44.0,Alec Mazo,4.48,0.0,99.99,,8,0.0001,8,13.0,False,Correctly Predicted Safe,True,10.945273631840797,7.712636815920399,False,Correctly Predicted Safe,True,False,0.6297959174925511,0.375,0.9551955195519551
7,4,5.0,5,Maurice Greene,44.0,Cheryl Burke,13.74,0.0,99.99,,5,0.0001,5,10.0,False,Correctly Predicted Safe,True,10.945273631840797,12.3426368159204,False,Correctly Predicted Safe,True,False,0.34280791277311845,0.0,0.8625862586258626
7,4,8.0,9,Rocco DiSpirito,38.0,Karina Smirnoff,1.63,0.0,12.76,,9,0.8724,9,17.0,True,Correctly Predicted Eliminated,True,9.45273631840796,5.54136815920398,True,Correctly Predicted Eliminated,True,True,0.41602770318029014,0.125,0.872257053291536
7,5,1.0,1,Brooke Burke,29.0,Derek Hough,17.49,0.0,98.94,,1,0.0106,1,2.0,False,Correctly Predicted Safe,False,14.871794871794872,16.180897435897435,False,Correctly Predicted Safe,True,False,0.33479583984313827,0.0,0.823226197695573
7,5,2.0,4,Cody Linley,28.0,Julianne Hough,16.92,0.0,98.94,,4,0.0106,2,6.0,False,Correctly Predicted Safe,False,14.358974358974358,15.63948717948718,False,Correctly Predicted Safe,True,False,0.5177346705692005,0.2857142857142857,0.8289872650090964
7,5,3.0,5,Maurice Greene,27.0,Cheryl Burke,13.12,0.0,98.94,,5,0.0106,5,8.0,False,Correctly Predicted Safe,False,13.846153846153848,13.483076923076922,False,Correctly Predicted Safe,True,False,0.5304568823373954,0.2857142857142857,0.8673943804325854
7,5,4.0,2,Warren Sapp,25.0,Kym Johnson,17.49,0.0,98.94,,2,0.0106,3,6.0,False,Correctly Predicted Safe,False,12.82051282051282,15.15525641025641,False,Correctly Predicted Safe,True,False,0.515837171453202,0.2857142857142857,0.823226197695573
7,5,5.0,6,Susan Lucci,22.0,Tony Dovolani,9.69,0.01,98.95,,6,0.0106,6,11.0,False,Correctly Predicted Safe,False,11.282051282051285,10.48602564102564,False,Correctly Predicted Safe,True,False,0.436369685412112,0.14285714285714285,0.9021629270264807
7,5,5.0,8,Toni Braxton,22.0,Alec Mazo,1.91,0.0,13.71,,8,0.8629,8,13.0,False,Incorrectly Predicted Safe,False,11.282051282051285,6.5960256410256415,True,Correctly Predicted Eliminated,True,True,0.6398238848748661,0.42857142857142855,0.8606856309263311
7,5,7.0,7,Cloris Leachman,21.0,Corky Ballas,5.89,0.52,99.47,,7,0.0106,7,14.0,True,Incorrectly Predicted Eliminated,False,10.76923076923077,8.329615384615385,False,Correctly Predicted Safe,True,False,0.36091607564926975,0.0,0.9457301667508843
7,5,7.0,3,Lance Bass,21.0,Lacey Schwimmer,17.49,0.52,99.47,,3,0.0106,4,10.0,False,Correctly Predicted Safe,False,10.76923076923077,14.129615384615384,False,Correctly Predicted Safe,True,False,0.731868569498644,0.5714285714285714,0.8284992420414351
7,6,1.0,3,Lance Bass,27.0,Lacey Schwimmer,20.05,0.0,100.0,,1,0.0,1,2.0,False,Correctly Predicted Safe,True,16.875,18.4625,False,Correctly Predicted Safe,True,False,0.5448961680265234,0.3333333333333333,0.7995
7,6,2.0,1,Brooke Burke,26.0,Derek Hough,20.05,0.0,100.0,,2,0.0,2,4.0,False,Correctly Predicted Safe,True,16.25,18.15,False,Correctly Predicted Safe,True,False,0.422863508123863,0.16666666666666666,0.7995
7,6,3.0,2,Warren Sapp,25.0,Kym Johnson,20.05,0.0,100.0,,3,0.0,3,6.0,False,Correctly Predicted Safe,True,15.625,17.8375,False,Correctly Predicted Safe,True,False,0.422863508123863,0.16666666666666666,0.7995
7,6,4.0,6,Susan Lucci,23.0,Tony Dovolani,7.14,0.0,100.0,,6,0.0,6,10.0,False,Correctly Predicted Safe,True,14.374999999999998,10.7575,False,Correctly Predicted Safe,True,False,0.5883967963637897,0.3333333333333333,0.9286
7,6,4.0,4,Cody Linley,23.0,Julianne Hough,17.17,0.0,100.0,,4,0.0,4,8.0,False,Correctly Predicted Safe,True,14.374999999999998,15.7725,False,Correctly Predicted Safe,True,False,0.3358086071636129,0.0,0.8283
7,6,6.0,5,Maurice Greene,21.0,Cheryl Burke,12.41,0.0,100.0,,5,0.0,5,11.0,False,Correctly Predicted Safe,True,13.125,12.7675,False,Correctly Predicted Safe,True,False,0.44498683893193824,0.16666666666666666,0.8759
7,6,7.0,7,Cloris Leachman,15.0,Corky Ballas,3.13,0.0,19.19,,7,0.8081,7,14.0,True,Correctly Predicted Eliminated,True,9.375,6.2525,True,Correctly Predicted Eliminated,True,True,0.33753757830475356,0.0,0.8368942157373632
7,7,1.0,1,Brooke Burke,30.0,Derek Hough,23.79,0.0,96.58,,1,0.0342,1,2.0,False,Correctly Predicted Safe,True,20.40816326530612,22.09908163265306,False,Correctly Predicted Safe,True,False,0.32150387336311054,0.0,0.7536757092565749
7,7,2.0,5,Maurice Greene,25.0,Cheryl Burke,9.55,0.0,96.58,,5,0.0342,5,7.0,False,Correctly Predicted Safe,True,17.006802721088434,13.278401360544215,False,Correctly Predicted Safe,True,False,0.7685367552355595,0.6,0.9011182439428453
7,7,2.0,3,Lance Bass,25.0,Lacey Schwimmer,23.14,0.0,96.58,,3,0.0342,2,5.0,False,Correctly Predicted Safe,True,17.006802721088434,20.073401360544217,False,Correctly Predicted Safe,True,False,0.4339221249769856,0.2,0.7604058811348104
7,7,4.0,6,Susan Lucci,24.0,Tony Dovolani,2.91,0.0,17.0,,6,0.83,6,10.0,True,Correctly Predicted Eliminated,True,16.3265306122449,9.61826530612245,True,Correctly Predicted Eliminated,True,True,0.6071488309234638,0.4,0.8288235294117647
7,7,5.0,4,Cody Linley,22.0,Julianne Hough,16.83,1.37,97.95,,4,0.0342,4,9.0,False,Correctly Predicted Safe,True,14.965986394557824,15.897993197278913,False,Correctly Predicted Safe,True,False,0.4575575874478553,0.2,0.8399254504038103
7,7,6.0,2,Warren Sapp,21.0,Kym Johnson,23.79,2.05,98.63,,2,0.0342,3,8.0,False,Correctly Predicted Safe,True,14.285714285714285,19.037857142857145,False,Correctly Predicted Safe,True,False,0.8394200631798496,0.8,0.7749016359494719
7,8,1.0,1,Brooke Burke,27.5,Derek Hough,29.17,0.0,99.99,,1,0.0001,1,2.0,False,Correctly Predicted Safe,True,21.568627450980397,25.3693137254902,False,Correctly Predicted Safe,True,False,0.3134103584948226,0.0,0.7082708270827083
7,8,2.0,2,Warren Sapp,27.0,Kym Johnson,29.17,0.0,99.99,,2,0.0001,2,4.0,False,Correctly Predicted Safe,True,21.176470588235293,25.17323529411765,False,Correctly Predicted Safe,True,False,0.3134103584948226,0.0,0.7082708270827083
7,8,3.0,3,Lance Bass,25.0,Lacey Schwimmer,23.46,0.0,99.99,,3,0.0001,3,6.0,False,Correctly Predicted Safe,True,19.607843137254903,21.53392156862745,False,Correctly Predicted Safe,True,False,0.3236636412002229,0.0,0.7653765376537653
7,8,4.0,4,Cody Linley,24.0,Julianne Hough,13.96,0.01,100.0,,4,0.0001,4,8.0,False,Correctly Predicted Safe,True,18.823529411764707,16.391764705882352,False,Correctly Predicted Safe,True,False,0.34237135287386217,0.0,0.8604860486048604
7,8,4.0,5,Maurice Greene,24.0,Cheryl Burke,4.23,0.0,21.17,,5,0.7883,5,9.0,True,Correctly Predicted Eliminated,True,18.823529411764707,11.526764705882352,True,Correctly Predicted Eliminated,True,True,0.4814549429101606,0.25,0.8001889466225791
7,9,1.0,3,Lance Bass,28.5,Lacey Schwimmer,19.53,0.0,100.0,,3,0.0,3,4.0,False,Correctly Predicted Safe,True,28.35820895522388,23.94410447761194,False,Correctly Predicted Safe,True,False,0.7827748744740739,0.6666666666666666,0.8047
7,9,2.0,2,Warren Sapp,24.5,Kym Johnson,36.17,0.0,100.0,,2,0.0,2,4.0,False,Correctly Predicted Safe,True,24.37810945273632,30.27405472636816,False,Correctly Predicted Safe,True,False,0.3018113666743176,0.0,0.6383
7,9,2.0,1,Brooke Burke,24.5,Derek Hough,37.82,0.0,100.0,,1,0.0,1,3.0,False,Correctly Predicted Safe,True,24.37810945273632,31.09905472636816,False,Correctly Predicted Safe,True,False,0.48655450877369616,0.3333333333333333,0.6218
7,9,4.0,4,Cody Linley,23.0,Julianne Hough,6.47,0.0,27.11,,4,0.7289,4,8.0,True,Correctly Predicted Eliminated,True,22.885572139303484,14.67778606965174,True,Correctly Predicted Eliminated,True,True,0.32291560207635306,0.0,0.7613426779786057
7,10,1.0,1,Brooke Burke,30.0,Derek Hough,53.97,31.38,99.99,,1,0.3139,1,2.0,False,Correctly Predicted Safe,True,35.294117647058826,44.63205882352941,False,Correctly Predicted Safe,True,False,0.30706072048055655,0.0,0.6707477044162659
7,10,2.0,2,Warren Sapp,27.5,Kym Johnson,36.51,0.01,51.47,,2,0.4854,2,4.0,True,Correctly Predicted Eliminated,True,32.35294117647059,34.43147058823529,True,Correctly Predicted Eliminated,True,True,0.2581298076292007,0.0,0.2907112320248737
7,10,2.0,3,Lance Bass,27.5,Lacey Schwimmer,9.52,0.0,34.3,,3,0.657,3,5.0,True,Correctly Predicted Eliminated,True,32.35294117647059,20.93647058823529,True,Correctly Predicted Eliminated,True,True,0.6490892913287054,0.5,0.7224489795918367
8,2,1.0,2,Gilles Marini,51.0,Cheryl Burke,10.5,0.0,98.0,,1,0.02,1,2.0,False,Correctly Predicted Safe,True,10.039370078740156,10.269685039370078,False,Correctly Predicted Safe,True,False,0.39544931195483907,0.08333333333333333,0.8928571428571429
8,2,2.0,3,Melissa Rycroft,49.0,Tony Dovolani,10.5,0.0,98.0,,2,0.02,2,4.0,False,Correctly Predicted Safe,True,9.645669291338582,10.07283464566929,False,Correctly Predicted Safe,True,False,0.39544931195483907,0.08333333333333333,0.8928571428571429
8,2,3.0,1,Shawn Johnson,47.0,Mark Ballas,10.5,0.0,98.0,,3,0.02,3,6.0,False,Correctly Predicted Safe,True,9.251968503937007,9.875984251968504,False,Correctly Predicted Safe,True,False,0.45004834195362636,0.16666666666666666,0.8928571428571429
8,2,4.0,5,Lil' Kim,44.0,Derek Hough,10.5,0.0,98.0,,6,0.02,4,10.0,False,Correctly Predicted Safe,True,8.661417322834646,9.580708661417322,False,Correctly Predicted Safe,True,False,0.39544931195483907,0.08333333333333333,0.8928571428571429
8,2,6.0,12,Denise Richards,39.0,Maksim Chmerkoskiy,2.19,0.0,98.0,,12,0.02,12,18.0,False,Correctly Predicted Safe,True,7.677165354330709,4.933582677165354,False,Correctly Predicted Safe,True,False,0.7269603123942021,0.5,0.9776530612244898
8,2,7.0,7,Lawrence Taylor,36.0,Edyta Sliwinska,9.76,0.0,98.0,,7,0.02,7,14.0,False,Correctly Predicted Safe,True,7.086614173228346,8.423307086614173,False,Correctly Predicted Safe,True,False,0.35084526554488377,0.0,0.9004081632653061
8,2,11.0,4,Ty Murray,34.0,Chelsie Hightower,10.5,0.21,98.21,,4,0.02,6,15.0,False,Correctly Predicted Safe,True,6.692913385826772,8.596456692913385,False,Correctly Predicted Safe,True,False,0.7571612001640726,0.5833333333333334,0.895
8,2,5.0,6,Chuck Wicks,40.0,Julianne Hough,10.5,0.0,98.0,,5,0.02,5,10.0,False,Correctly Predicted Safe,True,7.874015748031496,9.187007874015748,False,Correctly Predicted Safe,True,False,0.39544931195483907,0.08333333333333333,0.8928571428571429
8,2,10.0,13,Belinda Carlisle,35.0,Jonathan Roberts,0.78,0.0,8.49,,13,0.9151,13,23.0,True,Correctly Predicted Eliminated,True,6.889763779527559,3.83488188976378,True,Correctly Predicted Eliminated,True,True,0.5163532077235669,0.25,0.9081272084805654
8,2,7.0,11,Holly Madison,36.0,Dmitry Chaplin,3.76,0.0,98.0,,11,0.02,11,18.0,False,Correctly Predicted Safe,True,7.086614173228346,5.423307086614173,False,Correctly Predicted Safe,True,False,0.5995160032491571,0.3333333333333333,0.9616326530612245
8,2,7.0,9,David Alan Grier,36.0,Kym Johnson,6.76,0.0,98.0,,9,0.02,9,16.0,False,Correctly Predicted Safe,True,7.086614173228346,6.923307086614173,False,Correctly Predicted Safe,True,False,0.4616263811738151,0.16666666666666666,0.9310204081632654
8,2,13.0,10,Steve Wozniak,30.0,Karina Smirnoff,5.38,0.99,99.0,,10,0.02,10,23.0,False,Correctly Predicted Safe,True,5.905511811023622,5.642755905511811,False,Correctly Predicted Safe,True,False,0.5319485681268634,0.25,0.9552086521783492
8,2,12.0,8,Steve-O,31.0,Lacey Schwimmer,8.36,0.8,98.8,,8,0.02,8,20.0,False,Correctly Predicted Safe,True,6.102362204724409,7.231181102362204,False,Correctly Predicted Safe,True,False,0.5864607154950522,0.3333333333333333,0.9228571428571428
8,3,1.0,2,Gilles Marini,27.0,Cheryl Burke,11.34,0.0,97.22,,5,0.0278,1,6.0,False,Correctly Predicted Safe,True,10.62992125984252,10.98496062992126,False,Correctly Predicted Safe,True,False,0.39758384836565897,0.09090909090909091,0.8833573338819173
8,3,1.0,1,Shawn Johnson,27.0,Mark Ballas,11.34,0.0,97.22,,3,0.0278,2,4.0,False,Correctly Predicted Safe,True,10.62992125984252,10.98496062992126,False,Correctly Predicted Safe,True,False,0.3471806527887572,0.0,0.8833573338819173
8,3,1.0,3,Melissa Rycroft,27.0,Tony Dovolani,11.34,0.0,97.22,,4,0.0278,3,5.0,False,Correctly Predicted Safe,True,10.62992125984252,10.98496062992126,False,Correctly Predicted Safe,True,False,0.4578643978915071,0.18181818181818182,0.8833573338819173
8,3,4.0,5,Lil' Kim,25.0,Derek Hough,11.34,0.0,97.22,,1,0.0278,4,5.0,False,Correctly Predicted Safe,True,9.84251968503937,10.591259842519683,False,Correctly Predicted Safe,True,False,0.39758384836565897,0.09090909090909091,0.8833573338819173
8,3,5.0,9,David Alan Grier,24.0,Kym Johnson,5.91,0.0,97.22,,9,0.0278,8,14.0,False,Correctly Predicted Safe,True,9.448818897637794,7.679409448818897,False,Correctly Predicted Safe,True,False,0.6156862410978328,0.36363636363636365,0.9392100390866077
8,3,6.0,4,Ty Murray,23.0,Chelsie Hightower,11.34,0.0,97.22,,2,0.0278,5,8.0,False,Correctly Predicted Safe,True,9.05511811023622,10.19755905511811,False,Correctly Predicted Safe,True,False,0.4578643978915071,0.18181818181818182,0.8833573338819173
8,3,6.0,6,Chuck Wicks,23.0,Julianne Hough,11.19,0.0,97.22,,6,0.0278,6,12.0,False,Correctly Predicted Safe,True,9.05511811023622,10.12255905511811,False,Correctly Predicted Safe,True,False,0.34750946734729327,0.0,0.8849002262908866
8,3,8.0,7,Lawrence Taylor,20.0,Edyta Sliwinska,9.58,0.0,97.22,,7,0.0278,7,15.0,False,Correctly Predicted Safe,True,7.874015748031496,8.727007874015747,False,Correctly Predicted Safe,True,False,0.40236252934959477,0.09090909090909091,0.9014606048138243
8,3,9.0,11,Holly Madison,17.0,Dmitry Chaplin,2.73,0.0,97.22,,11,0.0278,10,20.0,False,Correctly Predicted Safe,True,6.692913385826772,4.711456692913386,False,Correctly Predicted Safe,True,False,0.48546653541956525,0.18181818181818182,0.9719193581567579
8,3,10.0,12,Denise Richards,16.0,Maksim Chmerkoskiy,1.03,0.0,10.36,,12,0.8964,12,22.0,True,Correctly Predicted Eliminated,True,6.299212598425196,3.6646062992125983,True,Correctly Predicted Eliminated,True,True,0.46313474437120894,0.18181818181818182,0.9005791505791506
8,3,11.0,8,Steve-O,15.0,Lacey Schwimmer,8.06,0.4,97.63,,8,0.0278,9,19.0,False,Correctly Predicted Safe,True,5.905511811023622,6.982755905511811,False,Correctly Predicted Safe,True,False,0.538301544041289,0.2727272727272727,0.9212177311529364
8,3,12.0,10,Steve Wozniak,10.0,Karina Smirnoff,4.79,2.37,99.6,,10,0.0278,11,22.0,False,Correctly Predicted Safe,True,3.937007874015748,4.363503937007874,False,Correctly Predicted Safe,True,False,0.4864828655289197,0.18181818181818182,0.9751105625835648
8,4,1.0,2,Gilles Marini,30.0,Cheryl Burke,12.4,0.0,97.9,,5,0.021,1,6.0,False,Correctly Predicted Safe,True,12.396694214876034,12.398347107438015,False,Correctly Predicted Safe,True,False,0.40053037803593466,0.1,0.8733401430030644
8,4,2.0,3,Melissa Rycroft,29.0,Tony Dovolani,12.4,0.0,97.9,,1,0.021,2,3.0,False,Correctly Predicted Safe,True,11.983471074380166,12.191735537190084,False,Correctly Predicted Safe,True,False,0.40053037803593466,0.1,0.8733401430030644
8,4,3.0,5,Lil' Kim,27.0,Derek Hough,12.4,0.0,97.9,,2,0.021,3,5.0,False,Correctly Predicted Safe,True,11.15702479338843,11.778512396694214,False,Correctly Predicted Safe,True,False,0.4678225195042913,0.2,0.8733401430030644
8,4,4.0,4,Ty Murray,25.0,Chelsie Hightower,12.4,0.0,97.9,,3,0.021,4,7.0,False,Correctly Predicted Safe,True,10.330578512396697,11.365289256198349,False,Correctly Predicted Safe,True,False,0.3450593081632182,0.0,0.8733401430030644
8,4,4.0,1,Shawn Johnson,25.0,Mark Ballas,12.4,0.0,97.9,,4,0.021,5,8.0,False,Correctly Predicted Safe,True,10.330578512396697,11.365289256198349,False,Correctly Predicted Safe,True,False,0.5435761616136703,0.3,0.8733401430030644
8,4,6.0,9,David Alan Grier,22.0,Kym Johnson,5.07,0.0,97.9,,9,0.021,8,15.0,False,Correctly Predicted Safe,True,9.090909090909092,7.080454545454546,False,Correctly Predicted Safe,True,False,0.5687722784543072,0.3,0.9482124616956078
8,4,6.0,6,Chuck Wicks,22.0,Julianne Hough,11.28,0.0,97.9,,6,0.021,6,12.0,False,Correctly Predicted Safe,True,9.090909090909092,10.185454545454546,False,Correctly Predicted Safe,True,False,0.3474839081031751,0.0,0.8847803881511747
8,4,8.0,7,Lawrence Taylor,19.0,Edyta Sliwinska,9.36,0.0,97.9,,7,0.021,7,15.0,False,Correctly Predicted Safe,True,7.851239669421488,8.605619834710744,False,Correctly Predicted Safe,True,False,0.40884792653474256,0.1,0.9043922369765066
8,4,9.0,11,Holly Madison,16.0,Dmitry Chaplin,1.25,0.0,11.55,,11,0.8845,11,20.0,True,Correctly Predicted Eliminated,True,6.6115702479338845,3.9307851239669422,True,Correctly Predicted Eliminated,True,True,0.4735627154865947,0.2,0.8917748917748918
8,4,10.0,8,Steve-O,15.0,Lacey Schwimmer,7.5,0.43,98.34,,8,0.021,9,18.0,False,Correctly Predicted Safe,True,6.198347107438017,6.849173553719009,False,Correctly Predicted Safe,True,False,0.484924326156981,0.2,0.9277908283117149
8,4,11.0,10,Steve Wozniak,12.0,Karina Smirnoff,3.52,1.66,14.37,,10,0.8729,10,21.0,True,Correctly Predicted Eliminated,True,4.958677685950414,4.239338842975207,True,Correctly Predicted Eliminated,True,True,0.3953687566311861,0.1,0.8536585365853658
8,5,1.0,2,Gilles Marini,29.0,Cheryl Burke,15.43,0.0,96.64,,1,0.0336,1,2.0,False,Correctly Predicted Safe,False,13.80952380952381,14.619761904761903,False,Correctly Predicted Safe,True,False,0.40729897075325733,0.125,0.8403352649006622
8,5,2.0,1,Shawn Johnson,26.0,Mark Ballas,15.43,0.0,96.64,,2,0.0336,2,4.0,False,Correctly Predicted Safe,False,12.38095238095238,13.90547619047619,False,Correctly Predicted Safe,True,False,0.40729897075325733,0.125,0.8403352649006622
8,5,2.0,5,Lil' Kim,26.0,Derek Hough,13.52,0.0,96.64,,5,0.0336,4,7.0,False,Correctly Predicted Safe,False,12.38095238095238,12.950476190476191,False,Correctly Predicted Safe,True,False,0.5980668676950898,0.375,0.8600993377483444
8,5,4.0,3,Melissa Rycroft,25.0,Tony Dovolani,15.43,0.0,96.64,,3,0.0336,3,7.0,False,Correctly Predicted Safe,False,11.904761904761903,13.667380952380952,False,Correctly Predicted Safe,True,False,0.40729897075325733,0.125,0.8403352649006622
8,5,5.0,6,Chuck Wicks,23.0,Julianne Hough,10.65,0.0,96.64,,6,0.0336,6,11.0,False,Correctly Predicted Safe,False,10.952380952380953,10.801190476190476,False,Correctly Predicted Safe,True,False,0.4209159383527502,0.125,0.8897971854304636
8,5,6.0,9,David Alan Grier,22.0,Kym Johnson,1.47,0.0,11.74,,9,0.8826,9,15.0,False,Incorrectly Predicted Safe,False,10.476190476190476,5.973095238095239,True,Correctly Predicted Eliminated,True,True,0.6030009160627594,0.375,0.874787052810903
8,5,7.0,4,Ty Murray,21.0,Chelsie Hightower,15.43,0.49,97.12,,4,0.0336,5,11.0,False,Correctly Predicted Safe,False,10.0,12.715,False,Correctly Predicted Safe,True,False,0.5931173843148685,0.375,0.8453896305495188
8,5,8.0,7,Lawrence Taylor,20.0,Edyta Sliwinska,7.79,0.96,97.6,,7,0.0336,7,15.0,False,Correctly Predicted Safe,False,9.523809523809524,8.656904761904762,False,Correctly Predicted Safe,True,False,0.4321640268266821,0.125,0.9293253311258278
8,5,9.0,8,Steve-O,18.0,Lacey Schwimmer,4.85,1.91,98.55,,8,0.0336,8,17.0,True,Incorrectly Predicted Eliminated,False,8.571428571428571,6.710714285714285,False,Correctly Predicted Safe,True,False,0.44393555788169775,0.125,0.9695778145695364
8,6,1.0,5,Lil' Kim,28.0,Derek Hough,12.86,0.0,100.0,,5,0.0,4,6.0,False,Correctly Predicted Safe,True,15.053763440860216,13.956881720430108,False,Correctly Predicted Safe,True,False,0.7436183030989791,0.5714285714285714,0.8714
8,6,2.0,3,Melissa Rycroft,27.0,Tony Dovolani,17.41,0.0,100.0,,2,0.0,1,4.0,False,Correctly Predicted Safe,True,14.516129032258066,15.963064516129034,False,Correctly Predicted Safe,True,False,0.4147315122125519,0.14285714285714285,0.8259
8,6,3.0,2,Gilles Marini,26.0,Cheryl Burke,17.41,0.0,100.0,,3,0.0,2,6.0,False,Correctly Predicted Safe,True,13.978494623655912,15.694247311827956,False,Correctly Predicted Safe,True,False,0.4147315122125519,0.14285714285714285,0.8259
8,6,3.0,1,Shawn Johnson,26.0,Mark Ballas,17.41,0.0,100.0,,4,0.0,3,7.0,False,Correctly Predicted Safe,True,13.978494623655912,15.694247311827956,False,Correctly Predicted Safe,True,False,0.516717450753178,0.2857142857142857,0.8259
8,6,5.0,6,Chuck Wicks,23.0,Julianne Hough,9.45,0.0,100.0,,6,0.0,6,11.0,False,Correctly Predicted Safe,True,12.365591397849462,10.90779569892473,False,Correctly Predicted Safe,True,False,0.4373431059893985,0.14285714285714285,0.9055
8,6,6.0,7,Lawrence Taylor,22.0,Edyta Sliwinska,5.68,0.0,100.0,,7,0.0,7,13.0,False,Correctly Predicted Safe,True,11.827956989247312,8.753978494623656,False,Correctly Predicted Safe,True,False,0.4484868336769721,0.14285714285714285,0.9432
8,6,7.0,4,Ty Murray,18.0,Chelsie Hightower,17.41,0.0,100.0,,1,0.0,5,8.0,False,Correctly Predicted Safe,True,9.67741935483871,13.543709677419354,False,Correctly Predicted Safe,True,False,0.6283763392578796,0.42857142857142855,0.8259
8,6,8.0,8,Steve-O,16.0,Lacey Schwimmer,2.37,0.0,16.39,,8,0.8361,8,16.0,True,Correctly Predicted Eliminated,True,8.60215053763441,5.4860752688172045,True,Correctly Predicted Eliminated,True,True,0.34131830218562753,0.0,0.8553996339231238
8,7,1.0,3,Melissa Rycroft,29.0,Tony Dovolani,20.15,0.0,100.0,,1,0.0,1,2.0,False,Correctly Predicted Safe,True,15.934065934065933,18.042032967032966,False,Correctly Predicted Safe,True,False,0.5445608673199401,0.3333333333333333,0.7985
8,7,2.0,1,Shawn Johnson,28.0,Mark Ballas,20.15,0.0,100.0,,2,0.0,2,4.0,False,Correctly Predicted Safe,True,15.384615384615383,17.767307692307693,False,Correctly Predicted Safe,True,False,0.42258166033954625,0.16666666666666666,0.7985
8,7,3.0,2,Gilles Marini,27.0,Cheryl Burke,20.15,0.0,100.0,,3,0.0,3,6.0,False,Correctly Predicted Safe,True,14.835164835164836,17.49258241758242,False,Correctly Predicted Safe,True,False,0.42258166033954625,0.16666666666666666,0.7985
8,7,3.0,6,Chuck Wicks,27.0,Julianne Hough,7.09,0.0,100.0,,6,0.0,6,9.0,False,Correctly Predicted Safe,True,14.835164835164836,10.962582417582418,False,Correctly Predicted Safe,True,False,0.7130266328850066,0.5,0.9291
8,7,5.0,5,Lil' Kim,26.0,Derek Hough,12.24,0.0,100.0,,5,0.0,5,10.0,False,Correctly Predicted Safe,True,14.285714285714285,13.262857142857143,False,Correctly Predicted Safe,True,False,0.3459585669415123,0.0,0.8775999999999999
8,7,6.0,4,Ty Murray,24.0,Chelsie Hightower,17.5,0.0,100.0,,4,0.0,4,10.0,False,Correctly Predicted Safe,True,13.186813186813188,15.343406593406597,False,Correctly Predicted Safe,True,False,0.5534612322864203,0.3333333333333333,0.825
8,7,7.0,7,Lawrence Taylor,21.0,Edyta Sliwinska,2.71,0.0,17.02,,7,0.8298,7,14.0,True,Correctly Predicted Eliminated,True,11.538461538461538,7.124230769230769,True,Correctly Predicted Eliminated,True,True,0.338323997275937,0.0,0.8407755581668626
8,8,1.0,5,Lil' Kim,28.0,Derek Hough,9.33,0.0,98.39,,5,0.0161,5,6.0,False,Correctly Predicted Safe,True,17.94871794871795,13.639358974358974,False,Correctly Predicted Safe,True,False,0.8597527423912803,0.8,0.9051732899684928
8,8,2.0,2,Gilles Marini,27.5,Cheryl Burke,23.81,0.0,98.39,,1,0.0161,1,3.0,False,Correctly Predicted Safe,True,17.628205128205128,20.719102564102563,False,Correctly Predicted Safe,True,False,0.32229920720210825,0.0,0.758003862181116
8,8,3.0,4,Ty Murray,26.0,Chelsie Hightower,16.44,0.0,98.39,,4,0.0161,4,7.0,False,Correctly Predicted Safe,True,16.666666666666664,16.553333333333335,False,Correctly Predicted Safe,True,False,0.45542629878413177,0.2,0.8329098485618457
8,8,3.0,1,Shawn Johnson,26.0,Mark Ballas,23.81,0.0,98.39,,2,0.0161,2,5.0,False,Correctly Predicted Safe,True,16.666666666666664,20.23833333333333,False,Correctly Predicted Safe,True,False,0.5833249354823825,0.4,0.758003862181116
8,8,5.0,6,Chuck Wicks,25.5,Julianne Hough,2.91,0.0,16.98,,6,0.8302,6,11.0,True,Correctly Predicted Eliminated,True,16.346153846153847,9.628076923076923,True,Correctly Predicted Eliminated,True,True,0.4541278633058109,0.2,0.8286219081272085
8,8,6.0,3,Melissa Rycroft,23.0,Tony Dovolani,23.7,1.61,100.0,,3,0.0161,3,9.0,False,Correctly Predicted Safe,True,14.743589743589745,19.22179487179487,False,Correctly Predicted Safe,True,False,0.735650427840304,0.6,0.7754853135481248
8,9,1.0,3,Melissa Rycroft,28.5,Tony Dovolani,23.0,0.0,97.74,,3,0.0226,3,4.0,False,Correctly Predicted Safe,False,21.34831460674157,22.174157303370784,False,Correctly Predicted Safe,True,False,0.6626779018515909,0.5,0.7646818088807039
8,9,2.0,2,Gilles Marini,28.0,Cheryl Burke,29.24,0.0,97.74,,1,0.0226,1,3.0,False,Correctly Predicted Safe,False,20.973782771535586,25.10689138576779,False,Correctly Predicted Safe,True,False,0.3121286379223782,0.0,0.7008389605074687
8,9,2.0,1,Shawn Johnson,28.0,Mark Ballas,29.24,0.0,97.74,,2,0.0226,2,4.0,False,Correctly Predicted Safe,False,20.973782771535586,25.10689138576779,False,Correctly Predicted Safe,True,False,0.4507768198231494,0.25,0.7008389605074687
8,9,4.0,5,Lil' Kim,26.0,Derek Hough,4.05,0.0,20.52,,5,0.7948,5,9.0,False,Incorrectly Predicted Safe,False,19.47565543071161,11.762827715355806,True,Correctly Predicted Eliminated,True,True,0.48222845500888994,0.25,0.8026315789473684
8,9,5.0,4,Ty Murray,23.0,Chelsie Hightower,14.46,2.26,100.0,,4,0.0226,4,9.0,True,Incorrectly Predicted Eliminated,False,17.228464419475657,15.844232209737829,False,Correctly Predicted Safe,True,False,0.5055584043426002,0.25,0.8751790464497646
8,10,1.0,2,Gilles Marini,30.0,Cheryl Burke,34.87,0.0,100.0,,2,0.0,2,3.0,False,Correctly Predicted Safe,True,27.3972602739726,31.133630136986294,False,Correctly Predicted Safe,True,False,0.4960139301296721,0.3333333333333333,0.6513
8,10,2.0,1,Shawn Johnson,28.0,Mark Ballas,37.65,0.0,100.0,,1,0.0,1,3.0,False,Correctly Predicted Safe,True,25.570776255707763,31.61038812785388,False,Correctly Predicted Safe,True,False,0.48709653771795075,0.3333333333333333,0.6234999999999999
8,10,3.0,3,Melissa Rycroft,27.5,Tony Dovolani,20.67,0.0,100.0,,3,0.0,3,6.0,False,Correctly Predicted Safe,True,25.11415525114155,22.892077625570774,False,Correctly Predicted Safe,True,False,0.32894219053449925,0.0,0.7933
8,10,4.0,4,Ty Murray,24.0,Chelsie Hightower,6.81,0.0,28.07,,4,0.7193,4,8.0,True,Correctly Predicted Eliminated,True,21.91780821917808,14.36390410958904,True,Correctly Predicted Eliminated,True,True,0.32218656162397047,0.0,0.7573922337014607
8,11,1.0,1,Shawn Johnson,30.0,Mark Ballas,54.26,32.39,100.0,,1,0.3239,1,2.0,False,Correctly Predicted Safe,True,34.285714285714285,44.27285714285714,False,Correctly Predicted Safe,True,False,0.3080190392387655,0.0,0.67652714095548
8,11,2.0,2,Gilles Marini,29.0,Cheryl Burke,36.28,0.0,50.57,,2,0.4943,2,4.0,True,Correctly Predicted Eliminated,True,33.14285714285714,34.71142857142857,True,Correctly Predicted Eliminated,True,True,0.25734965385460923,0.0,0.2825786039153648
8,11,3.0,3,Melissa Rycroft,28.5,Tony Dovolani,9.46,0.0,34.09,,3,0.6591,3,6.0,True,Correctly Predicted Eliminated,True,32.57142857142858,21.01571428571429,True,Correctly Predicted Eliminated,True,True,0.31589780508209814,0.0,0.7224992666471106
9,1,1.0,4,Joanna Krupa,33.9999,Derek Hough,8.47,0.0,99.97,,1,0.0003,1,2.0,False,Correctly Predicted Safe,True,8.374392608443776,8.422196304221888,False,Correctly Predicted Safe,True,False,0.48095472708860737,0.2,0.9152745823747124
9,1,2.0,5,Aaron Carter,31.9999,Karina Smirnoff,8.47,0.0,99.97,,2,0.0003,2,4.0,False,Correctly Predicted Safe,True,7.881779829674206,8.175889914837104,False,Correctly Predicted Safe,True,False,0.48095472708860737,0.2,0.9152745823747124
9,1,3.0,2,Mya,30.9999,Dmitry Chaplin,8.47,0.0,99.97,,3,0.0003,3,6.0,False,Correctly Predicted Safe,True,7.63547344028942,8.052736720144711,False,Correctly Predicted Safe,True,False,0.39119513870987155,0.06666666666666667,0.9152745823747124
9,1,4.0,3,Kelly Osbourne,30.9998,Louis van Amstel,8.47,0.0,99.97,,4,0.0003,4,8.0,False,Correctly Predicted Safe,True,7.635448809650482,8.052724404825241,False,Correctly Predicted Safe,True,False,0.39119513870987155,0.06666666666666667,0.9152745823747124
9,1,5.0,1,Donny Osmond,29.9999,Kym Johnson,8.47,0.0,99.97,,7,0.0003,5,12.0,False,Correctly Predicted Safe,True,7.389167050904634,7.929583525452317,False,Correctly Predicted Safe,True,False,0.5316005064551834,0.26666666666666666,0.9152745823747124
9,1,6.0,6,Mark Dacascos,28.9998,Lacey Schwimmer,8.47,0.0,99.97,,5,0.0003,6,11.0,False,Correctly Predicted Safe,True,7.14283603088091,7.806418015440455,False,Correctly Predicted Safe,True,False,0.3540957604827951,0.0,0.9152745823747124
9,1,7.0,10,Natalie Coughlin,26.9998,Alec Mazo,6.42,0.0,99.97,,10,0.0003,10,17.0,False,Correctly Predicted Safe,True,6.6502232521113385,6.535111626055669,False,Correctly Predicted Safe,True,False,0.4874696869762397,0.2,0.9357807342202661
9,1,7.0,8,Louie Vito,26.9998,Chelsie Hightower,8.41,0.0,99.97,,8,0.0003,7,15.0,False,Correctly Predicted Safe,True,6.6502232521113385,7.530111626055669,False,Correctly Predicted Safe,True,False,0.39134907633331883,0.06666666666666667,0.9158747624287287
9,1,9.0,9,Melissa Joan Hart,24.0,Mark Ballas,7.47,0.0,99.97,,9,0.0003,8,18.0,False,Correctly Predicted Safe,True,5.911353345234858,6.690676672617428,False,Correctly Predicted Safe,True,False,0.3563119466491784,0.0,0.9252775832749824
9,1,10.0,12,Debi Mazar,22.0,Maksim Chmerkoskiy,4.53,0.0,99.97,,12,0.0003,12,22.0,False,Correctly Predicted Safe,True,5.418740566465287,4.974370283232643,False,Correctly Predicted Safe,True,False,0.4452864268944161,0.13333333333333333,0.9546864059217766
9,1,10.0,11,Chuck Liddell,22.0,Anna Trebunskaya,5.52,0.0,99.97,,11,0.0003,11,21.0,False,Correctly Predicted Safe,True,5.418740566465287,5.469370283232643,False,Correctly Predicted Safe,True,False,0.3988597053766704,0.06666666666666667,0.9447834350305091
9,1,12.0,14,Kathy Ireland,19.9999,Tony Dovolani,2.57,0.0,99.97,,14,0.0003,14,26.0,False,Correctly Predicted Safe,True,4.926103157056776,3.748051578528388,False,Correctly Predicted Safe,True,False,0.45114685900156054,0.13333333333333333,0.9742922876863059
9,1,12.0,13,Tom DeLay,19.9999,Cheryl Burke,3.57,0.0,99.97,,13,0.0003,13,25.0,False,Correctly Predicted Safe,True,4.926103157056776,4.248051578528388,False,Correctly Predicted Safe,True,False,0.4040326294408526,0.06666666666666667,0.9642892867860358
9,1,14.0,7,Michael Irvin,19.0,Anna Demidova,8.47,0.02,99.99,,6,0.0003,9,20.0,False,Correctly Predicted Safe,True,4.67982139831093,6.574910699155465,False,Correctly Predicted Safe,True,False,0.6855883973902439,0.4666666666666667,0.9154746423927178
9,1,15.0,16,Ashley Hamiliton,18.9999,Edyta Sliwinska,0.6,0.0,7.8,,16,0.922,16,31.0,True,Correctly Predicted Eliminated,True,4.679796767671991,2.639898383835995,True,Correctly Predicted Eliminated,True,True,0.39320267483797317,0.06666666666666667,0.9230769230769231
9,1,15.0,15,Macy Gray,18.9999,Jonathan Roberts,1.6,0.01,8.33,,15,0.9168,15,30.0,True,Correctly Predicted Eliminated,True,4.679796767671991,3.1398983838359955,True,Correctly Predicted Eliminated,True,True,0.3319669541245696,0.0,0.8088942307692307
9,2,1.0,5,Aaron Carter,27.0,Karina Smirnoff,9.73,0.0,99.99,,1,0.0001,1,2.0,False,Correctly Predicted Safe,True,9.183673469387756,9.456836734693878,False,Correctly Predicted Safe,True,False,0.5594745377735062,0.3076923076923077,0.9026902690269026
9,2,1.0,2,Mya,27.0,Dmitry Chaplin,9.73,0.0,99.99,,2,0.0001,2,3.0,False,Correctly Predicted Safe,True,9.183673469387756,9.456836734693878,False,Correctly Predicted Safe,True,False,0.3941193275801982,0.07692307692307693,0.9026902690269026
9,2,3.0,1,Donny Osmond,25.0,Kym Johnson,9.73,0.0,99.99,,3,0.0001,3,6.0,False,Correctly Predicted Safe,True,8.503401360544217,9.116700680272109,False,Correctly Predicted Safe,True,False,0.4440600525003065,0.15384615384615385,0.9026902690269026
9,2,4.0,12,Debi Mazar,21.0,Maksim Chmerkoskiy,3.2,0.0,99.99,,12,0.0001,12,16.0,False,Correctly Predicted Safe,True,7.142857142857142,5.171428571428571,False,Correctly Predicted Safe,True,False,0.7927591709994868,0.6153846153846154,0.967996799679968
9,2,4.0,6,Mark Dacascos,21.0,Lacey Schwimmer,9.73,0.0,99.99,,4,0.0001,4,8.0,False,Correctly Predicted Safe,True,7.142857142857142,8.436428571428571,False,Correctly Predicted Safe,True,False,0.4440600525003065,0.15384615384615385,0.9026902690269026
9,2,4.0,10,Natalie Coughlin,21.0,Alec Mazo,5.79,0.0,99.99,,10,0.0001,10,14.0,False,Correctly Predicted Safe,True,7.142857142857142,6.466428571428571,False,Correctly Predicted Safe,True,False,0.6900861760528678,0.46153846153846156,0.9420942094209421
9,2,7.0,7,Michael Irvin,20.0,Anna Demidova,9.72,0.0,99.99,,7,0.0001,6,14.0,False,Correctly Predicted Safe,True,6.802721088435375,8.261360544217688,False,Correctly Predicted Safe,True,False,0.35136263528877715,0.0,0.9027902790279028
9,2,7.0,4,Joanna Krupa,20.0,Derek Hough,9.73,0.0,99.99,,5,0.0001,5,12.0,False,Correctly Predicted Safe,True,6.802721088435375,8.266360544217687,False,Correctly Predicted Safe,True,False,0.49991690892300344,0.23076923076923078,0.9026902690269026
9,2,9.0,9,Melissa Joan Hart,19.0,Mark Ballas,7.16,0.0,99.99,,9,0.0001,9,18.0,False,Correctly Predicted Safe,True,6.462585034013606,6.811292517006804,False,Correctly Predicted Safe,True,False,0.35700691495418213,0.0,0.9283928392839284
9,2,9.0,11,Chuck Liddell,19.0,Anna Trebunskaya,4.56,0.0,99.99,,11,0.0001,11,20.0,False,Correctly Predicted Safe,True,6.462585034013606,5.511292517006803,False,Correctly Predicted Safe,True,False,0.45962461970018936,0.15384615384615385,0.9543954395439544
9,2,9.0,8,Louie Vito,19.0,Chelsie Hightower,8.46,0.0,99.99,,8,0.0001,8,17.0,False,Correctly Predicted Safe,True,6.462585034013606,7.461292517006804,False,Correctly Predicted Safe,True,False,0.3974267598726866,0.07692307692307693,0.9153915391539154
9,2,9.0,3,Kelly Osbourne,19.0,Louis van Amstel,9.73,0.0,99.99,,6,0.0001,7,15.0,False,Correctly Predicted Safe,True,6.462585034013606,8.096292517006804,False,Correctly Predicted Safe,True,False,0.6779125116353171,0.46153846153846156,0.9026902690269026
9,2,13.0,14,Kathy Ireland,18.0,Tony Dovolani,0.7,0.0,8.15,,14,0.9185,14,27.0,True,Correctly Predicted Eliminated,True,6.122448979591836,3.4112244897959183,True,Correctly Predicted Eliminated,True,True,0.3970915195981526,0.07692307692307693,0.9141104294478528
9,2,13.0,13,Tom DeLay,18.0,Cheryl Burke,2.0,0.01,100.0,,13,0.0001,13,26.0,False,Correctly Predicted Safe,True,6.122448979591836,4.061224489795919,False,Correctly Predicted Safe,True,False,0.36887284116467856,0.0,0.98009800980098
9,3,1.0,2,Mya,27.0,Dmitry Chaplin,10.52,0.0,98.82,,5,0.0118,1,6.0,False,Correctly Predicted Safe,True,10.465116279069768,10.492558139534884,False,Correctly Predicted Safe,True,False,0.39562798779331576,0.08333333333333333,0.8935438170410848
9,3,2.0,10,Natalie Coughlin,26.0,Alec Mazo,4.95,0.0,98.82,,10,0.0118,9,12.0,False,Correctly Predicted Safe,True,10.07751937984496,7.51375968992248,False,Correctly Predicted Safe,True,False,0.8142776828779459,0.6666666666666666,0.9499089253187614
9,3,3.0,4,Joanna Krupa,23.0,Derek Hough,10.52,0.0,98.82,,1,0.0118,2,4.0,False,Correctly Predicted Safe,True,8.914728682170542,9.717364341085272,False,Correctly Predicted Safe,True,False,0.39562798779331576,0.08333333333333333,0.8935438170410848
9,3,4.0,5,Aaron Carter,21.0,Karina Smirnoff,10.52,0.0,98.82,,2,0.0118,3,6.0,False,Correctly Predicted Safe,True,8.13953488372093,9.329767441860463,False,Correctly Predicted Safe,True,False,0.39562798779331576,0.08333333333333333,0.8935438170410848
9,3,4.0,1,Donny Osmond,21.0,Kym Johnson,10.52,0.0,98.82,,3,0.0118,4,7.0,False,Correctly Predicted Safe,True,8.13953488372093,9.329767441860463,False,Correctly Predicted Safe,True,False,0.5115618043957717,0.25,0.8935438170410848
9,3,6.0,8,Louie Vito,20.0,Chelsie Hightower,8.2,0.0,98.82,,8,0.0118,7,14.0,False,Correctly Predicted Safe,True,7.751937984496124,7.975968992248061,False,Correctly Predicted Safe,True,False,0.457349912001859,0.16666666666666666,0.9170208459825946
9,3,6.0,3,Kelly Osbourne,20.0,Louis van Amstel,10.52,0.0,98.82,,4,0.0118,5,10.0,False,Correctly Predicted Safe,True,7.751937984496124,9.135968992248062,False,Correctly Predicted Safe,True,False,0.5115618043957717,0.25,0.8935438170410848
9,3,8.0,9,Melissa Joan Hart,19.0,Mark Ballas,6.74,0.0,98.82,,9,0.0118,10,17.0,False,Correctly Predicted Safe,True,7.3643410852713185,7.052170542635659,False,Correctly Predicted Safe,True,False,0.4057467436909859,0.08333333333333333,0.9317951831613034
9,3,9.0,6,Mark Dacascos,18.0,Lacey Schwimmer,10.52,0.0,98.82,,6,0.0118,6,15.0,False,Correctly Predicted Safe,True,6.976744186046512,8.748372093023256,False,Correctly Predicted Safe,True,False,0.5115618043957717,0.25,0.8935438170410848
9,3,10.0,12,Debi Mazar,17.0,Maksim Chmerkoskiy,2.31,0.0,9.58,,12,0.9042,12,22.0,True,Correctly Predicted Eliminated,True,6.5891472868217065,4.4495736434108535,True,Correctly Predicted Eliminated,True,True,0.4115809902797633,0.16666666666666666,0.7588726513569937
9,3,10.0,11,Chuck Liddell,17.0,Anna Trebunskaya,3.82,0.01,98.83,,11,0.0118,11,21.0,False,Correctly Predicted Safe,True,6.5891472868217065,5.204573643410853,False,Correctly Predicted Safe,True,False,0.4138102902121631,0.08333333333333333,0.9614450516089861
9,3,12.0,13,Tom DeLay,15.0,Cheryl Burke,0.89,0.0,9.55,,13,0.9045,13,25.0,True,Correctly Predicted Eliminated,True,5.813953488372093,3.351976744186046,True,Correctly Predicted Eliminated,True,True,0.3990996200993936,0.08333333333333333,0.9068062827225131
9,3,13.0,7,Michael Irvin,14.0,Anna Demidova,9.95,1.17,99.99,,7,0.0118,8,20.0,False,Correctly Predicted Safe,True,5.426356589147287,7.688178294573642,False,Correctly Predicted Safe,True,False,0.7077588413399216,0.5,0.9111515887472171
9,4,1.0,9,Melissa Joan Hart,28.0,Mark Ballas,4.81,0.0,99.15,,9,0.0085,7,10.0,False,Correctly Predicted Safe,True,11.570247933884298,8.19012396694215,False,Correctly Predicted Safe,True,False,0.8661643264531469,0.8,0.95148764498235
9,4,1.0,2,Mya,28.0,Dmitry Chaplin,12.51,0.0,99.15,,1,0.0085,1,2.0,False,Correctly Predicted Safe,True,11.570247933884298,12.040123966942147,False,Correctly Predicted Safe,True,False,0.4006592923827874,0.1,0.8738275340393343
9,4,3.0,4,Joanna Krupa,26.0,Derek Hough,12.51,0.0,99.15,,4,0.0085,2,7.0,False,Correctly Predicted Safe,True,10.743801652892564,11.62690082644628,False,Correctly Predicted Safe,True,False,0.4006592923827874,0.1,0.8738275340393343
9,4,4.0,10,Natalie Coughlin,24.0,Alec Mazo,2.93,0.0,99.15,,10,0.0085,10,14.0,False,Correctly Predicted Safe,True,9.917355371900827,6.423677685950413,False,Correctly Predicted Safe,True,False,0.7851468632621084,0.6,0.9704488149268785
9,4,4.0,1,Donny Osmond,24.0,Kym Johnson,12.51,0.0,99.15,,2,0.0085,3,6.0,False,Correctly Predicted Safe,True,9.917355371900827,11.213677685950412,False,Correctly Predicted Safe,True,False,0.5437395070149503,0.3,0.8738275340393343
9,4,6.0,3,Kelly Osbourne,23.0,Louis van Amstel,12.51,0.0,99.15,,3,0.0085,4,9.0,False,Correctly Predicted Safe,True,9.50413223140496,11.00706611570248,False,Correctly Predicted Safe,True,False,0.5437395070149503,0.3,0.8738275340393343
9,4,7.0,6,Mark Dacascos,22.0,Lacey Schwimmer,11.38,0.0,99.15,,6,0.0085,5,13.0,False,Correctly Predicted Safe,True,9.090909090909092,10.235454545454546,False,Correctly Predicted Safe,True,False,0.40368870671660506,0.1,0.8852244074634392
9,4,8.0,5,Aaron Carter,18.0,Karina Smirnoff,12.51,0.0,99.15,,5,0.0085,6,13.0,False,Correctly Predicted Safe,True,7.43801652892562,9.97400826446281,False,Correctly Predicted Safe,True,False,0.5437395070149503,0.3,0.8738275340393343
9,4,9.0,11,Chuck Liddell,17.0,Anna Trebunskaya,1.21,0.0,11.15,,11,0.8885,11,20.0,True,Correctly Predicted Eliminated,True,7.024793388429752,4.117396694214876,True,Correctly Predicted Eliminated,True,True,0.4734704223455231,0.2,0.8914798206278027
9,4,10.0,8,Louie Vito,16.0,Chelsie Hightower,7.52,0.42,99.58,,8,0.0085,9,18.0,False,Correctly Predicted Safe,True,6.6115702479338845,7.065785123966942,False,Correctly Predicted Safe,True,False,0.48511762291816624,0.2,0.9283985478015329
9,4,10.0,7,Michael Irvin,16.0,Anna Demidova,9.6,0.42,99.58,,7,0.0085,8,17.0,False,Correctly Predicted Safe,True,6.6115702479338845,8.105785123966943,False,Correctly Predicted Safe,True,False,0.5550239694559811,0.3,0.9074223477208552
9,5,1.0,1,Donny Osmond,29.0,Kym Johnson,13.8,0.0,99.57,,1,0.0043,1,2.0,False,Correctly Predicted Safe,True,11.983471074380166,12.891735537190083,False,Correctly Predicted Safe,True,False,0.3425620446656134,0.0,0.8614040373606507
9,5,2.0,2,Mya,27.0,Dmitry Chaplin,13.8,0.0,99.57,,2,0.0043,2,4.0,False,Correctly Predicted Safe,True,11.15702479338843,12.478512396694216,False,Correctly Predicted Safe,True,False,0.3425620446656134,0.0,0.8614040373606507
9,5,3.0,6,Mark Dacascos,26.0,Lacey Schwimmer,11.06,0.0,99.57,,6,0.0043,6,9.0,False,Correctly Predicted Safe,True,10.743801652892564,10.901900826446282,False,Correctly Predicted Safe,True,False,0.5750112985839073,0.3333333333333333,0.8889223661745506
9,5,4.0,4,Joanna Krupa,24.0,Derek Hough,13.8,0.0,99.57,,4,0.0043,3,8.0,False,Correctly Predicted Safe,True,9.917355371900827,11.858677685950417,False,Correctly Predicted Safe,True,False,0.3425620446656134,0.0,0.8614040373606507
9,5,4.0,5,Aaron Carter,24.0,Karina Smirnoff,13.68,0.0,99.57,,5,0.0043,5,9.0,False,Correctly Predicted Safe,True,9.917355371900827,11.798677685950413,False,Correctly Predicted Safe,True,False,0.40457409439921743,0.1111111111111111,0.8626092196444712
9,5,4.0,3,Kelly Osbourne,24.0,Louis van Amstel,13.8,0.0,99.57,,3,0.0043,4,7.0,False,Correctly Predicted Safe,True,9.917355371900827,11.858677685950417,False,Correctly Predicted Safe,True,False,0.40425151533477227,0.1111111111111111,0.8614040373606507
9,5,7.0,9,Melissa Joan Hart,23.0,Mark Ballas,3.71,0.0,99.57,,9,0.0043,9,16.0,False,Correctly Predicted Safe,True,9.50413223140496,6.60706611570248,False,Correctly Predicted Safe,True,False,0.5129990778765314,0.2222222222222222,0.9627397810585517
9,5,8.0,10,Natalie Coughlin,22.0,Alec Mazo,1.25,0.0,10.9,,10,0.891,10,18.0,True,Correctly Predicted Eliminated,True,9.090909090909092,5.170454545454546,True,Correctly Predicted Eliminated,True,True,0.48791409073357866,0.2222222222222222,0.8853211009174312
9,5,8.0,8,Louie Vito,22.0,Chelsie Hightower,6.27,0.01,99.58,,8,0.0043,8,16.0,False,Correctly Predicted Safe,True,9.090909090909092,7.680454545454546,False,Correctly Predicted Safe,True,False,0.35896807778263495,0.0,0.9371296575273677
9,5,10.0,7,Michael Irvin,21.0,Anna Demidova,8.84,0.42,99.99,,7,0.0043,7,17.0,False,Correctly Predicted Safe,True,8.677685950413224,8.758842975206612,False,Correctly Predicted Safe,True,False,0.5839580724955351,0.3333333333333333,0.9154363764186
9,6,1.0,4,Joanna Krupa,35.9999,Derek Hough,15.43,0.0,99.2,,3,0.008,1,4.0,False,Correctly Predicted Safe,False,13.846163313642238,14.638081656821118,False,Correctly Predicted Safe,True,False,0.5928028873186937,0.375,0.8444556451612903
9,6,2.0,2,Mya,33.0,Dmitry Chaplin,15.43,0.0,99.2,,4,0.008,2,6.0,False,Correctly Predicted Safe,False,12.692351627371018,14.061175813685509,False,Correctly Predicted Safe,True,False,0.33907284841705654,0.0,0.8444556451612903
9,6,3.0,5,Aaron Carter,32.9998,Karina Smirnoff,13.47,0.0,99.2,,5,0.008,4,8.0,False,Correctly Predicted Safe,False,12.692274704027822,13.081137352013911,False,Correctly Predicted Safe,True,False,0.50199114130394,0.25,0.8642137096774194
9,6,4.0,6,Mark Dacascos,32.0,Lacey Schwimmer,10.45,0.0,99.2,,6,0.008,6,10.0,False,Correctly Predicted Safe,False,12.307734911390078,11.37886745569504,False,Correctly Predicted Safe,True,False,0.5119268982614831,0.25,0.8946572580645161
9,6,5.0,1,Donny Osmond,30.9999,Kym Johnson,15.43,0.0,99.2,,2,0.008,3,7.0,False,Correctly Predicted Safe,False,11.92307973373754,13.67653986686877,False,Correctly Predicted Safe,True,False,0.687667350447994,0.5,0.8444556451612903
9,6,6.0,3,Kelly Osbourne,24.9998,Louis van Amstel,15.43,0.0,99.2,,1,0.008,5,7.0,False,Correctly Predicted Safe,False,9.615340976180304,12.522670488090151,False,Correctly Predicted Safe,True,False,0.5928028873186937,0.375,0.8444556451612903
9,6,7.0,8,Louie Vito,24.0,Chelsie Hightower,4.75,0.01,14.61,,8,0.854,8,15.0,False,Incorrectly Predicted Safe,False,9.23080118354256,6.990400591771279,True,Correctly Predicted Eliminated,True,True,0.3658100201768182,0.125,0.6753424657534246
9,6,8.0,9,Melissa Joan Hart,23.9999,Mark Ballas,1.66,0.0,12.97,,9,0.8703,9,17.0,True,Correctly Predicted Eliminated,False,9.230762721870962,5.445381360935481,True,Correctly Predicted Eliminated,True,True,0.41595996036609684,0.125,0.8720123361603701
9,6,9.0,7,Michael Irvin,21.9998,Anna Demidova,7.95,0.79,99.99,,7,0.008,7,16.0,True,Incorrectly Predicted Eliminated,False,8.461490828237482,8.205745414118741,False,Correctly Predicted Safe,True,False,0.5228551605555152,0.25,0.9278225806451613
9,7,1.0,4,Joanna Krupa,27.5,Derek Hough,17.09,0.0,98.85,,4,0.0115,4,5.0,False,Correctly Predicted Safe,True,15.669515669515668,16.379757834757832,False,Correctly Predicted Safe,True,False,0.6823175309477614,0.5,0.8271117855336368
9,7,2.0,5,Aaron Carter,26.5,Karina Smirnoff,12.14,0.0,98.85,,5,0.0115,5,7.0,False,Correctly Predicted Safe,True,15.0997150997151,13.61985754985755,False,Correctly Predicted Safe,True,False,0.6976261855226709,0.5,0.8771876580677794
9,7,3.0,1,Donny Osmond,26.0,Kym Johnson,20.26,0.0,98.85,,1,0.0115,1,4.0,False,Correctly Predicted Safe,True,14.814814814814811,17.537407407407407,False,Correctly Predicted Safe,True,False,0.5434021116583593,0.3333333333333333,0.7950429944360141
9,7,3.0,3,Kelly Osbourne,26.0,Louis van Amstel,20.26,0.0,98.85,,2,0.0115,2,5.0,False,Correctly Predicted Safe,True,14.814814814814811,17.537407407407407,False,Correctly Predicted Safe,True,False,0.32927752732933135,0.0,0.7950429944360141
9,7,5.0,2,Mya,24.5,Dmitry Chaplin,20.26,0.0,98.85,,3,0.0115,3,8.0,False,Correctly Predicted Safe,True,13.96011396011396,17.11005698005698,False,Correctly Predicted Safe,True,False,0.6723007707514285,0.5,0.7950429944360141
9,7,6.0,7,Michael Irvin,23.5,Anna Demidova,2.35,0.0,15.17,,7,0.8483,7,13.0,True,Correctly Predicted Eliminated,True,13.390313390313391,7.870156695156695,True,Correctly Predicted Eliminated,True,True,0.4359274896872823,0.16666666666666666,0.8450889914304549
9,7,7.0,6,Mark Dacascos,21.5,Lacey Schwimmer,7.65,1.15,18.84,,6,0.8231,6,13.0,True,Correctly Predicted Eliminated,True,12.250712250712253,9.950356125356128,True,Correctly Predicted Eliminated,True,True,0.3788110210901283,0.16666666666666666,0.6325607687959299
9,8,1.0,2,Mya,29.5,Dmitry Chaplin,29.27,0.0,99.99,,1,0.0001,1,2.0,False,Correctly Predicted Safe,True,22.519083969465647,25.894541984732825,False,Correctly Predicted Safe,True,False,0.45271302940300073,0.25,0.7072707270727072
9,8,2.0,4,Joanna Krupa,26.0,Derek Hough,13.71,0.0,99.99,,4,0.0001,4,6.0,False,Correctly Predicted Safe,True,19.84732824427481,16.778664122137407,False,Correctly Predicted Safe,True,False,0.6932976192083906,0.5,0.8628862886288629
9,8,3.0,3,Kelly Osbourne,25.5,Louis van Amstel,23.58,0.0,99.99,,3,0.0001,3,6.0,False,Correctly Predicted Safe,True,19.46564885496183,21.522824427480916,False,Correctly Predicted Safe,True,False,0.32344070986226925,0.0,0.7641764176417642
9,8,4.0,5,Aaron Carter,25.0,Karina Smirnoff,4.17,0.0,20.91,,5,0.7909,5,9.0,True,Correctly Predicted Eliminated,True,19.083969465648856,11.626984732824427,True,Correctly Predicted Eliminated,True,True,0.48157678678424737,0.25,0.8005738880918221
9,8,4.0,1,Donny Osmond,25.0,Kym Johnson,29.27,0.01,100.0,,2,0.0001,2,6.0,False,Correctly Predicted Safe,True,19.083969465648856,24.17698473282443,False,Correctly Predicted Safe,True,False,0.8043875894076058,0.75,0.7073707370737075
9,9,1.0,2,Mya,28.9999,Dmitry Chaplin,35.27,0.0,96.85,,2,0.0315,1,3.0,False,Correctly Predicted Safe,True,27.187499707030245,31.22874985351513,False,Correctly Predicted Safe,True,False,0.4910389006185424,0.3333333333333333,0.635828600929272
9,9,2.0,4,Joanna Krupa,27.0,Derek Hough,5.58,0.0,24.68,,4,0.7532,4,6.0,True,Correctly Predicted Eliminated,True,25.312587012017858,15.446293506008928,True,Correctly Predicted Eliminated,True,True,0.775462010807483,0.6666666666666666,0.7739059967585089
9,9,3.0,3,Kelly Osbourne,25.9998,Louis van Amstel,21.14,0.95,97.8,,3,0.0315,3,6.0,False,Correctly Predicted Safe,True,24.374896288705997,22.757448144353,False,Correctly Predicted Safe,True,False,0.32860299653781877,0.0,0.7915332989158492
9,9,4.0,1,Donny Osmond,24.666600000000003,Kym Johnson,38.0,2.2,99.05,,1,0.0315,2,5.0,False,Correctly Predicted Safe,True,23.125016992245914,30.56250849612296,False,Correctly Predicted Safe,True,False,0.8837792454147404,1.0,0.6303562209602478
9,10,1.0,1,Donny Osmond,28.9998,Kym Johnson,54.01,31.55,100.0,,1,0.3155,1,2.0,False,Correctly Predicted Safe,True,35.12776905634048,44.56888452817024,False,Correctly Predicted Safe,True,False,0.30724746295977823,0.0,0.6718772826880935
9,10,2.0,2,Mya,28.3332,Dmitry Chaplin,35.48,0.0,50.4,,2,0.496,2,4.0,True,Correctly Predicted Eliminated,True,34.32030932030932,34.900154660154655,True,Correctly Predicted Eliminated,True,True,0.25864544668960077,0.0,0.2960317460317461
9,10,3.0,3,Kelly Osbourne,25.2222,Louis van Amstel,10.51,0.0,36.1,,3,0.639,3,6.0,True,Correctly Predicted Eliminated,True,30.5519216233502,20.530960811675097,True,Correctly Predicted Eliminated,True,True,0.31351322199481163,0.0,0.7088642659279778
10,2,1.0,1,Nicole Scherzinger,53.0,Derek Hough,12.49,0.0,93.67,,1,0.0633,1,2.0,False,Correctly Predicted Safe,False,12.354312354312354,12.422156177156175,False,Correctly Predicted Safe,True,False,0.3436575235423297,0.0,0.8666595494822249
10,2,2.0,2,Evan Lysacek,47.0,Anna Trebunskaya,12.49,0.0,93.67,,2,0.0633,2,4.0,False,Correctly Predicted Safe,False,10.955710955710956,11.72285547785548,False,Correctly Predicted Safe,True,False,0.3436575235423297,0.0,0.8666595494822249
10,2,3.0,3,Erin Andrews,44.0,Maksim Chmerkoskiy,12.49,0.0,93.67,,5,0.0633,3,8.0,False,Correctly Predicted Safe,False,10.256410256410255,11.373205128205129,False,Correctly Predicted Safe,True,False,0.3436575235423297,0.0,0.8666595494822249
10,2,4.0,6,Pamela Anderson,43.0,Damian Whitewood,11.24,0.0,93.67,,6,0.0633,5,10.0,False,Correctly Predicted Safe,False,10.023310023310025,10.631655011655011,False,Correctly Predicted Safe,True,False,0.46989146202555354,0.2,0.8800042703106651
10,2,6.0,5,Niecy Nash,39.0,Louis van Amstel,12.49,0.0,93.67,,3,0.0633,4,9.0,False,Correctly Predicted Safe,False,9.090909090909092,10.790454545454546,False,Correctly Predicted Safe,True,False,0.39876867884505557,0.1,0.8666595494822249
10,2,7.0,11,Shannen Doherty,38.0,Mark Ballas,0.79,0.0,9.31,,11,0.9069,11,18.0,False,Incorrectly Predicted Safe,False,8.857808857808857,4.823904428904429,True,Correctly Predicted Eliminated,True,True,0.6358195920829903,0.4,0.9151450053705693
10,2,5.0,7,Jake Pavelka,40.0,Chelsie Hightower,9.25,0.0,93.67,,7,0.0633,7,12.0,False,Correctly Predicted Safe,False,9.324009324009324,9.287004662004662,False,Correctly Predicted Safe,True,False,0.47653306496648545,0.2,0.901249065869542
10,2,8.0,9,Aiden Turner,34.0,Edyta Sliwinska,5.26,0.94,94.61,,9,0.0633,9,17.0,False,Correctly Predicted Safe,False,7.925407925407925,6.592703962703963,False,Correctly Predicted Safe,True,False,0.42253238330887827,0.1,0.9538806448169104
10,2,8.0,4,Chad Ochocinco,34.0,Cheryl Burke,12.49,0.94,94.61,,4,0.0633,6,12.0,False,Correctly Predicted Safe,False,7.925407925407925,10.207703962703963,False,Correctly Predicted Safe,True,False,0.6231177699873561,0.4,0.8766947795452119
10,2,10.0,8,Kate Gosselin,31.0,Tony Dovolani,7.43,1.64,95.31,,8,0.0633,8,18.0,False,Correctly Predicted Safe,False,7.226107226107226,7.328053613053613,False,Correctly Predicted Safe,True,False,0.4882380239038799,0.2,0.9381872531226647
10,2,11.0,10,Buzz Aldrin,26.0,Ashly DelGrosso,3.59,2.81,96.47,,10,0.0633,10,21.0,True,Incorrectly Predicted Eliminated,False,6.0606060606060606,4.82530303030303,False,Correctly Predicted Safe,True,False,0.43332360607308895,0.1,0.9916720051249199
10,3,1.0,2,Evan Lysacek,26.0,Anna Trebunskaya,13.75,0.0,100.0,,2,0.0,1,3.0,False,Correctly Predicted Safe,True,12.807881773399016,13.278940886699507,False,Correctly Predicted Safe,True,False,0.40454484755602627,0.1111111111111111,0.8625
10,3,2.0,1,Nicole Scherzinger,23.0,Derek Hough,13.75,0.0,100.0,,1,0.0,2,3.0,False,Correctly Predicted Safe,True,11.330049261083744,12.540024630541872,False,Correctly Predicted Safe,True,False,0.40454484755602627,0.1111111111111111,0.8625
10,3,2.0,3,Erin Andrews,23.0,Maksim Chmerkoskiy,13.75,0.0,100.0,,3,0.0,3,5.0,False,Correctly Predicted Safe,True,11.330049261083744,12.540024630541872,False,Correctly Predicted Safe,True,False,0.40454484755602627,0.1111111111111111,0.8625
10,3,4.0,5,Niecy Nash,21.0,Louis van Amstel,13.58,0.0,100.0,,5,0.0,4,9.0,False,Correctly Predicted Safe,True,10.344827586206897,11.962413793103448,False,Correctly Predicted Safe,True,False,0.4050003697640022,0.1111111111111111,0.8642
10,3,4.0,6,Pamela Anderson,21.0,Damian Whitewood,11.08,0.0,100.0,,6,0.0,6,10.0,False,Correctly Predicted Safe,True,10.344827586206897,10.712413793103448,False,Correctly Predicted Safe,True,False,0.4891536172837708,0.2222222222222222,0.8892
10,3,4.0,7,Jake Pavelka,21.0,Chelsie Hightower,8.58,0.0,100.0,,7,0.0,7,11.0,False,Correctly Predicted Safe,True,10.344827586206897,9.462413793103448,False,Correctly Predicted Safe,True,False,0.5835410226580342,0.3333333333333333,0.9142
10,3,7.0,9,Aiden Turner,20.0,Edyta Sliwinska,3.65,0.0,100.0,,9,0.0,9,16.0,False,Correctly Predicted Safe,True,9.852216748768472,6.751108374384237,False,Correctly Predicted Safe,True,False,0.5132486662798383,0.2222222222222222,0.9635
10,3,7.0,4,Chad Ochocinco,20.0,Cheryl Burke,13.75,0.0,100.0,,4,0.0,5,11.0,False,Correctly Predicted Safe,True,9.852216748768472,11.801108374384237,False,Correctly Predicted Safe,True,False,0.5660954241828103,0.3333333333333333,0.8625
10,3,9.0,8,Kate Gosselin,15.0,Tony Dovolani,6.49,0.0,100.0,,8,0.0,8,17.0,False,Correctly Predicted Safe,True,7.389162561576355,6.939581280788177,False,Correctly Predicted Safe,True,False,0.424550520011985,0.1111111111111111,0.9351
10,3,10.0,10,Buzz Aldrin,13.0,Ashly DelGrosso,1.62,0.0,13.59,,10,0.8641,10,20.0,True,Correctly Predicted Eliminated,True,6.403940886699508,4.011970443349754,True,Correctly Predicted Eliminated,True,True,0.34663574060749436,0.0,0.8807947019867549
10,4,1.0,2,Evan Lysacek,26.0,Anna Trebunskaya,15.39,0.0,99.72,,1,0.0028,1,2.0,False,Correctly Predicted Safe,True,14.016172506738544,14.703086253369271,False,Correctly Predicted Safe,True,False,0.4087418774100927,0.125,0.8456678700361011
10,4,2.0,1,Nicole Scherzinger,25.0,Derek Hough,15.39,0.0,99.72,,2,0.0028,2,4.0,False,Correctly Predicted Safe,True,13.477088948787062,14.433544474393532,False,Correctly Predicted Safe,True,False,0.4087418774100927,0.125,0.8456678700361011
10,4,3.0,6,Pamela Anderson,23.5,Damian Whitewood,10.36,0.0,99.72,,6,0.0028,6,9.0,False,Correctly Predicted Safe,True,12.668463611859837,11.514231805929915,False,Correctly Predicted Safe,True,False,0.6101458716948682,0.375,0.8961091054953871
10,4,4.0,4,Chad Ochocinco,22.0,Cheryl Burke,15.39,0.0,99.72,,4,0.0028,3,8.0,False,Correctly Predicted Safe,True,11.859838274932615,13.624919137466309,False,Correctly Predicted Safe,True,False,0.3393202054348062,0.0,0.8456678700361011
10,4,5.0,3,Erin Andrews,19.5,Maksim Chmerkoskiy,15.39,0.0,99.72,,3,0.0028,4,8.0,False,Correctly Predicted Safe,True,10.512129380053908,12.951064690026952,False,Correctly Predicted Safe,True,False,0.49598923318305915,0.25,0.8456678700361011
10,4,6.0,7,Jake Pavelka,19.0,Chelsie Hightower,7.66,0.0,99.72,,7,0.0028,7,13.0,False,Correctly Predicted Safe,True,10.242587601078167,8.951293800539084,False,Correctly Predicted Safe,True,False,0.4303960426857667,0.125,0.9231849177697553
10,4,7.0,5,Niecy Nash,18.0,Louis van Amstel,13.9,0.0,99.72,,5,0.0028,5,12.0,False,Correctly Predicted Safe,True,9.703504043126683,11.801752021563342,False,Correctly Predicted Safe,True,False,0.5008216380394908,0.25,0.8606097071801043
10,4,8.0,9,Aiden Turner,16.5,Edyta Sliwinska,1.71,0.0,13.32,,9,0.8668,9,17.0,True,Correctly Predicted Eliminated,True,8.89487870619946,5.3024393530997305,True,Correctly Predicted Eliminated,True,True,0.4158518286511296,0.125,0.8716216216216216
10,4,9.0,8,Kate Gosselin,16.0,Tony Dovolani,4.83,0.28,100.0,,8,0.0028,8,17.0,False,Correctly Predicted Safe,True,8.62533692722372,6.72766846361186,False,Correctly Predicted Safe,True,False,0.43945227963427574,0.125,0.9543722422783795
10,5,1.0,1,Nicole Scherzinger,29.0,Derek Hough,17.31,0.0,100.0,,2,0.0,1,3.0,False,Correctly Predicted Safe,True,16.76300578034682,17.03650289017341,False,Correctly Predicted Safe,True,False,0.3355285664510803,0.0,0.8269
10,5,2.0,2,Evan Lysacek,27.0,Anna Trebunskaya,17.31,0.0,100.0,,3,0.0,2,5.0,False,Correctly Predicted Safe,True,15.606936416184972,16.458468208092484,False,Correctly Predicted Safe,True,False,0.3355285664510803,0.0,0.8269
10,5,3.0,7,Jake Pavelka,23.0,Chelsie Hightower,5.39,0.0,100.0,,7,0.0,7,10.0,False,Correctly Predicted Safe,True,13.294797687861273,9.342398843930637,False,Correctly Predicted Safe,True,False,0.7631135384909247,0.5714285714285714,0.9461
10,5,4.0,3,Erin Andrews,22.0,Maksim Chmerkoskiy,17.31,0.0,100.0,,4,0.0,3,8.0,False,Correctly Predicted Safe,True,12.716763005780344,15.013381502890171,False,Correctly Predicted Safe,True,False,0.4150074719127616,0.14285714285714285,0.8269
10,5,5.0,6,Pamela Anderson,21.0,Damian Whitewood,9.44,0.0,100.0,,6,0.0,6,11.0,False,Correctly Predicted Safe,True,12.13872832369942,10.789364161849711,False,Correctly Predicted Safe,True,False,0.4373723090932093,0.14285714285714285,0.9056
10,5,6.0,5,Niecy Nash,18.0,Louis van Amstel,13.59,0.0,100.0,,5,0.0,5,11.0,False,Correctly Predicted Safe,True,10.404624277456648,11.997312138728324,False,Correctly Predicted Safe,True,False,0.42542198876421244,0.14285714285714285,0.8641
10,5,6.0,4,Chad Ochocinco,18.0,Cheryl Burke,17.31,0.0,100.0,,1,0.0,4,7.0,False,Correctly Predicted Safe,True,10.404624277456648,13.857312138728323,False,Correctly Predicted Safe,True,False,0.5170468442858771,0.2857142857142857,0.8269
10,5,8.0,8,Kate Gosselin,15.0,Tony Dovolani,2.35,0.0,16.32,,8,0.8368,8,16.0,True,Correctly Predicted Eliminated,True,8.670520231213873,5.510260115606936,True,Correctly Predicted Eliminated,True,True,0.3414432978769675,0.0,0.8560049019607843
10,6,1.0,1,Nicole Scherzinger,35.9999,Derek Hough,20.14,0.0,100.0,,1,0.0,1,2.0,False,Correctly Predicted Safe,True,17.224890226905064,18.68244511345253,False,Correctly Predicted Safe,True,False,0.32996400556998207,0.0,0.7986
10,6,2.0,3,Erin Andrews,34.0,Maksim Chmerkoskiy,20.14,0.0,100.0,,2,0.0,2,4.0,False,Correctly Predicted Safe,True,16.267997069846647,18.20399853492332,False,Correctly Predicted Safe,True,False,0.42260983584607803,0.16666666666666666,0.7986
10,6,3.0,4,Chad Ochocinco,30.9999,Cheryl Burke,17.16,0.0,100.0,,4,0.0,4,7.0,False,Correctly Predicted Safe,True,14.832537716633505,15.996268858316752,False,Correctly Predicted Safe,True,False,0.43109690918532634,0.16666666666666666,0.8284
10,6,4.0,6,Pamela Anderson,29.9998,Damian Whitewood,7.18,0.0,100.0,,6,0.0,6,10.0,False,Correctly Predicted Safe,True,14.354019367528984,10.767009683764492,False,Correctly Predicted Safe,True,False,0.5882619669307698,0.3333333333333333,0.9282
10,6,5.0,2,Evan Lysacek,27.0,Anna Trebunskaya,20.14,0.0,100.0,,3,0.0,3,8.0,False,Correctly Predicted Safe,True,12.918703555466454,16.529351777733226,False,Correctly Predicted Safe,True,False,0.6734195052754384,0.5,0.7986
10,6,6.0,5,Niecy Nash,25.9998,Louis van Amstel,12.6,0.0,100.0,,5,0.0,5,11.0,False,Correctly Predicted Safe,True,12.44013735931173,12.520068679655864,False,Correctly Predicted Safe,True,False,0.44442300336162516,0.16666666666666666,0.874
10,6,7.0,7,Jake Pavelka,24.9999,Chelsie Hightower,2.63,0.0,16.6,,7,0.834,7,14.0,True,Correctly Predicted Eliminated,True,11.961714704307624,7.295857352153812,True,Correctly Predicted Eliminated,True,True,0.3384846324947134,0.0,0.841566265060241
10,7,1.0,2,Evan Lysacek,27.0,Anna Trebunskaya,23.78,0.0,99.34,,1,0.0066,1,2.0,False,Correctly Predicted Safe,False,17.363344051446948,20.571672025723476,False,Correctly Predicted Safe,True,False,0.43398419358591706,0.2,0.7606200926112341
10,7,1.0,1,Nicole Scherzinger,27.0,Derek Hough,23.78,0.0,99.34,,2,0.0066,2,3.0,False,Correctly Predicted Safe,False,17.363344051446948,20.571672025723476,False,Correctly Predicted Safe,True,False,0.3227819906703226,0.0,0.7606200926112341
10,7,3.0,4,Chad Ochocinco,26.0,Cheryl Burke,16.41,0.0,99.34,,4,0.0066,4,7.0,False,Correctly Predicted Safe,False,16.720257234726688,16.565128617363342,False,Correctly Predicted Safe,True,False,0.4560026325605296,0.2,0.8348097443124622
10,7,4.0,6,Pamela Anderson,25.5,Damian Whitewood,2.9,0.0,16.93,,6,0.8307,6,10.0,False,Incorrectly Predicted Safe,False,16.39871382636656,9.64935691318328,True,Correctly Predicted Eliminated,True,True,0.6071096027567873,0.4,0.828706438275251
10,7,4.0,3,Erin Andrews,25.5,Maksim Chmerkoskiy,23.28,0.01,99.35,,3,0.0066,3,7.0,False,Correctly Predicted Safe,False,16.39871382636656,19.83935691318328,False,Correctly Predicted Safe,True,False,0.4354744429148773,0.2,0.7657539762432051
10,7,6.0,5,Niecy Nash,24.5,Louis van Amstel,9.84,0.65,99.99,,5,0.0066,5,11.0,True,Incorrectly Predicted Eliminated,False,15.755627009646304,12.797813504823152,False,Correctly Predicted Safe,True,False,0.47849685150176735,0.2,0.9074894302395813
10,8,1.0,1,Nicole Scherzinger,29.5,Derek Hough,29.05,0.0,100.0,,1,0.0,1,2.0,False,Correctly Predicted Safe,True,23.3201581027668,26.1850790513834,False,Correctly Predicted Safe,True,False,0.3136235017575612,0.0,0.7095
10,8,2.0,2,Evan Lysacek,26.5,Anna Trebunskaya,29.05,0.0,100.0,,2,0.0,2,4.0,False,Correctly Predicted Safe,True,20.948616600790515,24.999308300395256,False,Correctly Predicted Safe,True,False,0.3136235017575612,0.0,0.7095
10,8,2.0,3,Erin Andrews,26.5,Maksim Chmerkoskiy,22.96,0.0,100.0,,3,0.0,3,5.0,False,Correctly Predicted Safe,True,20.948616600790515,21.954308300395255,False,Correctly Predicted Safe,True,False,0.47209165340431414,0.25,0.7704
10,8,4.0,4,Chad Ochocinco,22.5,Cheryl Burke,14.2,0.0,100.0,,4,0.0,4,8.0,False,Correctly Predicted Safe,True,17.786561264822133,15.993280632411066,False,Correctly Predicted Safe,True,False,0.34185591228943424,0.0,0.858
10,8,5.0,5,Niecy Nash,21.5,Louis van Amstel,4.75,0.0,23.0,,5,0.77,5,10.0,True,Correctly Predicted Eliminated,True,16.99604743083004,10.87302371541502,True,Correctly Predicted Eliminated,True,True,0.32897645469142206,0.0,0.7934782608695652
10,9,1.0,2,Evan Lysacek,29.5,Anna Trebunskaya,35.29,0.0,100.0,,2,0.0,2,3.0,False,Correctly Predicted Safe,True,26.10619469026549,30.698097345132744,False,Correctly Predicted Safe,True,False,0.4946604013245287,0.3333333333333333,0.6471
10,9,1.0,1,Nicole Scherzinger,29.5,Derek Hough,37.58,0.0,100.0,,1,0.0,1,2.0,False,Correctly Predicted Safe,True,26.10619469026549,31.843097345132744,False,Correctly Predicted Safe,True,False,0.2995987384101447,0.0,0.6242000000000001
10,9,3.0,3,Erin Andrews,28.0,Maksim Chmerkoskiy,20.75,0.0,100.0,,3,0.0,3,6.0,False,Correctly Predicted Safe,True,24.778761061946906,22.76438053097345,False,Correctly Predicted Safe,True,False,0.3287885085007615,0.0,0.7925
10,9,4.0,4,Chad Ochocinco,26.0,Cheryl Burke,6.39,0.0,26.98,,4,0.7302,4,8.0,True,Correctly Predicted Eliminated,True,23.00884955752212,14.69942477876106,True,Correctly Predicted Eliminated,True,True,0.32325176480830153,0.0,0.7631578947368421
10,10,1.0,1,Nicole Scherzinger,28.7777,Derek Hough,54.11,31.86,99.86,,1,0.3201,1,2.0,False,Correctly Predicted Safe,True,34.81193038992962,44.460965194964814,False,Correctly Predicted Safe,True,False,0.307399234059335,0.0,0.6727941176470589
10,10,2.0,3,Erin Andrews,26.9998,Maksim Chmerkoskiy,9.38,0.0,34.0,,3,0.66,3,5.0,True,Correctly Predicted Eliminated,True,32.66123276502368,21.02061638251184,True,Correctly Predicted Eliminated,True,True,0.649630322409972,0.5,0.7241176470588235
10,10,3.0,2,Evan Lysacek,26.8887,Anna Trebunskaya,36.51,0.14,51.14,,2,0.4901,2,5.0,True,Correctly Predicted Eliminated,True,32.5268368450467,34.518418422523354,True,Correctly Predicted Eliminated,True,True,0.5039356796334566,0.5,0.2868627450980392
11,1,1.0,1,Jennifer Grey,24.0,Derek Hough,11.39,0.0,99.98,,1,0.0002,1,2.0,False,Correctly Predicted Safe,True,10.572687224669604,10.981343612334802,False,Correctly Predicted Safe,True,False,0.34776067498089575,0.0,0.8860772154430886
11,1,2.0,2,Kyle Massey,23.0,Lacey Schwimmer,11.39,0.0,99.98,,2,0.0002,2,4.0,False,Correctly Predicted Safe,True,10.13215859030837,10.761079295154186,False,Correctly Predicted Safe,True,False,0.34776067498089575,0.0,0.8860772154430886
11,1,2.0,4,Brandy,23.0,Maksim Chmerkoskiy,11.39,0.0,99.98,,3,0.0002,3,5.0,False,Correctly Predicted Safe,True,10.13215859030837,10.761079295154186,False,Correctly Predicted Safe,True,False,0.4586934250086431,0.18181818181818182,0.8860772154430886
11,1,4.0,6,Rick Fox,22.0,Cheryl Burke,11.16,0.0,99.98,,6,0.0002,4,10.0,False,Correctly Predicted Safe,True,9.691629955947135,10.42581497797357,False,Correctly Predicted Safe,True,False,0.45939559499027843,0.18181818181818182,0.888377675535107
11,1,5.0,5,Kurt Warner,19.0,Anna Trebunskaya,11.39,0.0,99.98,,5,0.0002,5,10.0,False,Correctly Predicted Safe,True,8.370044052863436,9.880022026431718,False,Correctly Predicted Safe,True,False,0.34776067498089575,0.0,0.8860772154430886
11,1,5.0,7,Audrina Patridge,19.0,Tony Dovolani,9.56,0.0,99.98,,7,0.0002,7,12.0,False,Correctly Predicted Safe,True,8.370044052863436,8.965022026431718,False,Correctly Predicted Safe,True,False,0.46430483847471377,0.18181818181818182,0.904380876175235
11,1,7.0,8,Florence Henderson,18.0,Corky Ballas,7.86,0.0,99.98,,8,0.0002,8,15.0,False,Correctly Predicted Safe,True,7.929515418502203,7.894757709251102,False,Correctly Predicted Safe,True,False,0.4077051817515256,0.09090909090909091,0.921384276855371
11,1,7.0,3,Bristol Palin,18.0,Mark Ballas,11.39,0.0,99.98,,4,0.0002,6,11.0,False,Correctly Predicted Safe,True,7.929515418502203,9.6597577092511,False,Correctly Predicted Safe,True,False,0.5978862185164673,0.36363636363636365,0.8860772154430886
11,1,9.0,11,Michael Bolton,16.0,Chelsie Hightower,2.7,0.0,99.98,,11,0.0002,11,20.0,False,Correctly Predicted Safe,True,7.048458149779736,4.874229074889868,False,Correctly Predicted Safe,True,False,0.4858088216202697,0.18181818181818182,0.9729945989197839
11,1,10.0,12,David Hasselhoff,15.0,Kym Johnson,1.0,0.0,10.05,,12,0.8995,12,22.0,True,Correctly Predicted Eliminated,True,6.607929515418502,3.803964757709251,True,Correctly Predicted Eliminated,True,True,0.46310964390373704,0.18181818181818182,0.900497512437811
11,1,10.0,10,Margaret Cho,15.0,Louis van Amstel,4.5,0.01,99.99,,10,0.0002,10,20.0,False,Correctly Predicted Safe,True,6.607929515418502,5.553964757709251,False,Correctly Predicted Safe,True,False,0.36305594227303806,0.0,0.9550910182036407
11,1,10.0,9,The Situation,15.0,Karina Smirnoff,6.26,0.01,99.99,,9,0.0002,9,19.0,False,Correctly Predicted Safe,True,6.607929515418502,6.433964757709251,False,Correctly Predicted Safe,True,False,0.41208638341517084,0.09090909090909091,0.9374874974994999
11,2,1.0,1,Jennifer Grey,24.0,Derek Hough,12.5,0.0,100.0,,1,0.0,1,2.0,False,Correctly Predicted Safe,True,10.85972850678733,11.679864253393664,False,Correctly Predicted Safe,True,False,0.34540920336789493,0.0,0.875
11,2,2.0,7,Audrina Patridge,23.0,Tony Dovolani,9.12,0.0,100.0,,7,0.0,7,9.0,False,Correctly Predicted Safe,True,10.407239819004523,9.763619909502262,False,Correctly Predicted Safe,True,False,0.707064132348926,0.5,0.9088
11,2,3.0,2,Kyle Massey,22.0,Lacey Schwimmer,12.5,0.0,100.0,,5,0.0,2,8.0,False,Correctly Predicted Safe,True,9.95475113122172,11.22737556561086,False,Correctly Predicted Safe,True,False,0.4009696236187762,0.1,0.875
11,2,3.0,3,Bristol Palin,22.0,Mark Ballas,12.5,0.0,100.0,,2,0.0,3,5.0,False,Correctly Predicted Safe,True,9.95475113122172,11.22737556561086,False,Correctly Predicted Safe,True,False,0.34540920336789493,0.0,0.875
11,2,5.0,6,Rick Fox,21.0,Cheryl Burke,11.32,0.0,100.0,,6,0.0,6,11.0,False,Correctly Predicted Safe,True,9.502262443438914,10.411131221719458,False,Correctly Predicted Safe,True,False,0.4041097661693083,0.1,0.8868
11,2,5.0,5,Kurt Warner,21.0,Anna Trebunskaya,12.5,0.0,100.0,,3,0.0,4,8.0,False,Correctly Predicted Safe,True,9.502262443438914,11.001131221719458,False,Correctly Predicted Safe,True,False,0.34540920336789493,0.0,0.875
11,2,5.0,4,Brandy,21.0,Maksim Chmerkoskiy,12.5,0.0,100.0,,4,0.0,5,9.0,False,Correctly Predicted Safe,True,9.502262443438914,11.001131221719458,False,Correctly Predicted Safe,True,False,0.4009696236187762,0.1,0.875
11,2,8.0,8,Florence Henderson,19.0,Corky Ballas,7.26,0.0,100.0,,8,0.0,8,16.0,False,Correctly Predicted Safe,True,8.597285067873303,7.928642533936651,False,Correctly Predicted Safe,True,False,0.35678518061392883,0.0,0.9274
11,2,9.0,10,Margaret Cho,18.0,Louis van Amstel,3.15,0.0,100.0,,10,0.0,10,19.0,False,Correctly Predicted Safe,True,8.144796380090497,5.647398190045249,False,Correctly Predicted Safe,True,False,0.42667269274819947,0.1,0.9685
11,2,9.0,9,The Situation,18.0,Karina Smirnoff,5.23,0.0,100.0,,9,0.0,9,18.0,False,Correctly Predicted Safe,True,8.144796380090497,6.687398190045249,False,Correctly Predicted Safe,True,False,0.36136467292032326,0.0,0.9477
11,2,11.0,11,Michael Bolton,12.0,Chelsie Hightower,1.41,0.0,12.74,,11,0.8726,11,22.0,True,Correctly Predicted Eliminated,True,5.429864253393665,3.4199321266968328,True,Correctly Predicted Eliminated,True,True,0.34845552306529953,0.0,0.8893249607535322
11,3,1.0,7,Audrina Patridge,26.0,Tony Dovolani,8.44,0.0,100.0,,7,0.0,7,8.0,False,Correctly Predicted Safe,True,11.76470588235294,10.10235294117647,False,Correctly Predicted Safe,True,False,0.8072770761739765,0.6666666666666666,0.9156
11,3,2.0,1,Jennifer Grey,24.0,Derek Hough,13.84,0.0,100.0,,1,0.0,1,3.0,False,Correctly Predicted Safe,True,10.85972850678733,12.349864253393664,False,Correctly Predicted Safe,True,False,0.4043039450163911,0.1111111111111111,0.8616
11,3,2.0,6,Rick Fox,24.0,Cheryl Burke,11.08,0.0,100.0,,6,0.0,6,8.0,False,Correctly Predicted Safe,True,10.85972850678733,10.969864253393666,False,Correctly Predicted Safe,True,False,0.6610453519166608,0.4444444444444444,0.8892
11,3,2.0,4,Brandy,24.0,Maksim Chmerkoskiy,13.84,0.0,100.0,,2,0.0,2,4.0,False,Correctly Predicted Safe,True,10.85972850678733,12.349864253393664,False,Correctly Predicted Safe,True,False,0.4803784839186739,0.2222222222222222,0.8616
11,3,5.0,2,Kyle Massey,23.0,Lacey Schwimmer,13.84,0.0,100.0,,3,0.0,3,8.0,False,Correctly Predicted Safe,True,10.407239819004523,12.123619909502263,False,Correctly Predicted Safe,True,False,0.5657918513576625,0.3333333333333333,0.8616
11,3,5.0,5,Kurt Warner,23.0,Anna Trebunskaya,13.66,0.0,100.0,,5,0.0,4,10.0,False,Correctly Predicted Safe,True,10.407239819004523,12.033619909502264,False,Correctly Predicted Safe,True,False,0.3429773359884694,0.0,0.8634
11,3,7.0,8,Florence Henderson,20.0,Corky Ballas,6.3,0.0,100.0,,8,0.0,8,15.0,False,Correctly Predicted Safe,True,9.049773755656108,7.674886877828055,False,Correctly Predicted Safe,True,False,0.4250889230485163,0.1111111111111111,0.937
11,3,7.0,9,The Situation,20.0,Karina Smirnoff,3.78,0.0,100.0,,9,0.0,9,16.0,False,Correctly Predicted Safe,True,9.049773755656108,6.414886877828054,False,Correctly Predicted Safe,True,False,0.5128218959668326,0.2222222222222222,0.9621999999999999
11,3,9.0,3,Bristol Palin,19.0,Mark Ballas,13.84,0.0,100.0,,4,0.0,5,13.0,False,Correctly Predicted Safe,True,8.597285067873303,11.218642533936652,False,Correctly Predicted Safe,True,False,0.7957050951436608,0.6666666666666666,0.8616
11,3,10.0,10,Margaret Cho,18.0,Louis van Amstel,1.39,0.0,11.85,,10,0.8815,10,20.0,True,Correctly Predicted Eliminated,True,8.144796380090497,4.767398190045249,True,Correctly Predicted Eliminated,True,True,0.3470408228093006,0.0,0.8827004219409282
11,4,1.0,1,Jennifer Grey,28.0,Derek Hough,15.4,0.0,100.0,,2,0.0,1,3.0,False,Correctly Predicted Safe,True,15.64245810055866,15.52122905027933,False,Correctly Predicted Safe,True,False,0.33938803648477806,0.0,0.846
11,4,2.0,4,Brandy,24.0,Maksim Chmerkoskiy,15.4,0.0,100.0,,3,0.0,2,5.0,False,Correctly Predicted Safe,True,13.40782122905028,14.40391061452514,False,Correctly Predicted Safe,True,False,0.496096357657873,0.25,0.846
11,4,3.0,7,Audrina Patridge,23.0,Tony Dovolani,7.26,0.0,100.0,,7,0.0,7,10.0,False,Correctly Predicted Safe,True,12.849162011173185,10.054581005586591,False,Correctly Predicted Safe,True,False,0.7125303332954724,0.5,0.9274
11,4,4.0,2,Kyle Massey,20.0,Lacey Schwimmer,15.4,0.0,100.0,,4,0.0,3,8.0,False,Correctly Predicted Safe,True,11.1731843575419,13.286592178770947,False,Correctly Predicted Safe,True,False,0.496096357657873,0.25,0.846
11,4,5.0,6,Rick Fox,19.5,Cheryl Burke,10.65,0.0,100.0,,6,0.0,6,11.0,False,Correctly Predicted Safe,True,10.893854748603353,10.771927374301676,False,Correctly Predicted Safe,True,False,0.4219560702492274,0.125,0.8935
11,4,6.0,8,Florence Henderson,17.5,Corky Ballas,4.66,0.0,100.0,,8,0.0,8,14.0,False,Correctly Predicted Safe,True,9.776536312849162,7.218268156424581,False,Correctly Predicted Safe,True,False,0.5313463063831734,0.25,0.9534
11,4,7.0,5,Kurt Warner,17.0,Anna Trebunskaya,13.94,0.0,100.0,,5,0.0,5,12.0,False,Correctly Predicted Safe,True,9.497206703910614,11.718603351955306,False,Correctly Predicted Safe,True,False,0.500818490063021,0.25,0.8606
11,4,8.0,3,Bristol Palin,16.0,Mark Ballas,15.4,0.0,100.0,,1,0.0,4,9.0,False,Correctly Predicted Safe,True,8.938547486033519,12.16927374301676,False,Correctly Predicted Safe,True,False,0.7693316364320171,0.625,0.846
11,4,9.0,9,The Situation,14.0,Karina Smirnoff,1.88,0.0,14.39,,9,0.8561,9,18.0,True,Correctly Predicted Eliminated,True,7.82122905027933,4.850614525139665,True,Correctly Predicted Eliminated,True,True,0.34422159175078176,0.0,0.8693537178596248
11,5,1.0,4,Brandy,27.0,Maksim Chmerkoskiy,16.95,0.0,97.78,,4,0.0222,1,5.0,False,Correctly Predicted Safe,True,14.835164835164836,15.892582417582418,False,Correctly Predicted Safe,True,False,0.6286248632454761,0.42857142857142855,0.826651667007568
11,5,2.0,1,Jennifer Grey,25.0,Derek Hough,17.61,0.0,97.78,,1,0.0222,2,3.0,False,Correctly Predicted Safe,True,13.736263736263735,15.673131868131868,False,Correctly Predicted Safe,True,False,0.41308071730375656,0.14285714285714285,0.8199018204131725
11,5,3.0,6,Rick Fox,24.0,Cheryl Burke,9.42,0.0,97.78,,6,0.0222,6,9.0,False,Correctly Predicted Safe,True,13.186813186813188,11.303406593406594,False,Correctly Predicted Safe,True,False,0.6537943785890139,0.42857142857142855,0.9036612804254449
11,5,3.0,5,Kurt Warner,24.0,Anna Trebunskaya,13.33,0.0,97.78,,5,0.0222,5,8.0,False,Correctly Predicted Safe,True,13.186813186813188,13.258406593406594,False,Correctly Predicted Safe,True,False,0.5292193178179099,0.2857142857142857,0.8636735528737983
11,5,5.0,7,Audrina Patridge,23.0,Tony Dovolani,5.6,0.0,97.78,,7,0.0222,7,12.0,False,Correctly Predicted Safe,True,12.637362637362637,9.118681318681318,False,Correctly Predicted Safe,True,False,0.5556879936121322,0.2857142857142857,0.942728574350583
11,5,6.0,8,Florence Henderson,21.0,Corky Ballas,1.88,0.0,13.45,,8,0.8655,8,14.0,True,Correctly Predicted Eliminated,True,11.538461538461538,6.7092307692307696,True,Correctly Predicted Eliminated,True,True,0.5280725673238723,0.2857142857142857,0.8602230483271376
11,5,7.0,2,Kyle Massey,20.0,Lacey Schwimmer,17.61,0.56,98.34,,2,0.0222,3,9.0,False,Correctly Predicted Safe,True,10.989010989010987,14.299505494505494,False,Correctly Predicted Safe,True,False,0.8116227628127863,0.7142857142857143,0.8256289629781142
11,5,8.0,3,Bristol Palin,18.0,Mark Ballas,17.61,1.66,99.44,,3,0.0222,4,11.0,False,Correctly Predicted Safe,True,9.89010989010989,13.750054945054943,False,Correctly Predicted Safe,True,False,0.8138932638545191,0.7142857142857143,0.8368787073021068
11,6,1.0,4,Brandy,35.9999,Maksim Chmerkoskiy,16.79,0.0,89.81,,4,0.1019,3,5.0,False,Correctly Predicted Safe,False,17.391314849856983,17.09065742492849,False,Correctly Predicted Safe,True,False,0.6779446840786597,0.5,0.8130497717403408
11,6,2.0,7,Audrina Patridge,31.9998,Tony Dovolani,1.94,0.0,13.1,,7,0.869,7,9.0,False,Incorrectly Predicted Safe,False,15.45889285615942,8.69944642807971,True,Correctly Predicted Eliminated,True,True,0.8631973237203727,0.8333333333333334,0.8519083969465648
11,6,3.0,6,Rick Fox,30.0,Cheryl Burke,7.22,0.98,90.78,,6,0.1019,6,9.0,False,Correctly Predicted Safe,False,14.49280263266591,10.856401316332954,False,Correctly Predicted Safe,True,False,0.7134385015419737,0.5,0.9305122494432071
11,6,4.0,2,Kyle Massey,29.9999,Lacey Schwimmer,20.32,0.98,90.78,,3,0.1019,1,7.0,False,Correctly Predicted Safe,False,14.4927543233238,17.4063771616619,False,Correctly Predicted Safe,True,False,0.5399163751684528,0.3333333333333333,0.7846325167037862
11,6,5.0,1,Jennifer Grey,29.0,Derek Hough,20.32,1.46,91.26,,1,0.1019,2,6.0,False,Correctly Predicted Safe,False,14.009709211577045,17.164854605788523,False,Correctly Predicted Safe,True,False,0.7793062050635828,0.6666666666666666,0.789977728285078
11,6,6.0,3,Bristol Palin,27.9998,Mark Ballas,20.32,1.94,91.75,,2,0.1019,4,8.0,False,Correctly Predicted Safe,False,13.526519171803963,16.92325958590198,False,Correctly Predicted Safe,True,False,0.6723960585120266,0.5,0.7953457298741788
11,6,7.0,5,Kurt Warner,21.9999,Anna Trebunskaya,13.08,4.84,94.65,,5,0.1019,5,12.0,True,Incorrectly Predicted Eliminated,False,10.628006954612893,11.854003477306446,False,Correctly Predicted Safe,True,False,0.5815339673183559,0.3333333333333333,0.908250751586683
11,7,1.0,1,Jennifer Grey,36.5,Derek Hough,23.85,0.0,98.54,,1,0.0146,1,2.0,False,Correctly Predicted Safe,True,17.505995203836928,20.677997601918463,False,Correctly Predicted Safe,True,False,0.32229228833754175,0.0,0.7579663080982342
11,7,1.0,4,Brandy,36.5,Maksim Chmerkoskiy,16.27,0.0,98.54,,4,0.0146,4,5.0,False,Correctly Predicted Safe,True,17.505995203836928,16.887997601918464,False,Correctly Predicted Safe,True,False,0.7516383652191838,0.6,0.8348893850213112
11,7,3.0,5,Kurt Warner,35.0,Anna Trebunskaya,9.63,0.0,98.54,,5,0.0146,5,8.0,False,Correctly Predicted Safe,True,16.786570743405278,13.20828537170264,False,Correctly Predicted Safe,True,False,0.6315818529017512,0.4,0.902273188552872
11,7,4.0,6,Rick Fox,34.5,Cheryl Burke,2.87,0.0,16.78,,6,0.8322,6,10.0,True,Correctly Predicted Eliminated,True,16.546762589928058,9.70838129496403,True,Correctly Predicted Eliminated,True,True,0.6071955729551224,0.4,0.8289630512514898
11,7,5.0,2,Kyle Massey,33.5,Lacey Schwimmer,23.85,0.49,99.03,,2,0.0146,2,7.0,False,Correctly Predicted Safe,True,16.06714628297362,19.95857314148681,False,Correctly Predicted Safe,True,False,0.7321764899688576,0.6,0.7629389080576415
11,7,6.0,3,Bristol Palin,32.5,Mark Ballas,23.54,0.97,99.51,,3,0.0146,3,9.0,False,Correctly Predicted Safe,True,15.587529976019184,19.56376498800959,False,Correctly Predicted Safe,True,False,0.734400144306758,0.6,0.7709559569717881
11,8,1.0,1,Jennifer Grey,28.5,Derek Hough,29.18,0.0,99.61,,2,0.0039,1,3.0,False,Correctly Predicted Safe,True,21.50943396226415,25.344716981132077,False,Correctly Predicted Safe,True,False,0.31320028955265444,0.0,0.7070575243449453
11,8,1.0,4,Brandy,28.5,Maksim Chmerkoskiy,13.18,0.0,99.61,,4,0.0039,4,5.0,False,Correctly Predicted Safe,True,21.50943396226415,17.344716981132073,False,Correctly Predicted Safe,True,False,0.8353052306574962,0.75,0.8676839674731452
11,8,3.0,2,Kyle Massey,28.0,Lacey Schwimmer,29.18,0.0,99.61,,1,0.0039,2,4.0,False,Correctly Predicted Safe,True,21.13207547169812,25.156037735849058,False,Correctly Predicted Safe,True,False,0.4526487293200064,0.25,0.7070575243449453
11,8,4.0,5,Kurt Warner,24.0,Anna Trebunskaya,4.44,0.0,21.88,,5,0.7812,5,9.0,True,Correctly Predicted Eliminated,True,18.11320754716981,11.276603773584906,True,Correctly Predicted Eliminated,True,True,0.4804700605299706,0.25,0.7970749542961608
11,8,5.0,3,Bristol Palin,23.5,Mark Ballas,24.01,0.39,100.0,,3,0.0039,3,8.0,False,Correctly Predicted Safe,True,17.735849056603772,20.872924528301887,False,Correctly Predicted Safe,True,False,0.6621012884757946,0.5,0.7628752133319947
11,9,1.0,1,Jennifer Grey,30.0,Derek Hough,37.55,0.0,98.24,,1,0.0176,1,2.0,False,Correctly Predicted Safe,False,26.31578947368421,31.9328947368421,False,Correctly Predicted Safe,True,False,0.2986037401513543,0.0,0.6177728013029316
11,9,2.0,2,Kyle Massey,29.0,Lacey Schwimmer,35.51,0.0,98.24,,2,0.0176,2,4.0,False,Correctly Predicted Safe,False,25.438596491228072,30.47429824561404,False,Correctly Predicted Safe,True,False,0.30184911109127055,0.0,0.6385382736156352
11,9,3.0,4,Brandy,28.5,Maksim Chmerkoskiy,5.63,0.0,24.99,,4,0.7501,4,7.0,False,Incorrectly Predicted Safe,False,25.0,15.315,True,Correctly Predicted Eliminated,True,True,0.5365996579881787,0.3333333333333333,0.7747098839535814
11,9,4.0,3,Bristol Palin,26.5,Mark Ballas,21.31,1.76,100.0,,3,0.0176,3,7.0,True,Incorrectly Predicted Eliminated,False,23.24561403508772,22.277807017543857,False,Correctly Predicted Safe,True,False,0.5453983903970607,0.3333333333333333,0.8009975570032574
11,10,1.0,1,Jennifer Grey,30.0,Derek Hough,53.72,30.53,100.0,,1,0.3053,1,2.0,False,Correctly Predicted Safe,True,36.1446654088323,44.93233270441616,False,Correctly Predicted Safe,True,False,0.3063094714685183,0.0,0.6661868432416871
11,10,2.0,2,Kyle Massey,27.3332,Lacey Schwimmer,36.03,0.0,51.6,,2,0.484,2,4.0,True,Correctly Predicted Eliminated,True,32.931645618423175,34.48082280921159,True,Correctly Predicted Eliminated,True,True,0.25920372645242445,0.0,0.30174418604651165
11,10,3.0,3,Bristol Palin,25.666600000000003,Mark Ballas,10.25,0.0,35.73,,3,0.6427,3,6.0,True,Correctly Predicted Eliminated,True,30.92368897274451,20.586844486372257,True,Correctly Predicted Eliminated,True,True,0.31425422046935314,0.0,0.7131262244612371
12,2,2.0,1,Hines Ward,44.0,Kym Johnson,12.49,0.0,100.0,,5,0.0,2,7.0,False,Correctly Predicted Safe,True,10.401891252955082,11.445945626477542,False,Correctly Predicted Safe,True,False,0.400996105947543,0.1,0.8751
12,2,4.0,7,Chris Jericho,42.0,Cheryl Burke,9.17,0.0,100.0,,7,0.0,7,11.0,False,Correctly Predicted Safe,True,9.929078014184398,9.5495390070922,False,Correctly Predicted Safe,True,False,0.55531934893953,0.3,0.9083
12,2,4.0,5,Romeo,42.0,Chelsie Hightower,12.49,0.0,100.0,,1,0.0,4,5.0,False,Correctly Predicted Safe,True,9.929078014184398,11.2095390070922,False,Correctly Predicted Safe,True,False,0.400996105947543,0.1,0.8751
12,2,1.0,4,Ralph Macchio,45.0,Karina Smirnoff,12.49,0.0,100.0,,2,0.0,1,3.0,False,Correctly Predicted Safe,True,10.638297872340424,11.564148936170213,False,Correctly Predicted Safe,True,False,0.544166020462943,0.3,0.8751
12,2,3.0,2,Kirstie Alley,43.0,Maksim Chmerkoskiy,12.49,0.0,100.0,,3,0.0,3,6.0,False,Correctly Predicted Safe,True,10.16548463356974,11.327742316784873,False,Correctly Predicted Safe,True,False,0.400996105947543,0.1,0.8751
12,2,7.0,6,Kendra Wilkinson,37.0,Louis van Amstel,11.4,0.0,100.0,,6,0.0,6,13.0,False,Correctly Predicted Safe,True,8.747044917257684,10.073522458628842,False,Correctly Predicted Safe,True,False,0.4038959070416968,0.1,0.886
12,2,6.0,3,Chelsea Kane,39.0,Mark Ballas,12.49,0.0,100.0,,4,0.0,5,10.0,False,Correctly Predicted Safe,True,9.219858156028367,10.854929078014184,False,Correctly Predicted Safe,True,False,0.544166020462943,0.3,0.8751
12,2,8.0,8,Petra Nemcova,36.0,Dmitry Chaplin,7.27,0.0,100.0,,8,0.0,8,16.0,False,Correctly Predicted Safe,True,8.51063829787234,7.89031914893617,False,Correctly Predicted Safe,True,False,0.3567628600327286,0.0,0.9273
12,2,9.0,9,Sugar Ray Leonard,34.0,Anna Trebunskaya,5.24,0.0,100.0,,9,0.0,9,18.0,False,Correctly Predicted Safe,True,8.037825059101655,6.638912529550828,False,Correctly Predicted Safe,True,False,0.36134187770186654,0.0,0.9476
12,2,11.0,11,Mike Catherwood,30.0,Lacey Schwimmer,1.2,0.0,11.08,,11,0.8892,11,22.0,True,Correctly Predicted Eliminated,True,7.092198581560284,4.146099290780142,True,Correctly Predicted Eliminated,True,True,0.34896451553220936,0.0,0.8916967509025271
12,2,10.0,10,Wendy Williams,31.0,Tony Dovolani,3.25,0.0,100.0,,10,0.0,10,20.0,False,Correctly Predicted Safe,True,7.328605200945626,5.289302600472813,False,Correctly Predicted Safe,True,False,0.3659241627031463,0.0,0.9675
12,3,1.0,1,Hines Ward,25.0,Kym Johnson,13.81,0.0,100.0,,1,0.0,1,2.0,False,Correctly Predicted Safe,True,11.682242990654206,12.746121495327102,False,Correctly Predicted Safe,True,False,0.3426651512001422,0.0,0.8619
12,3,1.0,8,Petra Nemcova,25.0,Dmitry Chaplin,5.92,0.0,100.0,,8,0.0,8,9.0,False,Correctly Predicted Safe,True,11.682242990654206,8.801121495327102,False,Correctly Predicted Safe,True,False,0.857408371813217,0.7777777777777778,0.9408
12,3,3.0,3,Chelsea Kane,23.0,Mark Ballas,13.81,0.0,100.0,,2,0.0,2,5.0,False,Correctly Predicted Safe,True,10.74766355140187,12.278831775700937,False,Correctly Predicted Safe,True,False,0.3426651512001422,0.0,0.8619
12,3,3.0,6,Kendra Wilkinson,23.0,Louis van Amstel,11.07,0.0,100.0,,6,0.0,6,9.0,False,Correctly Predicted Safe,True,10.74766355140187,10.908831775700936,False,Correctly Predicted Safe,True,False,0.5751387499936683,0.3333333333333333,0.8893
12,3,5.0,4,Ralph Macchio,21.0,Karina Smirnoff,13.81,0.0,100.0,,3,0.0,3,8.0,False,Correctly Predicted Safe,True,9.813084112149532,11.811542056074767,False,Correctly Predicted Safe,True,False,0.4043842261379886,0.1111111111111111,0.8619
12,3,5.0,2,Kirstie Alley,21.0,Maksim Chmerkoskiy,13.81,0.0,100.0,,4,0.0,4,9.0,False,Correctly Predicted Safe,True,9.813084112149532,11.811542056074767,False,Correctly Predicted Safe,True,False,0.5658930409772762,0.3333333333333333,0.8619
12,3,5.0,7,Chris Jericho,21.0,Cheryl Burke,8.69,0.0,100.0,,7,0.0,7,12.0,False,Correctly Predicted Safe,True,9.813084112149532,9.251542056074763,False,Correctly Predicted Safe,True,False,0.49683378076183904,0.2222222222222222,0.9131
12,3,8.0,9,Sugar Ray Leonard,20.0,Anna Trebunskaya,3.73,0.0,100.0,,9,0.0,9,17.0,False,Correctly Predicted Safe,True,9.345794392523365,6.5378971962616825,False,Correctly Predicted Safe,True,False,0.43244320804126457,0.1111111111111111,0.9627
12,3,8.0,5,Romeo,20.0,Chelsie Hightower,13.78,0.0,100.0,,5,0.0,5,13.0,False,Correctly Predicted Safe,True,9.345794392523365,11.562897196261682,False,Correctly Predicted Safe,True,False,0.5659942319239014,0.3333333333333333,0.8622
12,3,10.0,10,Wendy Williams,15.0,Tony Dovolani,1.54,0.0,12.98,,10,0.8702,10,20.0,True,Correctly Predicted Eliminated,True,7.009345794392523,4.274672897196261,True,Correctly Predicted Eliminated,True,True,0.3467549485729373,0.0,0.8813559322033898
12,4,1.0,3,Chelsea Kane,26.0,Mark Ballas,15.44,0.0,98.53,,2,0.0147,1,3.0,False,Correctly Predicted Safe,True,12.62135922330097,14.030679611650484,False,Correctly Predicted Safe,True,False,0.49522475617101736,0.25,0.8432964579315945
12,4,2.0,4,Ralph Macchio,25.0,Karina Smirnoff,15.44,0.0,98.53,,3,0.0147,2,5.0,False,Correctly Predicted Safe,True,12.135922330097088,13.787961165048545,False,Correctly Predicted Safe,True,False,0.49522475617101736,0.25,0.8432964579315945
12,4,2.0,1,Hines Ward,25.0,Kym Johnson,15.44,0.0,98.53,,4,0.0147,3,6.0,False,Correctly Predicted Safe,True,12.135922330097088,13.787961165048545,False,Correctly Predicted Safe,True,False,0.40809945471523384,0.125,0.8432964579315945
12,4,4.0,7,Chris Jericho,23.0,Cheryl Burke,7.54,0.0,98.53,,7,0.0147,7,11.0,False,Correctly Predicted Safe,True,11.165048543689322,9.35252427184466,False,Correctly Predicted Safe,True,False,0.6192778353852944,0.375,0.9234750837308434
12,4,4.0,8,Petra Nemcova,23.0,Dmitry Chaplin,4.45,0.0,98.53,,8,0.0147,8,12.0,False,Correctly Predicted Safe,True,11.165048543689322,7.807524271844661,False,Correctly Predicted Safe,True,False,0.7204710279199844,0.5,0.9548360905308028
12,4,4.0,5,Romeo,23.0,Chelsie Hightower,13.72,0.0,98.53,,5,0.0147,5,9.0,False,Correctly Predicted Safe,True,11.165048543689322,12.44252427184466,False,Correctly Predicted Safe,True,False,0.4128568934063846,0.125,0.8607530701309246
12,4,7.0,2,Kirstie Alley,22.0,Maksim Chmerkoskiy,15.44,0.0,98.53,,1,0.0147,4,8.0,False,Correctly Predicted Safe,True,10.679611650485436,13.059805825242718,False,Correctly Predicted Safe,True,False,0.7686633865357191,0.625,0.8432964579315945
12,4,8.0,9,Sugar Ray Leonard,21.0,Anna Trebunskaya,1.51,0.0,12.02,,9,0.8798,9,17.0,True,Correctly Predicted Eliminated,True,10.194174757281552,5.8520873786407765,True,Correctly Predicted Eliminated,True,True,0.4166148116713577,0.125,0.8743760399334443
12,4,9.0,6,Kendra Wilkinson,18.0,Louis van Amstel,11.01,1.47,100.0,,6,0.0147,6,15.0,False,Correctly Predicted Safe,True,8.737864077669903,9.873932038834951,False,Correctly Predicted Safe,True,False,0.6125087911703531,0.375,0.9031766974525526
12,5,1.0,1,Hines Ward,27.0,Kym Johnson,17.47,0.0,99.98,,2,0.0002,1,3.0,False,Correctly Predicted Safe,True,13.917525773195877,15.693762886597938,False,Correctly Predicted Safe,True,False,0.3352020994791156,0.0,0.8252650530106022
12,5,2.0,3,Chelsea Kane,26.0,Mark Ballas,17.47,0.0,99.98,,3,0.0002,2,5.0,False,Correctly Predicted Safe,True,13.402061855670103,15.436030927835052,False,Correctly Predicted Safe,True,False,0.4145564025675787,0.14285714285714285,0.8252650530106022
12,5,2.0,7,Chris Jericho,26.0,Cheryl Burke,5.42,0.0,99.98,,7,0.0002,7,9.0,False,Correctly Predicted Safe,True,13.402061855670103,9.411030927835052,False,Correctly Predicted Safe,True,False,0.8343879497889723,0.7142857142857143,0.9457891578315664
12,5,2.0,5,Romeo,26.0,Chelsie Hightower,13.19,0.0,99.98,,5,0.0002,5,7.0,False,Correctly Predicted Safe,True,13.402061855670103,13.296030927835051,False,Correctly Predicted Safe,True,False,0.642240007949566,0.42857142857142855,0.8680736147229446
12,5,5.0,2,Kirstie Alley,23.0,Maksim Chmerkoskiy,17.47,0.0,99.98,,1,0.0002,3,6.0,False,Correctly Predicted Safe,True,11.855670103092782,14.662835051546391,False,Correctly Predicted Safe,True,False,0.6281663691578336,0.42857142857142855,0.8252650530106022
12,5,6.0,4,Ralph Macchio,22.0,Karina Smirnoff,17.43,0.01,99.99,,4,0.0002,4,10.0,False,Correctly Predicted Safe,True,11.34020618556701,14.385103092783506,False,Correctly Predicted Safe,True,False,0.5166730400725283,0.2857142857142857,0.8257651530306062
12,5,6.0,8,Petra Nemcova,22.0,Dmitry Chaplin,1.9,0.0,13.65,,8,0.8635,8,14.0,True,Correctly Predicted Eliminated,True,11.34020618556701,6.620103092783506,True,Correctly Predicted Eliminated,True,True,0.5282661989229416,0.2857142857142857,0.8608058608058609
12,5,6.0,6,Kendra Wilkinson,22.0,Louis van Amstel,9.66,0.01,99.99,,6,0.0002,6,12.0,False,Correctly Predicted Safe,True,11.34020618556701,10.500103092783505,False,Correctly Predicted Safe,True,False,0.35151283399720945,0.0,0.9034806961392279
12,6,1.0,3,Chelsea Kane,28.0,Mark Ballas,20.2,0.0,100.0,,1,0.0,1,2.0,False,Correctly Predicted Safe,True,15.555555555555555,17.877777777777776,False,Correctly Predicted Safe,True,False,0.5443932353033012,0.3333333333333333,0.798
12,6,1.0,5,Romeo,28.0,Chelsie Hightower,12.01,0.0,100.0,,5,0.0,5,6.0,False,Correctly Predicted Safe,True,15.555555555555555,13.782777777777778,False,Correctly Predicted Safe,True,False,0.7997028562449311,0.6666666666666666,0.8799
12,6,3.0,1,Hines Ward,27.0,Kym Johnson,20.2,0.0,100.0,,2,0.0,2,5.0,False,Correctly Predicted Safe,True,15.0,17.6,False,Correctly Predicted Safe,True,False,0.5443932353033012,0.3333333333333333,0.798
12,6,4.0,2,Kirstie Alley,26.0,Maksim Chmerkoskiy,20.2,0.0,100.0,,3,0.0,3,7.0,False,Correctly Predicted Safe,True,14.444444444444445,17.322222222222223,False,Correctly Predicted Safe,True,False,0.5443932353033012,0.3333333333333333,0.798
12,6,5.0,6,Kendra Wilkinson,25.0,Louis van Amstel,7.3,0.0,100.0,,6,0.0,6,11.0,False,Correctly Predicted Safe,True,13.88888888888889,10.594444444444443,False,Correctly Predicted Safe,True,False,0.46039486989883555,0.16666666666666666,0.927
12,6,6.0,4,Ralph Macchio,24.0,Karina Smirnoff,17.51,0.0,100.0,,4,0.0,4,10.0,False,Correctly Predicted Safe,True,13.333333333333334,15.421666666666669,False,Correctly Predicted Safe,True,False,0.5534275938008422,0.3333333333333333,0.8249
12,6,7.0,7,Chris Jericho,22.0,Cheryl Burke,2.58,0.0,16.34,,7,0.8366,7,14.0,True,Correctly Predicted Eliminated,True,12.22222222222222,7.401111111111111,True,Correctly Predicted Eliminated,True,True,0.3385942147648764,0.0,0.8421052631578947
12,7,1.0,4,Ralph Macchio,33.0,Karina Smirnoff,16.27,0.0,99.45,,4,0.0055,4,5.0,False,Correctly Predicted Safe,False,17.50663129973475,16.888315649867373,False,Correctly Predicted Safe,True,False,0.7520348775031533,0.6,0.8364002011060835
12,7,1.0,1,Hines Ward,33.0,Kym Johnson,23.86,0.0,99.45,,1,0.0055,1,2.0,False,Correctly Predicted Safe,False,17.50663129973475,20.68331564986737,False,Correctly Predicted Safe,True,False,0.3226822815516556,0.0,0.7600804424333836
12,7,3.0,3,Chelsea Kane,32.0,Mark Ballas,23.22,0.0,99.45,,3,0.0055,2,6.0,False,Correctly Predicted Safe,False,16.976127320954905,20.09806366047745,False,Correctly Predicted Safe,True,False,0.3238755735214035,0.0,0.7665158371040725
12,7,4.0,6,Kendra Wilkinson,30.5,Louis van Amstel,2.96,0.0,17.14,,6,0.8286,6,10.0,False,Incorrectly Predicted Safe,False,16.180371352785148,9.570185676392574,True,Correctly Predicted Eliminated,True,True,0.6066398841435972,0.4,0.8273045507584598
12,7,5.0,2,Kirstie Alley,30.0,Maksim Chmerkoskiy,23.86,0.28,99.72,,2,0.0055,3,7.0,False,Correctly Predicted Safe,False,15.915119363395224,19.88755968169761,False,Correctly Predicted Safe,True,False,0.7321578983322161,0.6,0.7628720836685439
12,7,5.0,5,Romeo,30.0,Chelsie Hightower,9.84,0.28,99.72,,5,0.0055,5,10.0,True,Incorrectly Predicted Eliminated,False,15.915119363395224,12.877559681697612,False,Correctly Predicted Safe,True,False,0.35159575188377185,0.0,0.9038616251005631
12,8,1.0,3,Chelsea Kane,27.5,Mark Ballas,23.11,0.0,97.68,,3,0.0232,3,4.0,False,Correctly Predicted Safe,False,21.153846153846157,22.13192307692308,False,Correctly Predicted Safe,True,False,0.6622723859260358,0.5,0.7634111384111384
12,8,2.0,1,Hines Ward,27.0,Kym Johnson,29.31,0.0,97.68,,1,0.0232,1,3.0,False,Correctly Predicted Safe,False,20.76923076923077,25.039615384615384,False,Correctly Predicted Safe,True,False,0.45050635845511905,0.25,0.6999385749385749
12,8,3.0,2,Kirstie Alley,26.5,Maksim Chmerkoskiy,29.31,0.0,97.68,,2,0.0232,2,5.0,False,Correctly Predicted Safe,False,20.384615384615383,24.84730769230769,False,Correctly Predicted Safe,True,False,0.45050635845511905,0.25,0.6999385749385749
12,8,4.0,5,Romeo,26.0,Chelsie Hightower,3.91,0.0,19.99,,5,0.8001,5,9.0,False,Incorrectly Predicted Safe,False,20.0,11.955,True,Correctly Predicted Eliminated,True,True,0.4827896872502062,0.25,0.8044022011005503
12,8,5.0,4,Ralph Macchio,23.0,Karina Smirnoff,14.36,2.32,100.0,,4,0.0232,4,9.0,True,Incorrectly Predicted Eliminated,False,17.692307692307693,16.026153846153846,False,Correctly Predicted Safe,True,False,0.5060674159612613,0.25,0.8767403767403767
12,9,1.0,3,Chelsea Kane,36.5,Mark Ballas,18.43,0.0,100.0,,3,0.0,3,4.0,False,Correctly Predicted Safe,True,31.06382978723404,24.74691489361702,False,Correctly Predicted Safe,True,False,0.785333557330788,0.6666666666666666,0.8157
12,9,2.0,1,Hines Ward,30.0,Kym Johnson,37.66,0.0,100.0,,1,0.0,1,3.0,False,Correctly Predicted Safe,True,25.53191489361702,31.59595744680851,False,Correctly Predicted Safe,True,False,0.4870646428754004,0.3333333333333333,0.6234
12,9,3.0,2,Kirstie Alley,27.0,Maksim Chmerkoskiy,36.54,0.0,100.0,,2,0.0,2,5.0,False,Correctly Predicted Safe,True,22.97872340425532,29.75936170212766,False,Correctly Predicted Safe,True,False,0.49064513180499564,0.3333333333333333,0.6346
12,9,4.0,4,Ralph Macchio,24.0,Karina Smirnoff,7.37,0.0,29.57,,4,0.7043,4,8.0,True,Correctly Predicted Eliminated,True,20.42553191489361,13.897765957446808,True,Correctly Predicted Eliminated,True,True,0.320970608825178,0.0,0.750760906323977
12,10,1.0,3,Chelsea Kane,29.666600000000003,Mark Ballas,8.71,0.0,32.69,,3,0.6731,3,4.0,True,Correctly Predicted Eliminated,True,33.969480071129965,21.339740035564983,True,Correctly Predicted Eliminated,True,True,0.8941699103583887,1.0,0.7335576628938513
12,10,1.0,1,Hines Ward,29.666600000000003,Kym Johnson,54.35,32.71,98.08,,1,0.3463,1,2.0,False,Correctly Predicted Safe,True,33.969480071129965,44.15974003556498,False,Correctly Predicted Safe,True,False,0.30676594399730983,0.0,0.6689612972311458
12,10,3.0,2,Kirstie Alley,27.9999,Maksim Chmerkoskiy,36.93,1.92,50.95,,2,0.5097,2,5.0,True,Correctly Predicted Eliminated,True,32.06103985774008,34.49551992887004,True,Correctly Predicted Eliminated,True,True,0.5036378847244771,0.5,0.2859473791556191
13,1,1.0,1,J.R. Martinez,22.0,Karina Smirnoff,11.43,0.0,100.0,,2,0.0,1,3.0,False,Correctly Predicted Safe,True,10.138248847926269,10.784124423963132,False,Correctly Predicted Safe,True,False,0.34768012984272134,0.0,0.8857
13,1,1.0,9,Chynna Phillips,22.0,Tony Dovolani,5.88,0.0,100.0,,9,0.0,8,10.0,False,Correctly Predicted Safe,True,10.138248847926269,8.009124423963133,False,Correctly Predicted Safe,True,False,0.8388420856614589,0.7272727272727273,0.9412
13,1,3.0,4,Hope Solo,21.0,Maksim Chmerkoskiy,11.43,0.0,100.0,,3,0.0,2,6.0,False,Correctly Predicted Safe,True,9.67741935483871,10.553709677419356,False,Correctly Predicted Safe,True,False,0.39819813664471965,0.09090909090909091,0.8857
13,1,4.0,3,Ricki Lake,20.0,Derek Hough,11.43,0.0,100.0,,5,0.0,3,9.0,False,Correctly Predicted Safe,True,9.216589861751151,10.323294930875576,False,Correctly Predicted Safe,True,False,0.39819813664471965,0.09090909090909091,0.8857
13,1,5.0,10,Kristin Cavallari,19.0,Mark Ballas,4.28,0.0,100.0,,10,0.0,10,15.0,False,Correctly Predicted Safe,True,8.755760368663594,6.517880184331798,False,Correctly Predicted Safe,True,False,0.6897157655361583,0.45454545454545453,0.9572
13,1,6.0,6,David Arquette,18.0,Kym Johnson,11.37,0.0,100.0,,6,0.0,4,12.0,False,Correctly Predicted Safe,True,8.294930875576037,9.832465437788018,False,Correctly Predicted Safe,True,False,0.3478082607470654,0.0,0.8863
13,1,7.0,8,Carson Kressley,17.0,Anna Trebunskaya,7.9,0.0,100.0,,8,0.0,9,15.0,False,Correctly Predicted Safe,True,7.834101382488479,7.867050691244239,False,Correctly Predicted Safe,True,False,0.407601316270609,0.09090909090909091,0.921
13,1,7.0,7,Chaz Bono,17.0,Lacey Schwimmer,9.66,0.0,100.0,,7,0.0,7,14.0,False,Correctly Predicted Safe,True,7.834101382488479,8.74705069124424,False,Correctly Predicted Safe,True,False,0.3514952729882548,0.0,0.9034
13,1,9.0,5,Nancy Grace,16.0,Tristan MacManus,11.43,0.0,100.0,,4,0.0,5,13.0,False,Correctly Predicted Safe,True,7.373271889400922,9.40163594470046,False,Correctly Predicted Safe,True,False,0.5977593798673564,0.36363636363636365,0.8857
13,1,9.0,2,Rob Kardashian,16.0,Cheryl Burke,11.43,0.0,100.0,,1,0.0,6,10.0,False,Correctly Predicted Safe,True,7.373271889400922,9.40163594470046,False,Correctly Predicted Safe,True,False,0.7851699368760916,0.6363636363636364,0.8857
13,1,11.0,11,Elisabetta Canalis,15.0,Valentin Chmerkovskiy,2.73,0.0,100.0,,11,0.0,11,22.0,False,Correctly Predicted Safe,True,6.912442396313365,4.821221198156683,False,Correctly Predicted Safe,True,False,0.36713678333273086,0.0,0.9727
13,1,12.0,12,Metta World Peace (Ron),14.0,Peta Murgatroyd,1.02,0.0,10.21,,12,0.8979,12,24.0,True,Correctly Predicted Eliminated,True,6.451612903225806,3.735806451612903,True,Correctly Predicted Eliminated,True,True,0.3507779865752976,0.0,0.9000979431929481
13,2,1.0,3,Ricki Lake,23.0,Derek Hough,12.54,0.0,94.55,,2,0.0545,1,3.0,False,Correctly Predicted Safe,False,10.31390134529148,11.42695067264574,False,Correctly Predicted Safe,True,False,0.4659755850954122,0.2,0.8673717609730301
13,2,2.0,1,J.R. Martinez,22.0,Karina Smirnoff,12.54,0.0,94.55,,3,0.0545,2,5.0,False,Correctly Predicted Safe,False,9.865470852017935,11.202735426008967,False,Correctly Predicted Safe,True,False,0.3989560198474896,0.1,0.8673717609730301
13,2,2.0,10,Kristin Cavallari,22.0,Mark Ballas,2.94,0.0,94.55,,10,0.0545,10,12.0,False,Correctly Predicted Safe,False,9.865470852017935,6.402735426008968,False,Correctly Predicted Safe,True,False,0.8684706645888112,0.8,0.9689053410893707
13,2,4.0,11,Elisabetta Canalis,21.0,Valentin Chmerkovskiy,0.91,0.0,8.76,,11,0.9124,11,15.0,False,Incorrectly Predicted Safe,False,9.417040358744394,5.163520179372197,True,Correctly Predicted Eliminated,True,True,0.8190114330633909,0.7,0.8961187214611872
13,2,4.0,9,Chynna Phillips,21.0,Tony Dovolani,5.09,0.01,94.56,,9,0.0545,9,13.0,False,Correctly Predicted Safe,False,9.417040358744394,7.253520179372197,False,Correctly Predicted Safe,True,False,0.7180082350752028,0.5,0.9462718138551032
13,2,4.0,5,Nancy Grace,21.0,Tristan MacManus,12.54,0.01,94.56,,1,0.0545,3,5.0,False,Correctly Predicted Safe,False,9.417040358744394,10.978520179372197,False,Correctly Predicted Safe,True,False,0.39898384979973067,0.1,0.8674775251189847
13,2,4.0,2,Rob Kardashian,21.0,Cheryl Burke,12.54,0.01,94.56,,4,0.0545,4,8.0,False,Correctly Predicted Safe,False,9.417040358744394,10.978520179372197,False,Correctly Predicted Safe,True,False,0.4660082642466062,0.2,0.8674775251189847
13,2,8.0,4,Hope Solo,19.0,Maksim Chmerkoskiy,12.54,0.91,95.46,,5,0.0545,5,13.0,False,Correctly Predicted Safe,False,8.520179372197308,10.530089686098654,False,Correctly Predicted Safe,True,False,0.6232178535951229,0.4,0.8769962982548916
13,2,9.0,6,David Arquette,18.0,Kym Johnson,11.53,1.36,95.9,,6,0.0545,6,15.0,False,Correctly Predicted Safe,False,8.071748878923767,9.800874439461882,False,Correctly Predicted Safe,True,False,0.5499811593641741,0.3,0.8924264861434313
13,2,9.0,8,Carson Kressley,18.0,Anna Trebunskaya,7.35,1.36,95.9,,8,0.0545,8,17.0,False,Correctly Predicted Safe,False,8.071748878923767,7.710874439461883,False,Correctly Predicted Safe,True,False,0.41770653697466364,0.1,0.9366405754178125
13,2,11.0,7,Chaz Bono,17.0,Lacey Schwimmer,9.49,1.8,96.35,,7,0.0545,7,18.0,True,Incorrectly Predicted Eliminated,False,7.623318385650224,8.556659192825112,False,Correctly Predicted Safe,True,False,0.6369765216771205,0.4,0.918667371760973
13,3,1.0,3,Ricki Lake,27.0,Derek Hough,13.81,0.0,95.72,,2,0.0428,1,3.0,False,Correctly Predicted Safe,False,11.39240506329114,12.60120253164557,False,Correctly Predicted Safe,True,False,0.4785244127832405,0.2222222222222222,0.8557250313414124
13,3,2.0,1,J.R. Martinez,26.0,Karina Smirnoff,13.81,0.0,95.72,,3,0.0428,2,5.0,False,Correctly Predicted Safe,False,10.970464135021098,12.39023206751055,False,Correctly Predicted Safe,True,False,0.4027357635370117,0.1111111111111111,0.8557250313414124
13,3,2.0,9,Chynna Phillips,26.0,Tony Dovolani,3.51,0.0,95.72,,9,0.0428,9,11.0,False,Correctly Predicted Safe,False,10.970464135021098,7.240232067510549,False,Correctly Predicted Safe,True,False,0.8606498972725021,0.7777777777777778,0.9633305474300042
13,3,4.0,6,David Arquette,24.0,Kym Johnson,11.16,0.01,95.73,,6,0.0428,6,10.0,False,Correctly Predicted Safe,False,10.126582278481012,10.643291139240509,False,Correctly Predicted Safe,True,False,0.48733743752989234,0.2222222222222222,0.8835144170497283
13,3,4.0,4,Hope Solo,24.0,Maksim Chmerkoskiy,13.81,0.01,95.73,,4,0.0428,3,8.0,False,Correctly Predicted Safe,False,10.126582278481012,11.968291139240506,False,Correctly Predicted Safe,True,False,0.34140706693016454,0.0,0.8558295027162557
13,3,4.0,10,Kristin Cavallari,24.0,Mark Ballas,1.11,0.0,9.86,,10,0.9014,10,14.0,False,Incorrectly Predicted Safe,False,10.126582278481012,5.618291139240506,True,Correctly Predicted Eliminated,True,True,0.8013238371736411,0.6666666666666666,0.8874239350912778
13,3,4.0,2,Rob Kardashian,24.0,Cheryl Burke,13.81,0.01,95.73,,5,0.0428,4,9.0,False,Correctly Predicted Safe,False,10.126582278481012,11.968291139240506,False,Correctly Predicted Safe,True,False,0.4785573389772877,0.2222222222222222,0.8558295027162557
13,3,8.0,8,Carson Kressley,23.0,Anna Trebunskaya,6.19,0.43,96.15,,8,0.0428,8,16.0,False,Correctly Predicted Safe,False,9.70464135021097,7.947320675105486,False,Correctly Predicted Safe,True,False,0.35957659089034477,0.0,0.9398244880902633
13,3,9.0,5,Nancy Grace,21.0,Tristan MacManus,13.81,1.28,97.0,,1,0.0428,5,10.0,False,Correctly Predicted Safe,False,8.860759493670885,11.335379746835445,False,Correctly Predicted Safe,True,False,0.6545918327860782,0.4444444444444444,0.8690973673213539
13,3,10.0,7,Chaz Bono,18.0,Lacey Schwimmer,8.99,2.54,98.26,,7,0.0428,7,17.0,True,Incorrectly Predicted Eliminated,False,7.59493670886076,8.29246835443038,False,Correctly Predicted Safe,True,False,0.5897502734666313,0.3333333333333333,0.9326159632260761
13,4,1.0,3,Ricki Lake,29.0,Derek Hough,15.4,0.0,99.49,,1,0.0051,1,2.0,False,Correctly Predicted Safe,False,13.875598086124402,14.637799043062202,False,Correctly Predicted Safe,True,False,0.4958417599739418,0.25,0.8452105739270278
13,4,2.0,1,J.R. Martinez,26.0,Karina Smirnoff,15.4,0.0,99.49,,2,0.0051,2,4.0,False,Correctly Predicted Safe,False,12.440191387559809,13.920095693779905,False,Correctly Predicted Safe,True,False,0.4086178997324569,0.125,0.8452105739270278
13,4,3.0,4,Hope Solo,24.0,Maksim Chmerkoskiy,15.4,0.0,99.49,,3,0.0051,3,6.0,False,Correctly Predicted Safe,False,11.483253588516746,13.441626794258372,False,Correctly Predicted Safe,True,False,0.4086178997324569,0.125,0.8452105739270278
13,4,3.0,2,Rob Kardashian,24.0,Cheryl Burke,15.4,0.0,99.49,,4,0.0051,4,7.0,False,Correctly Predicted Safe,False,11.483253588516746,13.441626794258372,False,Correctly Predicted Safe,True,False,0.4086178997324569,0.125,0.8452105739270278
13,4,5.0,6,David Arquette,23.0,Kym Johnson,10.63,0.0,99.49,,6,0.0051,6,11.0,False,Correctly Predicted Safe,False,11.004784688995215,10.817392344497607,False,Correctly Predicted Safe,True,False,0.4218590644125972,0.125,0.893155090963916
13,4,6.0,9,Chynna Phillips,21.0,Tony Dovolani,1.53,0.0,12.17,,9,0.8783,9,15.0,False,Incorrectly Predicted Safe,False,10.047846889952153,5.788923444976076,True,Correctly Predicted Eliminated,True,True,0.6028310760692447,0.375,0.8742810188989318
13,4,6.0,7,Chaz Bono,21.0,Lacey Schwimmer,7.69,0.01,99.5,,7,0.0051,7,13.0,False,Correctly Predicted Safe,False,10.047846889952153,8.868923444976076,False,Correctly Predicted Safe,True,False,0.4302872778176544,0.125,0.9228063121921801
13,4,6.0,5,Nancy Grace,21.0,Tristan MacManus,13.85,0.01,99.5,,5,0.0051,5,11.0,False,Correctly Predicted Safe,False,10.047846889952153,11.948923444976076,False,Correctly Predicted Safe,True,False,0.41289461806235406,0.125,0.8608905417629913
13,4,9.0,8,Carson Kressley,20.0,Anna Trebunskaya,4.69,0.49,99.98,,8,0.0051,8,17.0,True,Incorrectly Predicted Eliminated,False,9.569377990430622,7.129688995215311,False,Correctly Predicted Safe,True,False,0.44045461974862016,0.125,0.9577847019800985
13,5,1.0,1,J.R. Martinez,28.0,Karina Smirnoff,17.41,0.0,100.0,,1,0.0,1,2.0,False,Correctly Predicted Safe,True,14.893617021276595,16.151808510638297,False,Correctly Predicted Safe,True,False,0.3353288130715276,0.0,0.8259
13,5,2.0,6,David Arquette,25.0,Kym Johnson,9.29,0.0,100.0,,6,0.0,6,8.0,False,Correctly Predicted Safe,True,13.297872340425531,11.293936170212763,False,Correctly Predicted Safe,True,False,0.7530908762994999,0.5714285714285714,0.9071
13,5,2.0,2,Rob Kardashian,25.0,Cheryl Burke,17.41,0.0,100.0,,3,0.0,2,5.0,False,Correctly Predicted Safe,True,13.297872340425531,15.353936170212766,False,Correctly Predicted Safe,True,False,0.3353288130715276,0.0,0.8259
13,5,4.0,3,Ricki Lake,24.0,Derek Hough,17.41,0.0,100.0,,2,0.0,3,6.0,False,Correctly Predicted Safe,True,12.76595744680851,15.087978723404255,False,Correctly Predicted Safe,True,False,0.4147315122125519,0.14285714285714285,0.8259
13,5,4.0,4,Hope Solo,24.0,Maksim Chmerkoskiy,17.13,0.0,100.0,,4,0.0,4,8.0,False,Correctly Predicted Safe,True,12.76595744680851,14.947978723404256,False,Correctly Predicted Safe,True,False,0.3358887015302099,0.0,0.8287
13,5,6.0,5,Nancy Grace,22.0,Tristan MacManus,13.44,0.0,100.0,,5,0.0,5,11.0,False,Correctly Predicted Safe,True,11.702127659574469,12.571063829787237,False,Correctly Predicted Safe,True,False,0.4258479229696635,0.14285714285714285,0.8656
13,5,7.0,7,Chaz Bono,21.0,Lacey Schwimmer,5.79,0.0,100.0,,7,0.0,7,14.0,False,Correctly Predicted Safe,True,11.170212765957446,8.480106382978724,False,Correctly Predicted Safe,True,False,0.3600917409276588,0.0,0.9421
13,5,8.0,8,Carson Kressley,19.0,Anna Trebunskaya,2.11,0.0,14.88,,8,0.8512,8,16.0,True,Correctly Predicted Eliminated,True,10.106382978723405,6.108191489361701,True,Correctly Predicted Eliminated,True,True,0.3418971032851065,0.0,0.8581989247311828
13,6,1.0,3,Ricki Lake,29.0,Derek Hough,20.07,0.0,100.0,,1,0.0,1,2.0,False,Correctly Predicted Safe,True,17.46987951807229,18.769939759036145,False,Correctly Predicted Safe,True,False,0.544829103991848,0.3333333333333333,0.7993
13,6,1.0,1,J.R. Martinez,29.0,Karina Smirnoff,20.07,0.0,100.0,,2,0.0,2,3.0,False,Correctly Predicted Safe,True,17.46987951807229,18.769939759036145,False,Correctly Predicted Safe,True,False,0.330099439672139,0.0,0.7993
13,6,3.0,5,Nancy Grace,24.0,Tristan MacManus,12.15,0.0,100.0,,5,0.0,5,8.0,False,Correctly Predicted Safe,True,14.457831325301203,13.303915662650605,False,Correctly Predicted Safe,True,False,0.5714938521714741,0.3333333333333333,0.8785000000000001
13,6,4.0,6,David Arquette,23.0,Kym Johnson,7.26,0.0,100.0,,6,0.0,6,10.0,False,Correctly Predicted Safe,True,13.855421686746988,10.557710843373494,False,Correctly Predicted Safe,True,False,0.5879922977999423,0.3333333333333333,0.9274
13,6,5.0,2,Rob Kardashian,22.0,Cheryl Burke,20.07,0.0,100.0,,3,0.0,3,8.0,False,Correctly Predicted Safe,True,13.253012048192772,16.661506024096386,False,Correctly Predicted Safe,True,False,0.6736394457299852,0.5,0.7993
13,6,6.0,4,Hope Solo,20.0,Maksim Chmerkoskiy,17.66,0.0,100.0,,4,0.0,4,10.0,False,Correctly Predicted Safe,True,12.048192771084338,14.854096385542167,False,Correctly Predicted Safe,True,False,0.5529230586172369,0.3333333333333333,0.8234
13,6,7.0,7,Chaz Bono,19.0,Lacey Schwimmer,2.72,0.0,17.12,,7,0.8288,7,14.0,True,Correctly Predicted Eliminated,True,11.44578313253012,7.082891566265061,True,Correctly Predicted Eliminated,True,True,0.33839425802316225,0.0,0.8411214953271028
13,7,1.0,3,Ricki Lake,26.5,Derek Hough,22.93,0.0,98.97,,3,0.0103,2,4.0,False,Correctly Predicted Safe,True,18.088737201365188,20.509368600682592,False,Correctly Predicted Safe,True,False,0.5868019514134741,0.4,0.7683136303930485
13,7,2.0,2,Rob Kardashian,25.5,Cheryl Burke,23.84,0.0,98.97,,1,0.0103,1,3.0,False,Correctly Predicted Safe,True,17.4061433447099,20.62307167235495,False,Correctly Predicted Safe,True,False,0.3225047870397095,0.0,0.7591189249267455
13,7,3.0,4,Hope Solo,25.0,Maksim Chmerkoskiy,16.37,0.0,98.97,,4,0.0103,4,7.0,False,Correctly Predicted Safe,True,17.064846416382252,16.71742320819113,False,Correctly Predicted Safe,True,False,0.4559378657825546,0.2,0.8345963423259574
13,7,4.0,1,J.R. Martinez,24.0,Karina Smirnoff,23.84,0.0,98.97,,2,0.0103,3,6.0,False,Correctly Predicted Safe,True,16.38225255972696,20.11112627986348,False,Correctly Predicted Safe,True,False,0.7311122056229582,0.6,0.7591189249267455
13,7,5.0,6,David Arquette,23.5,Kym Johnson,2.99,0.0,17.28,,6,0.8272,6,11.0,True,Correctly Predicted Eliminated,True,16.040955631399317,9.515477815699658,True,Correctly Predicted Eliminated,True,True,0.453627779386905,0.2,0.8269675925925926
13,7,6.0,5,Nancy Grace,22.0,Tristan MacManus,10.04,1.03,100.0,,5,0.0103,5,11.0,False,Correctly Predicted Safe,True,15.017064846416384,12.52853242320819,False,Correctly Predicted Safe,True,False,0.4789611869918967,0.2,0.9089623118116601
13,8,1.0,1,J.R. Martinez,30.0,Karina Smirnoff,29.17,0.0,100.0,,2,0.0,1,3.0,False,Correctly Predicted Safe,True,23.16602316602317,26.168011583011584,False,Correctly Predicted Safe,True,False,0.31341541338061085,0.0,0.7082999999999999
13,8,2.0,3,Ricki Lake,26.0,Derek Hough,23.31,0.0,100.0,,3,0.0,3,5.0,False,Correctly Predicted Safe,True,20.07722007722008,21.69361003861004,False,Correctly Predicted Safe,True,False,0.47100030747972965,0.25,0.7669
13,8,2.0,4,Hope Solo,26.0,Maksim Chmerkoskiy,13.59,0.0,100.0,,4,0.0,4,6.0,False,Correctly Predicted Safe,True,20.07722007722008,16.83361003861004,False,Correctly Predicted Safe,True,False,0.6936663554103792,0.5,0.8641
13,8,4.0,2,Rob Kardashian,25.5,Cheryl Burke,29.17,0.0,100.0,,1,0.0,2,5.0,False,Correctly Predicted Safe,True,19.69111969111969,24.43055984555985,False,Correctly Predicted Safe,True,False,0.6444890863245973,0.5,0.7082999999999999
13,8,5.0,5,Nancy Grace,22.0,Tristan MacManus,4.77,0.0,23.0,,5,0.77,5,10.0,True,Correctly Predicted Eliminated,True,16.988416988416986,10.879208494208491,True,Correctly Predicted Eliminated,True,True,0.3288093806851537,0.0,0.792608695652174
13,9,1.0,3,Ricki Lake,33.4999,Derek Hough,19.62,0.0,100.0,,3,0.0,3,4.0,False,Correctly Predicted Safe,True,28.270077088932865,23.945038544466435,False,Correctly Predicted Safe,True,False,0.7825642780664639,0.6666666666666666,0.8038
13,9,2.0,2,Rob Kardashian,32.4998,Cheryl Burke,35.12,0.0,100.0,,2,0.0,1,4.0,False,Correctly Predicted Safe,True,27.42610728315309,31.273053641576546,False,Correctly Predicted Safe,True,False,0.3034858675446024,0.0,0.6488
13,9,3.0,1,J.R. Martinez,28.0,Karina Smirnoff,37.93,0.0,100.0,,1,0.0,2,4.0,False,Correctly Predicted Safe,True,23.62879168266533,30.779395841332665,False,Correctly Predicted Safe,True,False,0.7358626122614038,0.6666666666666666,0.6207
13,9,4.0,4,Hope Solo,24.4998,Maksim Chmerkoskiy,7.33,0.0,29.32,,4,0.7068,4,8.0,True,Correctly Predicted Eliminated,True,20.67502394524872,14.002511972624358,True,Correctly Predicted Eliminated,True,True,0.32083171218243894,0.0,0.75
13,10,1.0,2,Rob Kardashian,28.3332,Cheryl Burke,36.26,0.0,49.9,,2,0.501,2,3.0,True,Correctly Predicted Eliminated,True,33.530572925788995,34.8952864628945,True,Correctly Predicted Eliminated,True,True,0.4995481618036756,0.5,0.27334669338677353
13,10,2.0,1,J.R. Martinez,28.1665,Karina Smirnoff,54.54,33.34,100.0,,1,0.3334,1,3.0,False,Correctly Predicted Safe,True,33.33329388541484,43.93664694270742,False,Correctly Predicted Safe,True,False,0.6358710284485687,0.5,0.681968196819682
13,10,3.0,3,Ricki Lake,27.9999,Derek Hough,9.2,0.0,33.52,,3,0.6648,3,6.0,True,Correctly Predicted Eliminated,True,33.13613318879616,21.16806659439808,True,Correctly Predicted Eliminated,True,True,0.31643460743091856,0.0,0.7255369928400954
14,2,2.0,6,Roshon Fegan,49.0,Chelsie Hightower,11.28,0.0,100.0,,6,0.0,3,8.0,False,Correctly Predicted Safe,True,9.090909090909092,10.185454545454546,False,Correctly Predicted Safe,True,False,0.5982637234764567,0.36363636363636365,0.8872
14,2,1.0,2,Katherine Jenkins,52.0,Mark Ballas,11.44,0.0,100.0,,3,0.0,1,4.0,False,Correctly Predicted Safe,True,9.647495361781075,10.543747680890537,False,Correctly Predicted Safe,True,False,0.39817188989423696,0.09090909090909091,0.8855999999999999
14,2,2.0,3,William Levy,49.0,Cheryl Burke,11.44,0.0,100.0,,4,0.0,2,6.0,False,Correctly Predicted Safe,True,9.090909090909092,10.265454545454546,False,Correctly Predicted Safe,True,False,0.39817188989423696,0.09090909090909091,0.8855999999999999
14,2,5.0,4,Maria Menounos,46.0,Derek Hough,11.44,0.0,100.0,,5,0.0,4,10.0,False,Correctly Predicted Safe,True,8.534322820037106,9.987161410018553,False,Correctly Predicted Safe,True,False,0.39817188989423696,0.09090909090909091,0.8855999999999999
14,2,7.0,1,Donald Driver,45.0,Peta Murgatroyd,11.44,0.0,100.0,,2,0.0,5,9.0,False,Correctly Predicted Safe,True,8.348794063079778,9.894397031539889,False,Correctly Predicted Safe,True,False,0.7308912616025314,0.5454545454545454,0.8855999999999999
14,2,5.0,10,Sherri Sheperd,46.0,Valentin Chmerkovskiy,4.31,0.0,100.0,,10,0.0,10,15.0,False,Correctly Predicted Safe,True,8.534322820037106,6.422161410018553,False,Correctly Predicted Safe,True,False,0.6896239829465143,0.45454545454545453,0.9569
14,2,4.0,7,Jaleel White,48.0,Kym Johnson,9.55,0.0,100.0,,7,0.0,7,11.0,False,Correctly Predicted Safe,True,8.905380333951761,9.22769016697588,False,Correctly Predicted Safe,True,False,0.5327219824730649,0.2727272727272727,0.9045
14,2,8.0,11,Jack Wagner,44.0,Anna Trebunskaya,2.59,0.0,100.0,,11,0.0,11,19.0,False,Correctly Predicted Safe,True,8.16326530612245,5.3766326530612245,False,Correctly Predicted Safe,True,False,0.5560476384313835,0.2727272727272727,0.9741
14,2,10.0,9,Gavin DeGraw,41.0,Karina Smirnoff,6.17,0.0,100.0,,9,0.0,9,19.0,False,Correctly Predicted Safe,True,7.606679035250464,6.888339517625232,False,Correctly Predicted Safe,True,False,0.41230891885515475,0.09090909090909091,0.9383
14,2,11.0,5,Melissa Gilbert,40.0,Maksim Chmerkoskiy,11.44,0.0,100.0,,1,0.0,6,12.0,False,Correctly Predicted Safe,True,7.421150278293136,9.430575139146567,False,Correctly Predicted Safe,True,False,0.7308912616025314,0.5454545454545454,0.8855999999999999
14,2,9.0,8,Gladys Knight,42.0,Tristan MacManus,7.91,0.0,100.0,,8,0.0,8,17.0,False,Correctly Predicted Safe,True,7.792207792207792,7.851103896103896,False,Correctly Predicted Safe,True,False,0.4075742927130074,0.09090909090909091,0.9209
14,2,12.0,12,Martina Navratilova,37.0,Tony Dovolani,0.98,0.0,9.79,,12,0.9021,12,24.0,True,Correctly Predicted Eliminated,True,6.864564007421151,3.922282003710575,True,Correctly Predicted Eliminated,True,True,0.3507346043587138,0.0,0.8998978549540347
14,3,1.0,2,Katherine Jenkins,29.0,Mark Ballas,12.53,0.0,99.96,,3,0.0004,1,4.0,False,Correctly Predicted Safe,True,10.357142857142858,11.443571428571428,False,Correctly Predicted Safe,True,False,0.4008769158116584,0.1,0.8746498599439776
14,3,2.0,3,William Levy,28.0,Cheryl Burke,12.53,0.0,99.96,,1,0.0004,2,3.0,False,Correctly Predicted Safe,True,10.0,11.265,False,Correctly Predicted Safe,True,False,0.4008769158116584,0.1,0.8746498599439776
14,3,3.0,4,Maria Menounos,27.0,Derek Hough,12.53,0.0,99.96,,5,0.0004,3,8.0,False,Correctly Predicted Safe,True,9.642857142857144,11.086428571428572,False,Correctly Predicted Safe,True,False,0.4008769158116584,0.1,0.8746498599439776
14,3,4.0,1,Donald Driver,26.0,Peta Murgatroyd,12.53,0.0,99.96,,4,0.0004,4,8.0,False,Correctly Predicted Safe,True,9.285714285714286,10.907857142857145,False,Correctly Predicted Safe,True,False,0.544015130341213,0.3,0.8746498599439776
14,3,5.0,7,Jaleel White,25.0,Kym Johnson,9.33,0.0,99.96,,7,0.0004,7,12.0,False,Correctly Predicted Safe,True,8.928571428571429,9.129285714285714,False,Correctly Predicted Safe,True,False,0.478236347097803,0.2,0.9066626650660264
14,3,5.0,6,Roshon Fegan,25.0,Chelsie Hightower,11.42,0.0,99.96,,6,0.0004,6,11.0,False,Correctly Predicted Safe,True,8.928571428571429,10.174285714285714,False,Correctly Predicted Safe,True,False,0.4038302542084568,0.1,0.8857543017206883
14,3,7.0,11,Jack Wagner,24.0,Anna Trebunskaya,1.01,0.0,9.6,,11,0.904,11,18.0,True,Correctly Predicted Eliminated,True,8.571428571428571,4.7907142857142855,True,Correctly Predicted Eliminated,True,True,0.6291118522923342,0.4,0.8947916666666667
14,3,7.0,10,Sherri Sheperd,24.0,Valentin Chmerkovskiy,3.1,0.01,99.97,,10,0.0004,10,17.0,False,Correctly Predicted Safe,True,8.571428571428571,5.835714285714285,False,Correctly Predicted Safe,True,False,0.5758170755377157,0.3,0.9690876350540216
14,3,7.0,5,Melissa Gilbert,24.0,Maksim Chmerkoskiy,12.53,0.01,99.97,,2,0.0004,5,9.0,False,Correctly Predicted Safe,True,8.571428571428571,10.550714285714283,False,Correctly Predicted Safe,True,False,0.4682596053921554,0.2,0.874749899959984
14,3,7.0,9,Gavin DeGraw,24.0,Karina Smirnoff,5.19,0.01,99.97,,9,0.0004,9,16.0,False,Correctly Predicted Safe,True,8.571428571428571,6.880714285714285,False,Correctly Predicted Safe,True,False,0.49143637936214873,0.2,0.9481792717086834
14,3,7.0,8,Gladys Knight,24.0,Tristan MacManus,7.28,0.01,99.97,,8,0.0004,8,15.0,False,Correctly Predicted Safe,True,8.571428571428571,7.925714285714285,False,Correctly Predicted Safe,True,False,0.4151098815855312,0.1,0.9272709083633454
14,4,1.0,1,Donald Driver,27.0,Peta Murgatroyd,13.81,0.0,99.56,,1,0.0044,1,2.0,False,Correctly Predicted Safe,True,11.587982832618025,12.698991416309012,False,Correctly Predicted Safe,True,False,0.34253827767874073,0.0,0.8612896745680996
14,4,2.0,6,Roshon Fegan,26.0,Chelsie Hightower,11.01,0.0,99.56,,6,0.0044,6,8.0,False,Correctly Predicted Safe,True,11.158798283261802,11.0843991416309,False,Correctly Predicted Safe,True,False,0.6611135855659216,0.4444444444444444,0.8894134190437927
14,4,2.0,4,Maria Menounos,26.0,Derek Hough,13.81,0.0,99.56,,2,0.0044,2,4.0,False,Correctly Predicted Safe,True,11.158798283261802,12.484399141630902,False,Correctly Predicted Safe,True,False,0.4802804241953448,0.2222222222222222,0.8612896745680996
14,4,4.0,2,Katherine Jenkins,24.0,Mark Ballas,13.81,0.0,99.56,,4,0.0044,3,8.0,False,Correctly Predicted Safe,True,10.300429184549357,12.05521459227468,False,Correctly Predicted Safe,True,False,0.4802804241953448,0.2222222222222222,0.8612896745680996
14,4,5.0,9,Gavin DeGraw,23.0,Karina Smirnoff,3.66,0.0,99.56,,9,0.0044,9,14.0,False,Correctly Predicted Safe,True,9.871244635193133,6.765622317596566,False,Correctly Predicted Safe,True,False,0.6843272478072324,0.4444444444444444,0.9632382482924869
14,4,6.0,3,William Levy,22.0,Cheryl Burke,13.81,0.0,99.56,,3,0.0044,4,9.0,False,Correctly Predicted Safe,True,9.44206008583691,11.626030042918456,False,Correctly Predicted Safe,True,False,0.5656871803949419,0.3333333333333333,0.8612896745680996
14,4,6.0,7,Jaleel White,22.0,Kym Johnson,8.74,0.0,99.56,,7,0.0044,7,13.0,False,Correctly Predicted Safe,True,9.44206008583691,9.091030042918456,False,Correctly Predicted Safe,True,False,0.41812370153843625,0.1111111111111111,0.9122137404580153
14,4,6.0,5,Melissa Gilbert,22.0,Maksim Chmerkoskiy,13.76,0.0,99.56,,5,0.0044,5,11.0,False,Correctly Predicted Safe,True,9.44206008583691,11.601030042918456,False,Correctly Predicted Safe,True,False,0.40435529169624035,0.1111111111111111,0.8617918842908798
14,4,9.0,10,Sherri Sheperd,21.0,Valentin Chmerkovskiy,1.27,0.0,10.98,,10,0.8902,10,19.0,True,Correctly Predicted Eliminated,True,9.012875536480689,5.141437768240343,True,Correctly Predicted Eliminated,True,True,0.41044353673222816,0.1111111111111111,0.8843351548269581
14,4,10.0,8,Gladys Knight,20.0,Tristan MacManus,6.35,0.44,100.0,,8,0.0044,8,18.0,False,Correctly Predicted Safe,True,8.583690987124463,7.466845493562231,False,Correctly Predicted Safe,True,False,0.5057686332922087,0.2222222222222222,0.9406388107673764
14,5,1.0,3,William Levy,29.0,Cheryl Burke,15.38,0.0,100.0,,1,0.0,1,2.0,False,Correctly Predicted Safe,True,12.946428571428571,14.163214285714286,False,Correctly Predicted Safe,True,False,0.49616087172387385,0.25,0.8462
14,5,1.0,2,Katherine Jenkins,29.0,Mark Ballas,15.38,0.0,100.0,,2,0.0,2,3.0,False,Correctly Predicted Safe,True,12.946428571428571,14.163214285714286,False,Correctly Predicted Safe,True,False,0.40888620028073147,0.125,0.8462
14,5,3.0,1,Donald Driver,27.0,Peta Murgatroyd,15.38,0.0,100.0,,3,0.0,3,6.0,False,Correctly Predicted Safe,True,12.053571428571429,13.716785714285717,False,Correctly Predicted Safe,True,False,0.49616087172387385,0.25,0.8462
14,5,3.0,4,Maria Menounos,27.0,Derek Hough,15.38,0.0,100.0,,4,0.0,4,7.0,False,Correctly Predicted Safe,True,12.053571428571429,13.716785714285717,False,Correctly Predicted Safe,True,False,0.40888620028073147,0.125,0.8462
14,5,5.0,6,Roshon Fegan,26.0,Chelsie Hightower,10.52,0.0,100.0,,6,0.0,6,11.0,False,Correctly Predicted Safe,True,11.607142857142858,11.063571428571429,False,Correctly Predicted Safe,True,False,0.42232191674628605,0.125,0.8948
14,5,6.0,7,Jaleel White,24.0,Kym Johnson,7.58,0.0,100.0,,7,0.0,7,13.0,False,Correctly Predicted Safe,True,10.714285714285714,9.147142857142857,False,Correctly Predicted Safe,True,False,0.43068779400817153,0.125,0.9242
14,5,7.0,8,Gladys Knight,22.0,Tristan MacManus,4.64,0.0,100.0,,8,0.0,8,15.0,False,Correctly Predicted Safe,True,9.821428571428571,7.230714285714285,False,Correctly Predicted Safe,True,False,0.4392257573287558,0.125,0.9536
14,5,8.0,5,Melissa Gilbert,21.0,Maksim Chmerkoskiy,13.94,0.0,100.0,,5,0.0,5,13.0,False,Correctly Predicted Safe,True,9.375,11.6575,False,Correctly Predicted Safe,True,False,0.5982351971859061,0.375,0.8606
14,5,9.0,9,Gavin DeGraw,19.0,Karina Smirnoff,1.77,0.0,13.73,,9,0.8627,9,18.0,True,Correctly Predicted Eliminated,True,8.482142857142858,5.126071428571429,True,Correctly Predicted Eliminated,True,True,0.34458499884781135,0.0,0.8710852148579753
14,6,1.0,2,Katherine Jenkins,38.9999,Mark Ballas,17.37,0.0,100.0,,1,0.0,1,2.0,False,Correctly Predicted Safe,True,15.116281323243902,16.24314066162195,False,Correctly Predicted Safe,True,False,0.4148418706386328,0.14285714285714285,0.8263
14,6,2.0,7,Jaleel White,36.9998,Kym Johnson,5.23,0.0,100.0,,7,0.0,7,9.0,False,Correctly Predicted Safe,True,14.341046661754511,9.785523330877256,False,Correctly Predicted Safe,True,False,0.8347239018786807,0.7142857142857143,0.9477
14,6,3.0,3,William Levy,36.0,Cheryl Burke,17.37,0.0,100.0,,3,0.0,2,6.0,False,Correctly Predicted Safe,True,13.953526230497529,15.661763115248764,False,Correctly Predicted Safe,True,False,0.3354086868590548,0.0,0.8263
14,6,4.0,1,Donald Driver,33.9999,Peta Murgatroyd,17.37,0.0,100.0,,2,0.0,3,6.0,False,Correctly Predicted Safe,True,13.178291569008136,15.274145784504068,False,Correctly Predicted Safe,True,False,0.6285085974028399,0.42857142857142855,0.8263
14,6,5.0,5,Melissa Gilbert,30.0,Maksim Chmerkoskiy,13.42,0.0,100.0,,5,0.0,5,10.0,False,Correctly Predicted Safe,True,11.627938525414606,12.523969262707304,False,Correctly Predicted Safe,True,False,0.34347791739655853,0.0,0.8658
14,6,6.0,4,Maria Menounos,29.9999,Derek Hough,17.28,0.0,100.0,,4,0.0,4,10.0,False,Correctly Predicted Safe,True,11.627899765619524,14.453949882809765,False,Correctly Predicted Safe,True,False,0.517145680238386,0.2857142857142857,0.8271999999999999
14,6,7.0,6,Roshon Fegan,27.9998,Chelsie Hightower,9.7,0.0,100.0,,6,0.0,6,13.0,False,Correctly Predicted Safe,True,10.85266510413013,10.276332552065064,False,Correctly Predicted Safe,True,False,0.43661365622588916,0.14285714285714285,0.903
14,6,8.0,8,Gladys Knight,24.0,Tristan MacManus,2.24,0.0,15.69,,8,0.8431,8,16.0,True,Correctly Predicted Eliminated,True,9.302350820331686,5.771175410165843,True,Correctly Predicted Eliminated,True,True,0.34169736438710707,0.0,0.8572339069471
14,7,1.0,4,Maria Menounos,28.5,Derek Hough,17.11,0.0,98.9,,4,0.011,4,5.0,False,Correctly Predicted Safe,True,15.53133514986376,16.32066757493188,False,Correctly Predicted Safe,True,False,0.6822819522174639,0.5,0.8269969666329626
14,7,2.0,2,Katherine Jenkins,27.0,Mark Ballas,20.26,0.0,98.9,,2,0.011,1,4.0,False,Correctly Predicted Safe,True,14.713896457765667,17.486948228882834,False,Correctly Predicted Safe,True,False,0.3292974843067368,0.0,0.7951466127401415
14,7,3.0,3,William Levy,26.5,Cheryl Burke,20.26,0.0,98.9,,3,0.011,2,6.0,False,Correctly Predicted Safe,True,14.441416893732969,17.350708446866484,False,Correctly Predicted Safe,True,False,0.3292974843067368,0.0,0.7951466127401415
14,7,3.0,1,Donald Driver,26.5,Peta Murgatroyd,20.26,0.0,98.9,,1,0.011,3,4.0,False,Correctly Predicted Safe,True,14.441416893732969,17.350708446866484,False,Correctly Predicted Safe,True,False,0.5434368348161147,0.3333333333333333,0.7951466127401415
14,7,5.0,6,Roshon Fegan,26.0,Chelsie Hightower,7.26,0.0,98.9,,6,0.011,6,11.0,False,Correctly Predicted Safe,True,14.168937329700274,10.714468664850138,False,Correctly Predicted Safe,True,False,0.46027020342153296,0.16666666666666666,0.926592517694641
14,7,6.0,7,Jaleel White,25.5,Kym Johnson,2.25,0.0,14.67,,7,0.8533,7,13.0,True,Correctly Predicted Eliminated,True,13.896457765667575,8.073228882833789,True,Correctly Predicted Eliminated,True,True,0.43637504542169797,0.16666666666666666,0.8466257668711656
14,7,7.0,5,Melissa Gilbert,23.5,Maksim Chmerkoskiy,12.6,1.1,100.0,,5,0.011,5,12.0,False,Correctly Predicted Safe,True,12.806539509536783,12.703269754768392,False,Correctly Predicted Safe,True,False,0.5732558265308882,0.3333333333333333,0.8837209302325582
14,8,1.0,3,William Levy,28.5,Cheryl Burke,23.1,0.0,96.87,,3,0.0313,3,4.0,False,Correctly Predicted Safe,False,17.431192660550458,20.26559633027523,False,Correctly Predicted Safe,True,False,0.5845163831390323,0.4,0.7615360792815113
14,8,2.0,6,Roshon Fegan,28.0,Chelsie Hightower,2.73,0.0,16.19,,6,0.8381,6,8.0,False,Incorrectly Predicted Safe,False,17.12538226299694,9.92769113149847,True,Correctly Predicted Eliminated,True,True,0.848664541053697,0.8,0.8313773934527486
14,8,3.0,1,Donald Driver,27.5,Peta Murgatroyd,23.84,0.33,97.2,,1,0.0313,1,4.0,False,Correctly Predicted Safe,False,16.819571865443425,20.329785932721716,False,Correctly Predicted Safe,True,False,0.5830887111310186,0.4,0.7573036027665944
14,8,3.0,2,Katherine Jenkins,27.5,Mark Ballas,23.84,0.33,97.2,,2,0.0313,2,5.0,False,Correctly Predicted Safe,False,16.819571865443425,20.329785932721716,False,Correctly Predicted Safe,True,False,0.4330242383969381,0.2,0.7573036027665944
14,8,5.0,4,Maria Menounos,26.5,Derek Hough,16.58,0.94,97.81,,4,0.0313,4,9.0,True,Incorrectly Predicted Eliminated,False,16.207951070336392,16.393975535168195,False,Correctly Predicted Safe,True,False,0.4571380034402772,0.2,0.8385465056260968
14,8,6.0,5,Melissa Gilbert,25.5,Maksim Chmerkoskiy,9.91,1.54,20.97,,5,0.8057,5,11.0,True,Correctly Predicted Eliminated,False,15.59633027522936,12.75316513761468,True,Correctly Predicted Eliminated,True,True,0.3823746017696029,0.2,0.5692228512609366
14,9,1.0,4,Maria Menounos,29.5,Derek Hough,5.42,0.0,24.34,,4,0.7566,4,5.0,False,Incorrectly Predicted Safe,False,25.65217391304348,15.53608695652174,True,Correctly Predicted Eliminated,True,True,0.898106508640129,1.0,0.7773212818405917
14,9,2.0,3,William Levy,29.0,Cheryl Burke,20.69,0.44,97.81,,3,0.0264,3,5.0,False,Correctly Predicted Safe,False,25.217391304347824,22.953695652173916,False,Correctly Predicted Safe,True,False,0.5423928127788242,0.3333333333333333,0.792030399507035
14,9,3.0,1,Donald Driver,28.5,Peta Murgatroyd,37.76,0.88,98.24,,1,0.0264,1,4.0,False,Correctly Predicted Safe,False,24.782608695652176,31.27130434782609,False,Correctly Predicted Safe,True,False,0.7360001930593689,0.6666666666666666,0.6211996713229253
14,9,4.0,2,Katherine Jenkins,28.0,Mark Ballas,36.13,1.31,98.68,,2,0.0264,2,6.0,True,Incorrectly Predicted Eliminated,False,24.347826086956523,30.238913043478263,False,Correctly Predicted Safe,True,False,0.7417869455013326,0.6666666666666666,0.6423949881893807
14,10,1.0,2,Katherine Jenkins,30.0,Mark Ballas,36.25,0.0,49.81,,2,0.5019,2,3.0,True,Correctly Predicted Eliminated,True,33.58213967483533,34.916069837417666,True,Correctly Predicted Eliminated,True,True,0.49918806235469293,0.5,0.272234491066051
14,10,2.0,3,William Levy,29.666600000000003,Cheryl Burke,9.17,0.0,33.45,,3,0.6655,3,5.0,True,Correctly Predicted Eliminated,True,33.208930162582334,21.189465081291168,True,Correctly Predicted Eliminated,True,True,0.6501947347879975,0.5,0.7258594917787743
14,10,2.0,1,Donald Driver,29.666600000000003,Peta Murgatroyd,54.58,33.47,100.0,,1,0.3347,1,3.0,False,Correctly Predicted Safe,True,33.208930162582334,43.894465081291166,False,Correctly Predicted Safe,True,False,0.6361113255079103,0.5,0.6826995340447919
15,1,1.0,4,Emmitt Smith,24.5,Cheryl Burke,10.54,0.0,100.0,,2,0.0,1,3.0,False,Correctly Predicted Safe,True,8.860759493670885,9.70037974683544,False,Correctly Predicted Safe,True,False,0.5119081205113796,0.25,0.8946000000000001
15,1,2.0,6,Gilles Marini,24.0,Peta Murgatroyd,10.54,0.0,100.0,,3,0.0,2,5.0,False,Correctly Predicted Safe,True,8.679927667269439,9.60996383363472,False,Correctly Predicted Safe,True,False,0.5769274830255864,0.3333333333333333,0.8946000000000001
15,1,3.0,8,Sabrina Bryan,22.5,Louis van Amstel,8.18,0.0,100.0,,8,0.0,8,11.0,False,Correctly Predicted Safe,True,8.1374321880651,8.158716094032549,False,Correctly Predicted Safe,True,False,0.6495129490849965,0.4166666666666667,0.9182
15,1,4.0,5,Apolo Anton Ohno,22.0,Karina Smirnoff,10.54,0.0,100.0,,4,0.0,3,8.0,False,Correctly Predicted Safe,True,7.956600361663653,9.248300180831826,False,Correctly Predicted Safe,True,False,0.3959030177882671,0.08333333333333333,0.8946000000000001
15,1,4.0,2,Shawn Johnson,22.0,Derek Hough,10.54,0.0,100.0,,5,0.0,4,9.0,False,Correctly Predicted Safe,True,7.956600361663653,9.248300180831826,False,Correctly Predicted Safe,True,False,0.4505715226524736,0.16666666666666666,0.8946000000000001
15,1,6.0,3,Kelly Monaco,21.5,Valentin Chmerkovskiy,10.54,0.0,100.0,,1,0.0,5,7.0,False,Correctly Predicted Safe,True,7.775768535262206,9.157884267631102,False,Correctly Predicted Safe,True,False,0.5119081205113796,0.25,0.8946000000000001
15,1,6.0,10,Helio Castroneves,21.5,Chelsie Hightower,5.2,0.0,100.0,,10,0.0,10,16.0,False,Correctly Predicted Safe,True,7.775768535262206,6.487884267631103,False,Correctly Predicted Safe,True,False,0.5949312001869063,0.3333333333333333,0.948
15,1,6.0,11,Drew Lachey,21.5,Anna Trebunskaya,3.7,0.0,100.0,,11,0.0,11,17.0,False,Correctly Predicted Safe,True,7.775768535262206,5.737884267631103,False,Correctly Predicted Safe,True,False,0.6639128098961258,0.4166666666666667,0.963
15,1,9.0,1,Melissa Rycroft,21.0,Tony Dovolani,10.54,0.0,100.0,,6,0.0,6,15.0,False,Correctly Predicted Safe,True,7.59493670886076,9.06746835443038,False,Correctly Predicted Safe,True,False,0.8028575774212838,0.6666666666666666,0.8946000000000001
15,1,10.0,12,Joey Fatone,20.5,Kym Johnson,2.23,0.0,100.0,,12,0.0,12,22.0,False,Correctly Predicted Safe,True,7.414104882459313,4.822052441229657,False,Correctly Predicted Safe,True,False,0.47611626147261465,0.16666666666666666,0.9777
15,1,11.0,9,Bristol Palin,19.5,Mark Ballas,6.79,0.0,100.0,,9,0.0,9,20.0,False,Correctly Predicted Safe,True,7.05244122965642,6.92122061482821,False,Correctly Predicted Safe,True,False,0.4619575367110736,0.16666666666666666,0.9321
15,1,12.0,7,Kirstie Alley,19.0,Maksim Chmerkoskiy,9.82,0.0,100.0,,7,0.0,7,19.0,False,Correctly Predicted Safe,True,6.871609403254973,8.345804701627486,False,Correctly Predicted Safe,True,False,0.6441812330376011,0.4166666666666667,0.9017999999999999
15,1,13.0,13,Pamela Anderson,17.0,Tristan MacManus,0.86,0.0,9.23,,13,0.9077,13,26.0,True,Correctly Predicted Eliminated,True,6.148282097649186,3.504141048824593,True,Correctly Predicted Eliminated,True,True,0.3522420793010657,0.0,0.9068255687973998
15,2,1.0,8,Sabrina Bryan,26.0,Louis van Amstel,7.73,0.0,97.59,,8,0.0241,8,9.0,False,Correctly Predicted Safe,False,9.420289855072465,8.575144927536233,False,Correctly Predicted Safe,True,False,0.7931492316043496,0.6363636363636364,0.9207910646582642
15,2,2.0,6,Gilles Marini,25.5,Peta Murgatroyd,11.27,0.0,97.59,,6,0.0241,1,8.0,False,Correctly Predicted Safe,False,9.239130434782608,10.254565217391304,False,Correctly Predicted Safe,True,False,0.5973615141387008,0.36363636363636365,0.88451685623527
15,2,3.0,2,Shawn Johnson,25.0,Derek Hough,11.45,0.0,97.59,,1,0.0241,2,4.0,False,Correctly Predicted Safe,False,9.057971014492754,10.253985507246377,False,Correctly Predicted Safe,True,False,0.3974044791701603,0.09090909090909091,0.8826724049595246
15,2,4.0,5,Apolo Anton Ohno,24.5,Karina Smirnoff,11.45,0.0,97.59,,5,0.0241,3,9.0,False,Correctly Predicted Safe,False,8.876811594202898,10.163405797101449,False,Correctly Predicted Safe,True,False,0.3974044791701603,0.09090909090909091,0.8826724049595246
15,2,5.0,1,Melissa Rycroft,23.5,Tony Dovolani,11.45,0.0,97.59,,2,0.0241,4,7.0,False,Correctly Predicted Safe,False,8.51449275362319,9.982246376811595,False,Correctly Predicted Safe,True,False,0.5967411645029055,0.36363636363636365,0.8826724049595246
15,2,6.0,10,Helio Castroneves,23.0,Chelsie Hightower,4.33,0.0,97.59,,10,0.0241,10,16.0,False,Correctly Predicted Safe,False,8.333333333333332,6.331666666666666,False,Correctly Predicted Safe,True,False,0.6211538117552602,0.36363636363636365,0.9556306998667896
15,2,7.0,4,Emmitt Smith,22.5,Cheryl Burke,11.45,0.01,97.6,,3,0.0241,5,10.0,False,Correctly Predicted Safe,False,8.152173913043478,9.80108695652174,False,Correctly Predicted Safe,True,False,0.5254997906398531,0.2727272727272727,0.8827748744748437
15,2,7.0,12,Joey Fatone,22.5,Kym Johnson,0.83,0.0,8.51,,12,0.9149,12,19.0,False,Incorrectly Predicted Safe,False,8.152173913043478,4.491086956521739,True,Correctly Predicted Eliminated,True,True,0.6727300178142039,0.45454545454545453,0.9024676850763808
15,2,7.0,11,Drew Lachey,22.5,Anna Trebunskaya,2.59,0.01,97.6,,11,0.0241,11,18.0,False,Correctly Predicted Safe,False,8.152173913043478,5.371086956521739,False,Correctly Predicted Safe,True,False,0.6271019094673342,0.36363636363636365,0.9735628650476483
15,2,10.0,3,Kelly Monaco,22.0,Valentin Chmerkovskiy,11.45,0.19,97.79,,4,0.0241,6,14.0,False,Correctly Predicted Safe,False,7.971014492753622,9.71050724637681,False,Correctly Predicted Safe,True,False,0.7849223762872124,0.6363636363636364,0.8846311475409836
15,2,11.0,7,Kirstie Alley,21.0,Maksim Chmerkoskiy,9.7,0.55,98.15,,7,0.0241,7,18.0,False,Correctly Predicted Safe,False,7.608695652173914,8.654347826086957,False,Correctly Predicted Safe,True,False,0.6046609237917906,0.36363636363636365,0.90625
15,2,12.0,9,Bristol Palin,18.0,Mark Ballas,6.3,1.64,99.24,,9,0.0241,9,21.0,True,Incorrectly Predicted Eliminated,False,6.521739130434782,6.410869565217391,False,Correctly Predicted Safe,True,False,0.5487017251161284,0.2727272727272727,0.9522540983606558
15,3,1.0,3,Kelly Monaco,27.0,Valentin Chmerkovskiy,12.54,0.0,98.14,,1,0.0186,1,2.0,False,Correctly Predicted Safe,False,9.712230215827338,11.12611510791367,False,Correctly Predicted Safe,True,False,0.4674764914218347,0.2,0.8722233543916853
15,3,1.0,1,Melissa Rycroft,27.0,Tony Dovolani,12.54,0.0,98.14,,2,0.0186,2,3.0,False,Correctly Predicted Safe,False,9.712230215827338,11.12611510791367,False,Correctly Predicted Safe,True,False,0.34482425132196726,0.0,0.8722233543916853
15,3,3.0,2,Shawn Johnson,26.5,Derek Hough,12.54,0.0,98.14,,3,0.0186,3,6.0,False,Correctly Predicted Safe,False,9.532374100719425,11.036187050359713,False,Correctly Predicted Safe,True,False,0.40023518718697104,0.1,0.8722233543916853
15,3,4.0,6,Gilles Marini,25.5,Peta Murgatroyd,11.4,0.01,98.15,,6,0.0186,6,10.0,False,Correctly Predicted Safe,False,9.172661870503598,10.2863309352518,False,Correctly Predicted Safe,True,False,0.4711170349128157,0.2,0.8839413083350316
15,3,4.0,8,Sabrina Bryan,25.5,Louis van Amstel,7.21,0.01,98.15,,8,0.0186,8,12.0,False,Correctly Predicted Safe,False,9.172661870503598,8.191330935251798,False,Correctly Predicted Safe,True,False,0.6395891419437867,0.4,0.9266354187894844
15,3,4.0,5,Apolo Anton Ohno,25.5,Karina Smirnoff,12.54,0.01,98.15,,4,0.0186,4,8.0,False,Correctly Predicted Safe,False,9.172661870503598,10.856330935251798,False,Correctly Predicted Safe,True,False,0.40026210880054625,0.1,0.8723252496433667
15,3,4.0,10,Helio Castroneves,25.5,Chelsie Hightower,3.03,0.0,9.96,,10,0.9004,10,14.0,False,Incorrectly Predicted Safe,False,9.172661870503598,6.101330935251799,True,Correctly Predicted Eliminated,True,True,0.713031437215035,0.6,0.6957831325301205
15,3,8.0,4,Emmitt Smith,25.0,Cheryl Burke,12.54,0.19,98.33,,5,0.0186,5,13.0,False,Correctly Predicted Safe,False,8.992805755395683,10.76640287769784,False,Correctly Predicted Safe,True,False,0.6222759109809812,0.4,0.8741593641736295
15,3,9.0,7,Kirstie Alley,24.0,Maksim Chmerkoskiy,9.37,0.55,98.69,,7,0.0186,7,16.0,False,Correctly Predicted Safe,False,8.633093525179856,9.001546762589928,False,Correctly Predicted Safe,True,False,0.4793290238411828,0.2,0.9101283880171184
15,3,9.0,11,Drew Lachey,24.0,Anna Trebunskaya,1.01,0.0,9.53,,11,0.9047,11,20.0,True,Correctly Predicted Eliminated,False,8.633093525179856,4.821546762589928,True,Correctly Predicted Eliminated,True,True,0.4742650316859738,0.2,0.89401888772298
15,3,11.0,9,Bristol Palin,22.5,Mark Ballas,5.26,1.09,99.23,,9,0.0186,9,20.0,True,Incorrectly Predicted Eliminated,False,8.093525179856115,6.676762589928058,False,Correctly Predicted Safe,True,False,0.4944345645606624,0.2,0.9575096800489097
15,4,1.0,6,Gilles Marini,39.5,Peta Murgatroyd,10.47,0.0,99.37,,6,0.0063,6,7.0,False,Correctly Predicted Safe,True,12.28615863141524,11.37807931570762,False,Correctly Predicted Safe,True,False,0.7810645515271699,0.625,0.8946362081110999
15,4,1.0,2,Shawn Johnson,39.5,Derek Hough,15.46,0.0,99.37,,2,0.0063,1,3.0,False,Correctly Predicted Safe,True,12.28615863141524,13.87307931570762,False,Correctly Predicted Safe,True,False,0.4084036318211586,0.125,0.844419845023649
15,4,3.0,3,Kelly Monaco,37.5,Valentin Chmerkovskiy,15.46,0.0,99.37,,3,0.0063,2,6.0,False,Correctly Predicted Safe,True,11.66407465007776,13.56203732503888,False,Correctly Predicted Safe,True,False,0.3390655484834326,0.0,0.844419845023649
15,4,4.0,1,Melissa Rycroft,37.0,Tony Dovolani,15.46,0.0,99.37,,4,0.0063,3,8.0,False,Correctly Predicted Safe,True,11.508553654743393,13.484276827371696,False,Correctly Predicted Safe,True,False,0.5927908319856332,0.375,0.844419845023649
15,4,5.0,4,Emmitt Smith,36.0,Cheryl Burke,15.46,0.0,99.37,,1,0.0063,4,6.0,False,Correctly Predicted Safe,True,11.19751166407465,13.328755832037324,False,Correctly Predicted Safe,True,False,0.4084036318211586,0.125,0.844419845023649
15,4,6.0,8,Sabrina Bryan,35.5,Louis van Amstel,4.48,0.0,99.37,,8,0.0063,8,14.0,False,Correctly Predicted Safe,True,11.04199066874028,7.76099533437014,False,Correctly Predicted Safe,True,False,0.5318510929617148,0.25,0.9549159706148737
15,4,7.0,5,Apolo Anton Ohno,34.5,Karina Smirnoff,13.81,0.0,99.37,,5,0.0063,5,12.0,False,Correctly Predicted Safe,True,10.730948678071538,12.270474339035768,False,Correctly Predicted Safe,True,False,0.5009561479601459,0.25,0.8610244540605817
15,4,8.0,9,Bristol Palin,32.0,Mark Ballas,1.55,0.0,12.26,,9,0.8774,9,17.0,True,Correctly Predicted Eliminated,True,9.953343701399689,5.751671850699845,True,Correctly Predicted Eliminated,True,True,0.41639208900656194,0.125,0.8735725938009788
15,4,9.0,7,Kirstie Alley,30.0,Maksim Chmerkoskiy,7.84,0.63,100.0,,7,0.0063,7,16.0,False,Correctly Predicted Safe,True,9.331259720062208,8.585629860031105,False,Correctly Predicted Safe,True,False,0.5227294987938005,0.25,0.9274428902083124
15,6,1.0,8,Sabrina Bryan,59.25,Louis van Amstel,1.58,0.0,11.77,,8,0.8823,8,9.0,False,Incorrectly Predicted Safe,False,13.218070273284996,7.399035136642498,True,Correctly Predicted Eliminated,True,True,0.9052881860974011,1.0,0.8657604078164826
15,6,2.0,5,Apolo Anton Ohno,58.25,Karina Smirnoff,13.3,0.23,94.42,,5,0.0581,5,7.0,False,Correctly Predicted Safe,False,12.994980479643056,13.14749023982153,False,Correctly Predicted Safe,True,False,0.640004698076599,0.42857142857142855,0.8612379233464275
15,6,3.0,1,Melissa Rycroft,57.75,Tony Dovolani,17.53,0.34,94.53,,1,0.0581,1,4.0,False,Correctly Predicted Safe,False,12.883435582822086,15.206717791411045,False,Correctly Predicted Safe,True,False,0.5139530970476882,0.2857142857142857,0.8174965495275507
15,6,4.0,2,Shawn Johnson,56.25,Derek Hough,17.53,0.68,94.86,,2,0.0581,2,6.0,False,Correctly Predicted Safe,False,12.548800892359177,15.039400446179588,False,Correctly Predicted Safe,True,False,0.5151334693550758,0.2857142857142857,0.8210872796772138
15,6,5.0,6,Gilles Marini,55.75,Peta Murgatroyd,9.51,0.79,94.98,,6,0.0581,6,11.0,False,Correctly Predicted Safe,False,12.437255995538203,10.973627997769103,False,Correctly Predicted Safe,True,False,0.43790448447059394,0.14285714285714285,0.9074211699755813
15,6,7.0,7,Kirstie Alley,53.75,Maksim Chmerkoskiy,5.69,1.24,95.42,,7,0.0581,7,14.0,True,Incorrectly Predicted Eliminated,False,11.991076408254322,8.840538204127162,False,Correctly Predicted Safe,True,False,0.3625188832152945,0.0,0.952750053089828
15,6,8.0,3,Kelly Monaco,52.75,Valentin Chmerkovskiy,17.53,1.46,95.65,,3,0.0581,4,11.0,False,Correctly Predicted Safe,False,11.76798661461238,14.648993307306192,False,Correctly Predicted Safe,True,False,0.812384561403888,0.7142857142857143,0.8293874084297697
15,6,6.0,4,Emmitt Smith,54.5,Cheryl Burke,17.34,1.07,95.26,,4,0.0581,3,10.0,False,Correctly Predicted Safe,False,12.15839375348578,14.74919687674289,False,Correctly Predicted Safe,True,False,0.5171667797399176,0.2857142857142857,0.8272640407686591
15,8,1.0,1,Melissa Rycroft,68.9999,Tony Dovolani,20.2,0.0,99.88,,2,0.0012,1,3.0,False,Correctly Predicted Safe,False,15.636424946071251,17.918212473035624,False,Correctly Predicted Safe,True,False,0.3298011118091757,0.0,0.7977573087705246
15,8,5.0,6,Gilles Marini,62.7775,Peta Murgatroyd,7.23,0.0,17.08,,6,0.8292,6,11.0,False,Incorrectly Predicted Safe,False,14.226334633122484,10.728167316561242,True,Correctly Predicted Eliminated,True,True,0.3654795953104093,0.16666666666666666,0.5766978922716627
15,8,6.0,5,Apolo Anton Ohno,62.2777,Karina Smirnoff,12.3,0.12,100.0,,5,0.0012,5,11.0,True,Incorrectly Predicted Eliminated,False,14.113072364799685,13.206536182399844,False,Correctly Predicted Safe,True,False,0.44562675958271436,0.16666666666666666,0.8780536643972767
15,8,4.0,4,Emmitt Smith,63.5553,Cheryl Burke,17.29,0.0,99.88,,4,0.0012,4,8.0,False,Correctly Predicted Safe,False,14.40259592224108,15.84629796112054,False,Correctly Predicted Safe,True,False,0.3355270216213413,0.0,0.8268922707248698
15,8,3.0,3,Kelly Monaco,64.33330000000001,Valentin Chmerkovskiy,20.2,0.0,99.88,,3,0.0012,3,6.0,False,Correctly Predicted Safe,False,14.57890253439622,17.389451267198112,False,Correctly Predicted Safe,True,False,0.3298011118091757,0.0,0.7977573087705246
15,8,2.0,2,Shawn Johnson,65.8331,Derek Hough,20.2,0.0,99.88,,1,0.0012,2,3.0,False,Correctly Predicted Safe,False,14.918779985437707,17.559389992718852,False,Correctly Predicted Safe,True,False,0.3298011118091757,0.0,0.7977573087705246
15,8,7.0,7,Kirstie Alley,53.4999,Maksim Chmerkoskiy,2.6,0.0,16.43,,7,0.8357,7,14.0,True,Correctly Predicted Eliminated,False,12.123889613931576,7.361944806965788,True,Correctly Predicted Eliminated,True,True,0.3385225673416888,0.0,0.8417528910529519
15,9,1.0,2,Shawn Johnson,29.5,Derek Hough,29.3,0.0,97.76,,1,0.0224,1,2.0,False,Correctly Predicted Safe,True,20.922030330560982,25.11101516528049,False,Correctly Predicted Safe,True,False,0.4506108270063075,0.25,0.7002864157119477
15,9,2.0,1,Melissa Rycroft,28.7777,Tony Dovolani,29.3,0.0,97.76,,2,0.0224,2,4.0,False,Correctly Predicted Safe,True,20.40975973707745,24.854879868538724,False,Correctly Predicted Safe,True,False,0.4506108270063075,0.25,0.7002864157119477
15,9,3.0,5,Apolo Anton Ohno,28.611,Karina Smirnoff,3.82,0.0,19.69,,5,0.8031,5,8.0,True,Correctly Predicted Eliminated,True,20.291532535175605,12.055766267587805,True,Correctly Predicted Eliminated,True,True,0.6757386563842027,0.5,0.8059928897917725
15,9,4.0,3,Kelly Monaco,27.111,Valentin Chmerkovskiy,23.67,1.08,98.85,,3,0.0224,3,7.0,False,Correctly Predicted Safe,True,19.227700484469118,21.44885024223456,False,Correctly Predicted Safe,True,False,0.47163852398620226,0.25,0.7689475299171524
15,9,5.0,4,Emmitt Smith,27.0,Cheryl Burke,13.92,1.15,25.77,,4,0.7538,4,9.0,True,Correctly Predicted Eliminated,True,19.148976912716837,16.534488456358417,True,Correctly Predicted Eliminated,True,True,0.3896145966107198,0.25,0.4813160032493907
15,10,1.0,1,Melissa Rycroft,29.3331,Tony Dovolani,54.47,33.11,99.8,,1,0.3331,1,2.0,False,Correctly Predicted Safe,True,33.56639275509422,44.01819637754711,False,Correctly Predicted Safe,True,False,0.30855019716716675,0.0,0.6797121007647323
15,10,2.0,3,Kelly Monaco,29.1109,Valentin Chmerkovskiy,9.09,0.0,33.34,,3,0.6666,3,5.0,True,Correctly Predicted Eliminated,True,33.31212530739241,21.201062653696205,True,Correctly Predicted Eliminated,True,True,0.6506788910130779,0.5,0.7273545290941812
15,10,3.0,2,Shawn Johnson,28.9443,Derek Hough,36.43,0.2,50.22,,2,0.4998,2,5.0,True,Correctly Predicted Eliminated,True,33.12148193751337,34.775740968756686,True,Correctly Predicted Eliminated,True,True,0.5003072424310009,0.5,0.27568972411035586
16,2,1.0,2,Zendaya,50.0,Valentin Chmerkovskiy,11.38,0.0,98.27,,5,0.0173,1,6.0,False,Correctly Predicted Safe,False,10.570824524312895,10.97541226215645,False,Correctly Predicted Safe,True,False,0.3978037783816943,0.09090909090909091,0.8841966012007734
16,2,2.0,1,Kellie Pickler,47.0,Derek Hough,11.38,0.0,98.27,,3,0.0173,2,5.0,False,Correctly Predicted Safe,False,9.936575052854122,10.658287526427062,False,Correctly Predicted Safe,True,False,0.3978037783816943,0.09090909090909091,0.8841966012007734
16,2,3.0,4,Alexandra Raisman,45.0,Mark Ballas,11.38,0.0,98.27,,4,0.0173,3,7.0,False,Correctly Predicted Safe,False,9.513742071881609,10.446871035940804,False,Correctly Predicted Safe,True,False,0.3978037783816943,0.09090909090909091,0.8841966012007734
16,2,4.0,3,Jacoby Jones,43.0,Karina Smirnoff,11.38,0.0,98.27,,1,0.0173,4,5.0,False,Correctly Predicted Safe,False,9.090909090909092,10.235454545454546,False,Correctly Predicted Safe,True,False,0.3978037783816943,0.09090909090909091,0.8841966012007734
16,2,5.0,5,Ingo Rademacher,40.0,Kym Johnson,11.38,0.0,98.27,,2,0.0173,5,7.0,False,Correctly Predicted Safe,False,8.456659619450317,9.918329809725158,False,Correctly Predicted Safe,True,False,0.34735944504889915,0.0,0.8841966012007734
16,2,7.0,7,Andy Dick,37.0,Sharna Burgess,9.62,0.0,98.27,,7,0.0173,7,14.0,False,Correctly Predicted Safe,False,7.822410147991543,8.72120507399577,False,Correctly Predicted Safe,True,False,0.3512139776310084,0.0,0.9021064414368576
16,2,6.0,6,Sean Lowe,39.0,Peta Murgatroyd,11.32,0.0,98.27,,6,0.0173,6,12.0,False,Correctly Predicted Safe,False,8.24524312896406,9.78262156448203,False,Correctly Predicted Safe,True,False,0.3474896185894213,0.0,0.8848071639360944
16,2,8.0,8,Victor Ortiz,36.0,Lindsay Arnold,7.89,0.01,98.28,,8,0.0173,8,16.0,False,Correctly Predicted Safe,False,7.610993657505285,7.750496828752643,False,Correctly Predicted Safe,True,False,0.3550983051339429,0.0,0.9198127607611682
16,2,8.0,11,Wynonna Judd,36.0,Tony Dovolani,2.64,0.01,98.28,,11,0.0173,11,19.0,False,Correctly Predicted Safe,False,7.610993657505285,5.125496828752643,False,Correctly Predicted Safe,True,False,0.5557571313861467,0.2727272727272727,0.9732370001017605
16,2,8.0,10,Lisa Vanderpump,36.0,Gleb Savchenko,4.39,0.01,98.28,,10,0.0173,10,18.0,False,Correctly Predicted Safe,False,7.610993657505285,6.000496828752643,False,Correctly Predicted Safe,True,False,0.4802371858298308,0.18181818181818182,0.955428920321563
16,2,12.0,9,D. L. Hughley,28.0,Cheryl Burke,6.33,1.7,99.97,,9,0.0173,9,21.0,True,Incorrectly Predicted Eliminated,False,5.9196617336152215,6.124830866807611,False,Correctly Predicted Safe,True,False,0.548913585050162,0.2727272727272727,0.952884908924392
16,2,8.0,12,Dorothy Hamill,36.0,Tristan MacManus,0.89,0.0,9.05,,12,0.9095,12,20.0,False,Incorrectly Predicted Safe,False,7.610993657505285,4.250496828752643,True,Correctly Predicted Eliminated,True,True,0.6031201430273259,0.36363636363636365,0.901657458563536
16,3,1.0,2,Zendaya,25.9998,Valentin Chmerkovskiy,12.48,0.0,100.0,,1,0.0,1,2.0,False,Correctly Predicted Safe,True,11.063763512788958,11.771881756394478,False,Correctly Predicted Safe,True,False,0.4010225904882557,0.1,0.8752
16,3,1.0,3,Jacoby Jones,25.9998,Karina Smirnoff,12.48,0.0,100.0,,2,0.0,2,3.0,False,Correctly Predicted Safe,True,11.063763512788958,11.771881756394478,False,Correctly Predicted Safe,True,False,0.46839922251828664,0.2,0.8752
16,3,3.0,1,Kellie Pickler,25.0,Derek Hough,12.48,0.0,100.0,,5,0.0,3,8.0,False,Correctly Predicted Safe,True,10.638315980112308,11.559157990056152,False,Correctly Predicted Safe,True,False,0.46839922251828664,0.2,0.8752
16,3,4.0,8,Victor Ortiz,23.0,Lindsay Arnold,7.1,0.0,100.0,,8,0.0,8,12.0,False,Correctly Predicted Safe,True,9.78725070170332,8.443625350851661,False,Correctly Predicted Safe,True,False,0.6403632284965206,0.4,0.929
16,3,4.0,4,Alexandra Raisman,23.0,Mark Ballas,12.48,0.0,100.0,,3,0.0,4,7.0,False,Correctly Predicted Safe,True,9.78725070170332,11.13362535085166,False,Correctly Predicted Safe,True,False,0.3454514062900812,0.0,0.8752
16,3,6.0,5,Ingo Rademacher,21.0,Kym Johnson,12.48,0.0,100.0,,4,0.0,5,10.0,False,Correctly Predicted Safe,True,8.936185423294338,10.708092711647168,False,Correctly Predicted Safe,True,False,0.4010225904882557,0.1,0.8752
16,3,6.0,10,Lisa Vanderpump,21.0,Gleb Savchenko,3.04,0.0,100.0,,10,0.0,10,16.0,False,Correctly Predicted Safe,True,8.936185423294338,5.98809271164717,False,Correctly Predicted Safe,True,False,0.6535595109446227,0.4,0.9696
16,3,6.0,6,Sean Lowe,21.0,Peta Murgatroyd,11.36,0.0,100.0,,6,0.0,6,12.0,False,Correctly Predicted Safe,True,8.936185423294338,10.14809271164717,False,Correctly Predicted Safe,True,False,0.34782962405113127,0.0,0.8864
16,3,9.0,7,Andy Dick,18.0,Sharna Burgess,9.44,0.0,100.0,,7,0.0,7,16.0,False,Correctly Predicted Safe,True,7.659587505680861,8.54979375284043,False,Correctly Predicted Safe,True,False,0.47790166021683017,0.2,0.9056
16,3,10.0,9,D. L. Hughley,16.0,Cheryl Burke,5.39,0.0,100.0,,9,0.0,9,19.0,False,Correctly Predicted Safe,True,6.808522227271877,6.099261113635938,False,Correctly Predicted Safe,True,False,0.42034676637554214,0.1,0.9461
16,3,11.0,11,Wynonna Judd,15.0,Tony Dovolani,1.28,0.0,11.79,,11,0.8821,11,22.0,True,Correctly Predicted Eliminated,True,6.382989588067384,3.831494794033692,True,Correctly Predicted Eliminated,True,True,0.3489079389099152,0.0,0.8914334181509754
16,4,1.0,4,Alexandra Raisman,27.0,Mark Ballas,13.74,0.0,99.99,,2,0.0001,1,3.0,False,Correctly Predicted Safe,True,12.053571428571429,12.896785714285716,False,Correctly Predicted Safe,True,False,0.5661245201076409,0.3333333333333333,0.8625862586258626
16,4,2.0,2,Zendaya,26.0,Valentin Chmerkovskiy,13.74,0.0,99.99,,1,0.0001,2,3.0,False,Correctly Predicted Safe,True,11.607142857142858,12.673571428571428,False,Correctly Predicted Safe,True,False,0.34280791277311845,0.0,0.8625862586258626
16,4,2.0,1,Kellie Pickler,26.0,Derek Hough,13.74,0.0,99.99,,3,0.0001,3,5.0,False,Correctly Predicted Safe,True,11.607142857142858,12.673571428571428,False,Correctly Predicted Safe,True,False,0.4045679456792795,0.1111111111111111,0.8625862586258626
16,4,4.0,3,Jacoby Jones,24.0,Karina Smirnoff,13.74,0.0,99.99,,4,0.0001,4,8.0,False,Correctly Predicted Safe,True,10.714285714285714,12.227142857142857,False,Correctly Predicted Safe,True,False,0.4045679456792795,0.1111111111111111,0.8625862586258626
16,4,5.0,5,Ingo Rademacher,23.0,Kym Johnson,13.58,0.0,99.99,,5,0.0001,5,10.0,False,Correctly Predicted Safe,True,10.267857142857142,11.923928571428572,False,Correctly Predicted Safe,True,False,0.34314121649753637,0.0,0.8641864186418642
16,4,6.0,9,D. L. Hughley,21.0,Cheryl Burke,3.71,0.0,99.99,,9,0.0001,9,15.0,False,Correctly Predicted Safe,True,9.375,6.5425,False,Correctly Predicted Safe,True,False,0.5999406260630831,0.3333333333333333,0.9628962896289629
16,4,6.0,7,Andy Dick,21.0,Sharna Burgess,8.71,0.0,99.99,,7,0.0001,7,13.0,False,Correctly Predicted Safe,True,9.375,9.0425,False,Correctly Predicted Safe,True,False,0.4183124033130968,0.1111111111111111,0.9128912891289129
16,4,8.0,6,Sean Lowe,20.0,Peta Murgatroyd,11.26,0.0,99.99,,6,0.0001,6,14.0,False,Correctly Predicted Safe,True,8.928571428571429,10.094285714285714,False,Correctly Predicted Safe,True,False,0.4885745691079835,0.2222222222222222,0.8873887388738874
16,4,9.0,8,Victor Ortiz,18.0,Lindsay Arnold,6.39,0.01,100.0,,8,0.0001,8,17.0,False,Correctly Predicted Safe,True,8.035714285714286,7.212857142857143,False,Correctly Predicted Safe,True,False,0.4248603288857351,0.1111111111111111,0.9361936193619362
16,4,9.0,10,Lisa Vanderpump,18.0,Gleb Savchenko,1.39,0.0,11.96,,10,0.8804,10,19.0,True,Correctly Predicted Eliminated,True,8.035714285714286,4.712857142857144,True,Correctly Predicted Eliminated,True,True,0.41029208379437193,0.1111111111111111,0.8837792642140468
16,5,1.0,2,Zendaya,29.0,Valentin Chmerkovskiy,15.36,0.0,99.99,,1,0.0001,1,2.0,False,Correctly Predicted Safe,True,13.875598086124402,14.6177990430622,False,Correctly Predicted Safe,True,False,0.40893629174710244,0.125,0.8463846384638464
16,5,2.0,1,Kellie Pickler,27.0,Derek Hough,15.36,0.0,99.99,,2,0.0001,2,4.0,False,Correctly Predicted Safe,True,12.91866028708134,14.13933014354067,False,Correctly Predicted Safe,True,False,0.40893629174710244,0.125,0.8463846384638464
16,5,3.0,3,Jacoby Jones,26.0,Karina Smirnoff,15.36,0.0,99.99,,3,0.0001,3,6.0,False,Correctly Predicted Safe,True,12.440191387559809,13.900095693779903,False,Correctly Predicted Safe,True,False,0.33946662321422105,0.0,0.8463846384638464
16,5,4.0,4,Alexandra Raisman,25.0,Mark Ballas,15.36,0.0,99.99,,4,0.0001,4,8.0,False,Correctly Predicted Safe,True,11.961722488038278,13.660861244019138,False,Correctly Predicted Safe,True,False,0.33946662321422105,0.0,0.8463846384638464
16,5,5.0,6,Sean Lowe,24.0,Peta Murgatroyd,10.52,0.0,99.99,,6,0.0001,6,11.0,False,Correctly Predicted Safe,True,11.483253588516746,11.001626794258373,False,Correctly Predicted Safe,True,False,0.42231895450743684,0.125,0.8947894789478947
16,5,6.0,5,Ingo Rademacher,21.0,Kym Johnson,13.81,0.0,99.99,,5,0.0001,5,11.0,False,Correctly Predicted Safe,True,10.047846889952153,11.928923444976077,False,Correctly Predicted Safe,True,False,0.41316796165581715,0.125,0.8618861886188619
16,5,6.0,8,Victor Ortiz,21.0,Lindsay Arnold,4.6,0.0,99.99,,8,0.0001,8,14.0,False,Correctly Predicted Safe,True,10.047846889952153,7.323923444976076,False,Correctly Predicted Safe,True,False,0.5315445429864736,0.25,0.953995399539954
16,5,8.0,9,D. L. Hughley,18.0,Cheryl Burke,1.75,0.0,13.6,,9,0.864,9,17.0,True,Correctly Predicted Eliminated,True,8.61244019138756,5.18122009569378,True,Correctly Predicted Eliminated,True,True,0.41576935221413863,0.125,0.8713235294117647
16,5,8.0,7,Andy Dick,18.0,Sharna Burgess,7.89,0.01,100.0,,7,0.0001,7,15.0,False,Correctly Predicted Safe,True,8.61244019138756,8.25122009569378,False,Correctly Predicted Safe,True,False,0.42982387755427354,0.125,0.9211921192119212
16,6,1.0,1,Kellie Pickler,27.0,Derek Hough,17.45,0.0,100.0,,2,0.0,1,3.0,False,Correctly Predicted Safe,True,14.323607427055704,15.88680371352785,False,Correctly Predicted Safe,True,False,0.3352489760309593,0.0,0.8255
16,6,2.0,4,Alexandra Raisman,26.0,Mark Ballas,16.98,0.0,100.0,,4,0.0,3,6.0,False,Correctly Predicted Safe,True,13.79310344827586,15.38655172413793,False,Correctly Predicted Safe,True,False,0.5181344904448913,0.2857142857142857,0.8302
16,6,3.0,2,Zendaya,25.5,Valentin Chmerkovskiy,17.45,0.0,100.0,,3,0.0,2,6.0,False,Correctly Predicted Safe,True,13.527851458885944,15.488925729442972,False,Correctly Predicted Safe,True,False,0.41462118774024337,0.14285714285714285,0.8255
16,6,4.0,5,Ingo Rademacher,23.0,Kym Johnson,13.38,0.0,100.0,,5,0.0,5,9.0,False,Correctly Predicted Safe,True,12.20159151193634,12.790795755968167,False,Correctly Predicted Safe,True,False,0.4260184248407118,0.14285714285714285,0.8662
16,6,4.0,6,Sean Lowe,23.0,Peta Murgatroyd,9.5,0.0,100.0,,6,0.0,6,10.0,False,Correctly Predicted Safe,True,12.20159151193634,10.85079575596817,False,Correctly Predicted Safe,True,False,0.5430154005159035,0.2857142857142857,0.905
16,6,6.0,3,Jacoby Jones,22.5,Karina Smirnoff,17.45,0.0,100.0,,1,0.0,4,7.0,False,Correctly Predicted Safe,True,11.93633952254642,14.693169761273207,False,Correctly Predicted Safe,True,False,0.6282440675580707,0.42857142857142855,0.8255
16,6,7.0,7,Andy Dick,21.5,Sharna Burgess,5.76,0.0,100.0,,7,0.0,7,14.0,False,Correctly Predicted Safe,True,11.405835543766578,8.582917771883288,False,Correctly Predicted Safe,True,False,0.3601597478459164,0.0,0.9424
16,6,8.0,8,Victor Ortiz,20.0,Lindsay Arnold,2.03,0.0,14.38,,8,0.8562,8,16.0,True,Correctly Predicted Eliminated,True,10.610079575596815,6.320039787798408,True,Correctly Predicted Eliminated,True,True,0.3420281941460429,0.0,0.8588317107093185
16,7,1.0,4,Alexandra Raisman,32.0,Mark Ballas,16.63,0.0,100.0,,4,0.0,4,5.0,False,Correctly Predicted Safe,True,17.391304347826086,17.010652173913044,False,Correctly Predicted Safe,True,False,0.6843554669784014,0.5,0.8337
16,7,2.0,2,Zendaya,30.0,Valentin Chmerkovskiy,20.13,0.0,100.0,,1,0.0,1,3.0,False,Correctly Predicted Safe,True,16.304347826086957,18.21717391304348,False,Correctly Predicted Safe,True,False,0.32998334647408617,0.0,0.7987
16,7,3.0,1,Kellie Pickler,29.0,Derek Hough,20.13,0.0,100.0,,2,0.0,2,5.0,False,Correctly Predicted Safe,True,15.760869565217392,17.945434782608697,False,Correctly Predicted Safe,True,False,0.544627923559377,0.3333333333333333,0.7987
16,7,4.0,3,Jacoby Jones,27.0,Karina Smirnoff,20.13,0.0,100.0,,3,0.0,3,7.0,False,Correctly Predicted Safe,True,14.673913043478262,17.40195652173913,False,Correctly Predicted Safe,True,False,0.4226380134136467,0.16666666666666666,0.7987
16,7,5.0,5,Ingo Rademacher,25.0,Kym Johnson,12.36,0.0,100.0,,5,0.0,5,10.0,False,Correctly Predicted Safe,True,13.586956521739127,12.973478260869564,False,Correctly Predicted Safe,True,False,0.34570481915899154,0.0,0.8764000000000001
16,7,6.0,6,Sean Lowe,24.0,Peta Murgatroyd,7.44,0.0,100.0,,6,0.0,6,12.0,False,Correctly Predicted Safe,True,13.043478260869565,10.241739130434782,False,Correctly Predicted Safe,True,False,0.3563837678680378,0.0,0.9256
16,7,7.0,7,Andy Dick,17.0,Sharna Burgess,3.17,0.0,19.32,,7,0.8068,7,14.0,True,Correctly Predicted Eliminated,True,9.239130434782608,6.204565217391304,True,Correctly Predicted Eliminated,True,True,0.33734100014525237,0.0,0.8359213250517599
16,8,1.0,2,Zendaya,29.0,Valentin Chmerkovskiy,23.69,0.0,100.0,,2,0.0,1,3.0,False,Correctly Predicted Safe,True,18.64951768488746,21.16975884244373,False,Correctly Predicted Safe,True,False,0.4347034109466186,0.2,0.7631
16,8,2.0,4,Alexandra Raisman,28.0,Mark Ballas,16.04,0.0,100.0,,4,0.0,4,6.0,False,Correctly Predicted Safe,True,18.006430868167204,17.023215434083603,False,Correctly Predicted Safe,True,False,0.610756046123736,0.4,0.8396
16,8,3.0,1,Kellie Pickler,27.5,Derek Hough,23.69,0.0,100.0,,1,0.0,2,4.0,False,Correctly Predicted Safe,True,17.684887459807076,20.68744372990354,False,Correctly Predicted Safe,True,False,0.58504384727817,0.4,0.7631
16,8,4.0,3,Jacoby Jones,26.0,Karina Smirnoff,23.12,0.0,100.0,,3,0.0,3,7.0,False,Correctly Predicted Safe,True,16.720257234726688,19.920128617363343,False,Correctly Predicted Safe,True,False,0.43636106260726826,0.2,0.7687999999999999
16,8,5.0,5,Ingo Rademacher,24.0,Kym Johnson,9.88,0.0,100.0,,5,0.0,5,10.0,False,Correctly Predicted Safe,True,15.434083601286176,12.65704180064309,False,Correctly Predicted Safe,True,False,0.3510170969476737,0.0,0.9012
16,8,6.0,6,Sean Lowe,21.0,Peta Murgatroyd,3.57,0.0,19.82,,6,0.8018,6,12.0,True,Correctly Predicted Eliminated,True,13.504823151125404,8.537411575562702,True,Correctly Predicted Eliminated,True,True,0.33413093199620375,0.0,0.8198789101917255
16,9,1.0,4,Alexandra Raisman,29.5,Mark Ballas,13.45,0.0,100.0,,4,0.0,4,5.0,False,Correctly Predicted Safe,True,20.92198581560284,17.18599290780142,False,Correctly Predicted Safe,True,False,0.8349227796185634,0.75,0.8655
16,9,1.0,3,Jacoby Jones,29.5,Karina Smirnoff,23.25,0.0,100.0,,3,0.0,3,4.0,False,Correctly Predicted Safe,True,20.92198581560284,22.08599290780142,False,Correctly Predicted Safe,True,False,0.6635765114831633,0.5,0.7675
16,9,3.0,1,Kellie Pickler,29.0,Derek Hough,29.4,0.0,100.0,,1,0.0,1,4.0,False,Correctly Predicted Safe,True,20.56737588652482,24.98368794326241,False,Correctly Predicted Safe,True,False,0.6437392043629258,0.5,0.706
16,9,4.0,2,Zendaya,27.5,Valentin Chmerkovskiy,29.4,0.0,100.0,,2,0.0,2,6.0,False,Correctly Predicted Safe,True,19.50354609929078,24.45177304964539,False,Correctly Predicted Safe,True,False,0.6437392043629258,0.5,0.706
16,9,5.0,5,Ingo Rademacher,25.5,Kym Johnson,4.48,0.0,21.91,,5,0.7809,5,10.0,True,Correctly Predicted Eliminated,True,18.08510638297873,11.282553191489365,True,Correctly Predicted Eliminated,True,True,0.3293707983098917,0.0,0.7955271565495208
16,10,1.0,2,Zendaya,30.0,Valentin Chmerkovskiy,35.52,0.0,49.56,,2,0.5044,2,3.0,True,Correctly Predicted Eliminated,True,25.641047556450903,30.58052377822545,True,Correctly Predicted Eliminated,True,True,0.3887034501499931,0.3333333333333333,0.2832929782082324
16,10,1.0,1,Kellie Pickler,30.0,Derek Hough,37.64,24.37,99.14,,1,0.2524,1,2.0,False,Correctly Predicted Safe,True,25.641047556450903,31.64052377822545,False,Correctly Predicted Safe,True,False,0.33465582394479754,0.0,0.822522402032901
16,10,3.0,4,Alexandra Raisman,29.0,Mark Ballas,5.73,0.0,25.2,,4,0.748,4,7.0,True,Correctly Predicted Eliminated,True,24.786345971235875,15.258172985617938,True,Correctly Predicted Eliminated,True,True,0.5359015355572363,0.3333333333333333,0.7726190476190475
16,10,4.0,3,Jacoby Jones,27.9999,Karina Smirnoff,21.11,0.86,34.46,,3,0.664,3,7.0,True,Correctly Predicted Eliminated,True,23.93155891586232,22.52077945793116,True,Correctly Predicted Eliminated,True,True,0.4191347432660342,0.3333333333333333,0.3973214285714286
17,2,2.0,2,Corbin Bleu,50.0,Karina Smirnoff,11.43,0.0,99.22,,1,0.0078,2,3.0,False,Correctly Predicted Safe,False,9.578544061302685,10.50427203065134,False,Correctly Predicted Safe,True,False,0.3474884002427241,0.0,0.8848014513202983
17,2,3.0,6,Elizabeth Berkley Lauren,49.0,Valentin Chmerkovskiy,11.23,0.0,99.22,,6,0.0078,3,9.0,False,Correctly Predicted Safe,False,9.386973180076629,10.308486590038314,False,Correctly Predicted Safe,True,False,0.5268409335039999,0.2727272727272727,0.8868171739568635
17,2,4.0,9,Christina Milian,47.0,Mark Ballas,6.0,0.0,99.22,,9,0.0078,9,13.0,False,Correctly Predicted Safe,False,9.003831417624522,7.501915708812261,False,Correctly Predicted Safe,True,False,0.6842837331083955,0.45454545454545453,0.9395283209030437
17,2,6.0,5,Leah Remini,45.0,Tony Dovolani,11.43,0.0,99.22,,2,0.0078,5,8.0,False,Correctly Predicted Safe,False,8.620689655172415,10.025344827586206,False,Correctly Predicted Safe,True,False,0.3979623767479259,0.09090909090909091,0.8848014513202983
17,2,1.0,1,Amber Riley,51.0,Derek Hough,11.43,0.0,99.22,,3,0.0078,1,4.0,False,Correctly Predicted Safe,False,9.770114942528735,10.600057471264368,False,Correctly Predicted Safe,True,False,0.3474884002427241,0.0,0.8848014513202983
17,2,4.0,3,Jack Osbourne,47.0,Cheryl Burke,11.43,0.0,99.22,,4,0.0078,4,8.0,False,Correctly Predicted Safe,False,9.003831417624522,10.21691570881226,False,Correctly Predicted Safe,True,False,0.3979623767479259,0.09090909090909091,0.8848014513202983
17,2,6.0,7,Brant Daugherty,45.0,Peta Murgatroyd,9.56,0.0,99.22,,7,0.0078,7,13.0,False,Correctly Predicted Safe,False,8.620689655172415,9.090344827586208,False,Correctly Predicted Safe,True,False,0.40294496234280697,0.09090909090909091,0.9036484579721831
17,2,10.0,4,Bill Engvall,39.0,Emma Slater,11.43,0.0,99.22,,5,0.0078,6,15.0,False,Correctly Predicted Safe,False,7.471264367816093,9.450632183908048,False,Correctly Predicted Safe,True,False,0.7306682601915795,0.5454545454545454,0.8848014513202983
17,2,8.0,8,"Nicole ""Snooki"" Polizzi",43.0,Sasha Farber,7.85,0.0,99.22,,8,0.0078,8,16.0,False,Correctly Predicted Safe,False,8.237547892720306,8.043773946360153,False,Correctly Predicted Safe,True,False,0.35533541167170346,0.0,0.9208828865148155
17,2,9.0,10,Valerie Harper,40.0,Tristan MacManus,4.4,0.0,99.22,,10,0.0078,10,19.0,False,Correctly Predicted Safe,False,7.662835249042145,6.031417624521072,False,Correctly Predicted Safe,True,False,0.41709556943693943,0.09090909090909091,0.9556541019955654
17,2,11.0,12,Keyshawn Johnson,35.0,Sharna Burgess,0.99,0.0,9.95,,12,0.9005,12,23.0,False,Incorrectly Predicted Safe,False,6.704980842911877,3.8474904214559382,True,Correctly Predicted Eliminated,True,True,0.4021078056518136,0.09090909090909091,0.9005025125628141
17,2,12.0,11,Bill Nye,31.0,Tyne Stecklein,2.84,0.78,100.0,,11,0.0078,11,23.0,True,Incorrectly Predicted Eliminated,False,5.938697318007663,4.389348659003831,False,Correctly Predicted Safe,True,False,0.42370191638903715,0.09090909090909091,0.9792380568433784
17,3,1.0,7,Brant Daugherty,27.0,Peta Murgatroyd,9.13,0.0,99.99,,7,0.0001,7,8.0,False,Correctly Predicted Safe,True,10.588235294117649,9.859117647058824,False,Correctly Predicted Safe,True,False,0.7704051701017303,0.6,0.9086908690869087
17,3,2.0,2,Corbin Bleu,26.0,Karina Smirnoff,12.55,0.0,99.99,,1,0.0001,1,3.0,False,Correctly Predicted Safe,True,10.196078431372548,11.373039215686276,False,Correctly Predicted Safe,True,False,0.3453010900237725,0.0,0.8744874487448745
17,3,2.0,9,Christina Milian,26.0,Mark Ballas,4.99,0.0,99.99,,9,0.0001,9,11.0,False,Correctly Predicted Safe,True,10.196078431372548,7.593039215686274,False,Correctly Predicted Safe,True,False,0.8291856219001854,0.7,0.95009500950095
17,3,4.0,6,Elizabeth Berkley Lauren,25.0,Valentin Chmerkovskiy,11.32,0.0,99.99,,6,0.0001,6,10.0,False,Correctly Predicted Safe,True,9.803921568627452,10.561960784313726,False,Correctly Predicted Safe,True,False,0.4720049039031917,0.2,0.8867886788678868
17,3,4.0,8,"Nicole ""Snooki"" Polizzi",25.0,Sasha Farber,7.13,0.0,99.99,,8,0.0001,8,12.0,False,Correctly Predicted Safe,True,9.803921568627452,8.466960784313725,False,Correctly Predicted Safe,True,False,0.640262716249699,0.4,0.9286928692869287
17,3,6.0,5,Leah Remini,24.0,Tony Dovolani,12.55,0.0,99.99,,2,0.0001,2,8.0,False,Correctly Predicted Safe,True,9.411764705882351,10.980882352941176,False,Correctly Predicted Safe,True,False,0.4008339228395149,0.1,0.8744874487448745
17,3,6.0,1,Amber Riley,24.0,Derek Hough,12.55,0.0,99.99,,3,0.0001,3,9.0,False,Correctly Predicted Safe,True,9.411764705882351,10.980882352941176,False,Correctly Predicted Safe,True,False,0.6968116676888219,0.5,0.8744874487448745
17,3,6.0,4,Bill Engvall,24.0,Emma Slater,12.55,0.0,99.99,,5,0.0001,4,11.0,False,Correctly Predicted Safe,True,9.411764705882351,10.980882352941176,False,Correctly Predicted Safe,True,False,0.4681782101595577,0.2,0.8744874487448745
17,3,9.0,3,Jack Osbourne,22.0,Cheryl Burke,12.55,0.0,99.99,,4,0.0001,5,13.0,False,Correctly Predicted Safe,True,8.627450980392156,10.58872549019608,False,Correctly Predicted Safe,True,False,0.7618615596509875,0.6,0.8744874487448745
17,3,10.0,10,Valerie Harper,16.0,Tristan MacManus,3.4,0.01,100.0,,10,0.0001,10,20.0,False,Correctly Predicted Safe,True,6.2745098039215685,4.837254901960784,False,Correctly Predicted Safe,True,False,0.36559797870808175,0.0,0.9660966096609661
17,3,10.0,11,Bill Nye,16.0,Tyne Stecklein,1.3,0.0,11.9,,11,0.881,11,21.0,True,Correctly Predicted Eliminated,True,6.2745098039215685,3.787254901960784,True,Correctly Predicted Eliminated,True,True,0.4051694426006348,0.1,0.8907563025210083
17,4,1.0,6,Elizabeth Berkley Lauren,27.0,Valentin Chmerkovskiy,10.99,0.0,100.0,,6,0.0,6,7.0,False,Correctly Predicted Safe,True,11.39240506329114,11.191202531645567,False,Correctly Predicted Safe,True,False,0.7386443610501581,0.5555555555555556,0.8901
17,4,1.0,2,Corbin Bleu,27.0,Karina Smirnoff,13.82,0.0,100.0,,2,0.0,1,3.0,False,Correctly Predicted Safe,True,11.39240506329114,12.60620253164557,False,Correctly Predicted Safe,True,False,0.4043574635720784,0.1111111111111111,0.8618
17,4,1.0,1,Amber Riley,27.0,Derek Hough,13.82,0.0,100.0,,3,0.0,2,4.0,False,Correctly Predicted Safe,True,11.39240506329114,12.60620253164557,False,Correctly Predicted Safe,True,False,0.3426443574353383,0.0,0.8618
17,4,4.0,5,Leah Remini,24.0,Tony Dovolani,13.68,0.0,100.0,,5,0.0,4,9.0,False,Correctly Predicted Safe,True,10.126582278481012,11.903291139240508,False,Correctly Predicted Safe,True,False,0.40473233889100174,0.1111111111111111,0.8632
17,4,4.0,9,Christina Milian,24.0,Mark Ballas,3.63,0.0,100.0,,9,0.0,9,13.0,False,Correctly Predicted Safe,True,10.126582278481012,6.878291139240506,False,Correctly Predicted Safe,True,False,0.7581613370342901,0.5555555555555556,0.9637
17,4,4.0,8,"Nicole ""Snooki"" Polizzi",24.0,Sasha Farber,6.14,0.0,100.0,,8,0.0,8,12.0,False,Correctly Predicted Safe,True,10.126582278481012,8.133291139240507,False,Correctly Predicted Safe,True,False,0.6766703640237961,0.4444444444444444,0.9386
17,4,4.0,3,Jack Osbourne,24.0,Cheryl Burke,13.82,0.0,100.0,,4,0.0,3,8.0,False,Correctly Predicted Safe,True,10.126582278481012,11.973291139240509,False,Correctly Predicted Safe,True,False,0.4043574635720784,0.1111111111111111,0.8618
17,4,8.0,7,Brant Daugherty,21.0,Peta Murgatroyd,8.83,0.0,100.0,,7,0.0,7,15.0,False,Correctly Predicted Safe,True,8.860759493670885,8.845379746835443,False,Correctly Predicted Safe,True,False,0.41798068558663204,0.1111111111111111,0.9117
17,4,8.0,4,Bill Engvall,21.0,Emma Slater,13.82,0.0,100.0,,1,0.0,5,9.0,False,Correctly Predicted Safe,True,8.860759493670885,11.340379746835442,False,Correctly Predicted Safe,True,False,0.6522366689242565,0.4444444444444444,0.8618
17,4,10.0,10,Valerie Harper,18.0,Tristan MacManus,1.46,0.0,12.4,,10,0.876,10,20.0,True,Correctly Predicted Eliminated,True,7.59493670886076,4.52746835443038,True,Correctly Predicted Eliminated,True,True,0.346946719416687,0.0,0.8822580645161291
17,5,1.0,2,Corbin Bleu,28.0,Karina Smirnoff,15.51,0.01,92.7,,1,0.0731,1,2.0,False,Correctly Predicted Safe,False,11.914893617021278,13.712446808510638,False,Correctly Predicted Safe,True,False,0.40526414515690434,0.125,0.8327759197324415
17,5,1.0,9,Christina Milian,28.0,Mark Ballas,1.25,0.0,10.3,,9,0.897,9,10.0,False,Incorrectly Predicted Safe,False,11.914893617021278,6.582446808510639,True,Correctly Predicted Eliminated,True,True,0.9062531197480161,1.0,0.8786407766990292
17,5,3.0,7,Brant Daugherty,27.0,Peta Murgatroyd,7.53,0.44,93.12,,7,0.0731,7,10.0,False,Correctly Predicted Safe,False,11.48936170212766,9.50968085106383,False,Correctly Predicted Safe,True,False,0.7113897233932358,0.5,0.9235002157962883
17,5,3.0,8,"Nicole ""Snooki"" Polizzi",27.0,Sasha Farber,4.42,0.44,93.12,,8,0.0731,8,11.0,False,Correctly Predicted Safe,False,11.48936170212766,7.95468085106383,False,Correctly Predicted Safe,True,False,0.7953152312377136,0.625,0.9570565386275356
17,5,3.0,3,Jack Osbourne,27.0,Cheryl Burke,15.51,0.44,93.12,,3,0.0731,2,6.0,False,Correctly Predicted Safe,False,11.48936170212766,13.499680851063829,False,Correctly Predicted Safe,True,False,0.33763935472559714,0.0,0.8373974967630557
17,5,6.0,6,Elizabeth Berkley Lauren,26.0,Valentin Chmerkovskiy,10.69,0.86,93.55,,6,0.0731,6,12.0,False,Correctly Predicted Safe,False,11.063829787234042,10.87691489361702,False,Correctly Predicted Safe,True,False,0.34944875952766147,0.0,0.8939475671593484
17,5,6.0,1,Amber Riley,26.0,Derek Hough,15.51,0.86,93.55,,2,0.0731,3,8.0,False,Correctly Predicted Safe,False,11.063829787234042,13.28691489361702,False,Correctly Predicted Safe,True,False,0.7683290238261282,0.625,0.8419462725213076
17,5,8.0,4,Bill Engvall,24.0,Emma Slater,15.51,1.71,94.4,,4,0.0731,4,12.0,False,Correctly Predicted Safe,False,10.212765957446807,12.861382978723404,False,Correctly Predicted Safe,True,False,0.6897088001885012,0.5,0.8511166253101737
17,5,9.0,5,Leah Remini,22.0,Tony Dovolani,14.06,2.56,95.25,,5,0.0731,5,14.0,True,Incorrectly Predicted Eliminated,False,9.361702127659576,11.710851063829788,False,Correctly Predicted Safe,True,False,0.6972471308248853,0.5,0.8759305210918114
17,7,5.0,2,Corbin Bleu,56.4999,Karina Smirnoff,17.5,0.12,97.32,,1,0.028,2,6.0,False,Correctly Predicted Safe,False,12.486187820884544,14.993093910442273,False,Correctly Predicted Safe,True,False,0.6268191195778444,0.42857142857142855,0.8211934156378601
17,7,1.0,1,Amber Riley,61.4999,Derek Hough,17.5,0.0,97.2,,2,0.028,1,3.0,False,Correctly Predicted Safe,False,13.591162150120928,15.545581075060465,False,Correctly Predicted Safe,True,False,0.33414678090808375,0.0,0.8199588477366255
17,7,2.0,7,Brant Daugherty,59.5,Peta Murgatroyd,5.48,0.0,97.2,,7,0.028,7,9.0,False,Correctly Predicted Safe,False,13.14919451791296,9.31459725895648,False,Correctly Predicted Safe,True,False,0.834005859393115,0.7142857142857143,0.9436213991769548
17,7,6.0,3,Jack Osbourne,55.4998,Cheryl Burke,17.5,0.34,97.54,,3,0.028,3,9.0,False,Correctly Predicted Safe,False,12.265170855550684,14.882585427775345,False,Correctly Predicted Safe,True,False,0.6275682101851472,0.42857142857142855,0.8234567901234568
17,7,3.0,6,Elizabeth Berkley Lauren,58.9998,Valentin Chmerkovskiy,9.39,0.0,97.2,,6,0.028,6,9.0,False,Correctly Predicted Safe,False,13.038652886016152,11.214326443008076,False,Correctly Predicted Safe,True,False,0.6537084922562058,0.42857142857142855,0.903395061728395
17,7,4.0,8,"Nicole ""Snooki"" Polizzi",57.0,Sasha Farber,1.68,0.0,12.39,,8,0.8761,8,12.0,False,Incorrectly Predicted Safe,False,12.59670735329477,7.138353676647385,True,Correctly Predicted Eliminated,True,True,0.7417299692967163,0.5714285714285714,0.864406779661017
17,7,7.0,5,Leah Remini,54.4999,Tony Dovolani,13.45,0.56,97.76,,5,0.028,5,12.0,True,Incorrectly Predicted Eliminated,False,12.044198089189992,12.747099044594997,False,Correctly Predicted Safe,True,False,0.5304543704466644,0.2857142857142857,0.8673868312757202
17,7,8.0,4,Bill Engvall,48.9999,Emma Slater,17.5,1.78,98.98,,4,0.028,4,12.0,False,Correctly Predicted Safe,False,10.82872632702997,14.164363163514984,False,Correctly Predicted Safe,True,False,0.7345795559388557,0.5714285714285714,0.8382716049382716
17,8,1.0,2,Corbin Bleu,30.0,Karina Smirnoff,20.17,0.0,97.38,,1,0.0262,1,2.0,False,Correctly Predicted Safe,True,15.625,17.8975,False,Correctly Predicted Safe,True,False,0.42099963122589734,0.16666666666666666,0.792873279934278
17,8,1.0,3,Jack Osbourne,30.0,Cheryl Burke,20.17,0.0,97.38,,2,0.0262,2,3.0,False,Correctly Predicted Safe,True,15.625,17.8975,False,Correctly Predicted Safe,True,False,0.542675152673322,0.3333333333333333,0.792873279934278
17,8,3.0,5,Leah Remini,28.0,Tony Dovolani,12.19,0.0,97.38,,5,0.0262,5,8.0,False,Correctly Predicted Safe,True,14.583333333333334,13.386666666666668,False,Correctly Predicted Safe,True,False,0.570252102153147,0.3333333333333333,0.8748202916409941
17,8,3.0,1,Amber Riley,28.0,Derek Hough,20.17,0.0,97.38,,3,0.0262,3,6.0,False,Correctly Predicted Safe,True,14.583333333333334,17.37666666666667,False,Correctly Predicted Safe,True,False,0.542675152673322,0.3333333333333333,0.792873279934278
17,8,5.0,7,Brant Daugherty,27.0,Peta Murgatroyd,2.21,0.0,14.5,,7,0.855,7,12.0,True,Correctly Predicted Eliminated,True,14.0625,8.13625,True,Correctly Predicted Eliminated,True,True,0.5610667618318599,0.3333333333333333,0.8475862068965517
17,8,6.0,6,Elizabeth Berkley Lauren,25.0,Valentin Chmerkovskiy,7.46,1.05,98.43,,6,0.0262,6,12.0,False,Correctly Predicted Safe,True,13.020833333333334,10.240416666666668,False,Correctly Predicted Safe,True,False,0.3583029341970846,0.0,0.9341753953583898
17,8,7.0,4,Bill Engvall,24.0,Emma Slater,17.65,1.57,98.95,,4,0.0262,4,11.0,False,Correctly Predicted Safe,True,12.5,15.075,False,Correctly Predicted Safe,True,False,0.684717790118748,0.5,0.8348736906962415
17,9,1.0,2,Corbin Bleu,29.0,Karina Smirnoff,23.79,0.0,92.66,,1,0.0734,1,2.0,False,Correctly Predicted Safe,False,18.41269841269841,21.101349206349205,False,Correctly Predicted Safe,True,False,0.42898200493463795,0.2,0.7432549104252104
17,9,2.0,6,Elizabeth Berkley Lauren,28.0,Valentin Chmerkovskiy,2.57,0.0,15.55,,6,0.8445,6,8.0,False,Incorrectly Predicted Safe,False,17.77777777777778,10.17388888888889,True,Correctly Predicted Eliminated,True,True,0.8491917594675471,0.8,0.8347266881028939
17,9,3.0,5,Leah Remini,27.0,Tony Dovolani,9.52,0.64,93.3,,5,0.0734,5,8.0,False,Correctly Predicted Safe,False,17.142857142857142,13.331428571428573,False,Correctly Predicted Safe,True,False,0.6322058954044438,0.4,0.9041657673213901
17,9,3.0,3,Jack Osbourne,27.0,Cheryl Burke,23.11,0.64,93.3,,3,0.0734,2,6.0,False,Correctly Predicted Safe,False,17.142857142857142,20.12642857142857,False,Correctly Predicted Safe,True,False,0.3222065025797621,0.0,0.757500539607166
17,9,5.0,1,Amber Riley,25.5,Derek Hough,23.79,1.6,94.26,,2,0.0734,3,7.0,False,Correctly Predicted Safe,False,16.19047619047619,19.99023809523809,False,Correctly Predicted Safe,True,False,0.8369576086165773,0.8,0.7605223397366717
17,9,6.0,4,Bill Engvall,21.0,Emma Slater,17.22,4.45,97.11,,4,0.0734,4,10.0,True,Incorrectly Predicted Eliminated,False,13.333333333333334,15.276666666666667,False,Correctly Predicted Safe,True,False,0.6182933142951799,0.4,0.8621843298078998
17,10,1.0,1,Amber Riley,39.5,Derek Hough,29.07,0.0,98.56,,1,0.0144,1,2.0,False,Correctly Predicted Safe,False,22.57142857142857,25.820714285714285,False,Correctly Predicted Safe,True,False,0.3128538895833224,0.0,0.7050527597402598
17,10,2.0,2,Corbin Bleu,37.5,Karina Smirnoff,29.07,0.0,98.56,,2,0.0144,2,4.0,False,Correctly Predicted Safe,False,21.428571428571427,25.249285714285712,False,Correctly Predicted Safe,True,False,0.3128538895833224,0.0,0.7050527597402598
17,10,3.0,3,Jack Osbourne,35.5,Cheryl Burke,23.17,0.0,98.56,,3,0.0144,3,6.0,False,Correctly Predicted Safe,False,20.285714285714285,21.727857142857143,False,Correctly Predicted Safe,True,False,0.3235778266637191,0.0,0.7649147727272727
17,10,4.0,5,Leah Remini,32.5,Tony Dovolani,4.29,0.0,21.42,,5,0.7858,5,9.0,False,Incorrectly Predicted Safe,False,18.571428571428573,11.430714285714286,True,Correctly Predicted Eliminated,True,True,0.48130650224558214,0.25,0.7997198879551821
17,10,5.0,4,Bill Engvall,30.0,Emma Slater,14.4,1.44,100.0,,4,0.0144,4,9.0,True,Incorrectly Predicted Eliminated,False,17.142857142857142,15.771428571428572,False,Correctly Predicted Safe,True,False,0.5033860818477439,0.25,0.8685064935064934
17,11,1.0,1,Amber Riley,31.3332,Derek Hough,37.4,22.65,100.0,,1,0.2265,1,2.0,False,Correctly Predicted Safe,True,27.365383574062403,32.3826917870312,False,Correctly Predicted Safe,True,False,0.33204803279033024,0.0,0.8093083387201034
17,11,2.0,2,Corbin Bleu,29.6664,Karina Smirnoff,35.19,0.0,50.72,,2,0.4928,2,4.0,True,Correctly Predicted Eliminated,True,25.90965542177513,30.54982771088757,True,Correctly Predicted Eliminated,True,True,0.2596416603328469,0.0,0.3061908517350158
17,11,3.0,3,Jack Osbourne,27.9999,Cheryl Burke,20.78,0.0,34.78,,3,0.6522,3,6.0,True,Correctly Predicted Eliminated,True,24.45418927959448,22.61709463979724,True,Correctly Predicted Eliminated,True,True,0.26988279522709857,0.0,0.40253018976423227
17,11,4.0,4,Bill Engvall,25.4999,Emma Slater,6.63,0.0,27.71,,4,0.7229,4,8.0,True,Correctly Predicted Eliminated,True,22.27077172456799,14.450385862283994,True,Correctly Predicted Eliminated,True,True,0.322803451229948,0.0,0.7607361963190185
18,1,1.0,5,Charlie White,27.0,Sharna Burgess,11.4,0.0,98.84,,1,0.0116,1,2.0,False,Correctly Predicted Safe,True,10.30534351145038,10.85267175572519,False,Correctly Predicted Safe,True,False,0.5974103525404095,0.36363636363636365,0.8846620801295022
18,1,2.0,3,Candace Cameron Bure,25.0,Mark Ballas,11.4,0.0,98.84,,2,0.0116,2,4.0,False,Correctly Predicted Safe,True,9.541984732824428,10.470992366412217,False,Correctly Predicted Safe,True,False,0.39792582485525574,0.09090909090909091,0.8846620801295022
18,1,3.0,6,Danica McKellar,24.0,Valentin Chmerkovskiy,11.24,0.0,98.84,,6,0.0116,5,9.0,False,Correctly Predicted Safe,True,9.16030534351145,10.200152671755724,False,Correctly Predicted Safe,True,False,0.5266629232017801,0.2727272727272727,0.8862808579522461
18,1,3.0,2,Amy Purdy,24.0,Derek Hough,11.4,0.0,98.84,,5,0.0116,3,8.0,False,Correctly Predicted Safe,True,9.16030534351145,10.280152671755726,False,Correctly Predicted Safe,True,False,0.39792582485525574,0.09090909090909091,0.8846620801295022
18,1,3.0,1,Meryl Davis,24.0,Maksim Chmerkoskiy,11.4,0.0,98.84,,4,0.0116,4,7.0,False,Correctly Predicted Safe,True,9.16030534351145,10.280152671755726,False,Correctly Predicted Safe,True,False,0.4582619303504731,0.18181818181818182,0.8846620801295022
18,1,6.0,9,Cody Simpson,22.0,Witney Carson,6.06,0.0,98.84,,9,0.0116,9,15.0,False,Correctly Predicted Safe,True,8.396946564885496,7.228473282442748,False,Correctly Predicted Safe,True,False,0.5441500729563442,0.2727272727272727,0.9386887899635775
18,1,7.0,4,James Maslow,21.0,Peta Murgatroyd,11.4,0.0,98.84,,3,0.0116,6,10.0,False,Correctly Predicted Safe,True,8.015267175572518,9.707633587786258,False,Correctly Predicted Safe,True,False,0.5261257642948102,0.2727272727272727,0.8846620801295022
18,1,7.0,8,Drew Carey,21.0,Cheryl Burke,7.86,0.0,98.84,,8,0.0116,8,15.0,False,Correctly Predicted Safe,True,8.015267175572518,7.937633587786259,False,Correctly Predicted Safe,True,False,0.407460152813244,0.09090909090909091,0.9204775394577094
18,1,7.0,7,NeNe Leakes,21.0,Tony Dovolani,9.61,0.0,98.84,,7,0.0116,7,14.0,False,Correctly Predicted Safe,True,8.015267175572518,8.812633587786259,False,Correctly Predicted Safe,True,False,0.3513586943852911,0.0,0.9027721570214489
18,1,10.0,11,Sean Avery,20.0,Karina Smirnoff,2.64,0.0,98.84,,11,0.0116,11,21.0,False,Correctly Predicted Safe,True,7.633587786259542,5.136793893129771,False,Correctly Predicted Safe,True,False,0.42202491035339035,0.09090909090909091,0.9732901659247268
18,1,11.0,12,Diana Nyad,18.0,Henry Byalikov,0.97,0.0,9.79,,12,0.9021,12,23.0,True,Correctly Predicted Eliminated,True,6.870229007633588,3.920114503816794,True,Correctly Predicted Eliminated,True,True,0.4022185916302838,0.09090909090909091,0.9009193054136875
18,1,12.0,10,Billy Dee Williams,15.0,Emma Slater,4.61,1.16,100.0,,10,0.0116,10,22.0,False,Correctly Predicted Safe,True,5.7251908396946565,5.167595419847329,False,Correctly Predicted Safe,True,False,0.48329784849636104,0.18181818181818182,0.9650951031970862
18,2,1.0,4,James Maslow,25.0,Peta Murgatroyd,12.51,0.0,97.47,,1,0.0253,1,2.0,False,Correctly Predicted Safe,True,10.245901639344265,11.377950819672131,False,Correctly Predicted Safe,True,False,0.5430107600116275,0.3,0.8716528162511542
18,2,1.0,5,Charlie White,25.0,Sharna Burgess,12.51,0.0,97.47,,2,0.0253,2,3.0,False,Correctly Predicted Safe,True,10.245901639344265,11.377950819672131,False,Correctly Predicted Safe,True,False,0.6214431608307609,0.4,0.8716528162511542
18,2,1.0,1,Meryl Davis,25.0,Maksim Chmerkoskiy,12.51,0.0,97.47,,3,0.0253,3,4.0,False,Correctly Predicted Safe,True,10.245901639344265,11.377950819672131,False,Correctly Predicted Safe,True,False,0.3447042787869081,0.0,0.8716528162511542
18,2,4.0,6,Danica McKellar,24.0,Valentin Chmerkovskiy,11.28,0.0,97.47,,6,0.0253,6,10.0,False,Correctly Predicted Safe,True,9.836065573770492,10.558032786885246,False,Correctly Predicted Safe,True,False,0.4712201130168423,0.2,0.8842720837180671
18,2,4.0,2,Amy Purdy,24.0,Derek Hough,12.51,0.0,97.47,,4,0.0253,4,8.0,False,Correctly Predicted Safe,True,9.836065573770492,11.173032786885246,False,Correctly Predicted Safe,True,False,0.46729979162758345,0.2,0.8716528162511542
18,2,6.0,9,Cody Simpson,22.0,Witney Carson,5.13,0.0,97.47,,9,0.0253,9,15.0,False,Correctly Predicted Safe,True,9.01639344262295,7.073196721311476,False,Correctly Predicted Safe,True,False,0.5684874969504337,0.3,0.9473684210526316
18,2,7.0,3,Candace Cameron Bure,21.0,Mark Ballas,12.51,0.02,97.49,,5,0.0253,5,12.0,False,Correctly Predicted Safe,True,8.60655737704918,10.55827868852459,False,Correctly Predicted Safe,True,False,0.6215113491296136,0.4,0.8718580075920797
18,2,7.0,11,Sean Avery,21.0,Karina Smirnoff,0.97,0.0,9.56,,11,0.9044,11,18.0,True,Correctly Predicted Eliminated,True,8.60655737704918,4.78827868852459,True,Correctly Predicted Eliminated,True,True,0.6303485020205616,0.4,0.8985355648535565
18,2,7.0,8,Drew Carey,21.0,Cheryl Burke,7.27,0.02,97.49,,8,0.0253,8,15.0,False,Correctly Predicted Safe,True,8.60655737704918,7.93827868852459,False,Correctly Predicted Safe,True,False,0.4146537682398098,0.1,0.9256181389145378
18,2,7.0,7,NeNe Leakes,21.0,Tony Dovolani,9.35,0.02,97.49,,7,0.0253,7,14.0,False,Correctly Predicted Safe,True,8.60655737704918,8.97827868852459,False,Correctly Predicted Safe,True,False,0.35168647629855887,0.0,0.9042782394582949
18,2,11.0,10,Billy Dee Williams,15.0,Emma Slater,3.44,2.47,12.98,,10,0.8949,10,21.0,True,Correctly Predicted Eliminated,True,6.147540983606557,4.793770491803278,True,Correctly Predicted Eliminated,True,True,0.40974820995455113,0.1,0.9077069457659372
18,5,2.0,4,James Maslow,111.0,Peta Murgatroyd,15.48,0.0,98.36,,2,0.0164,2,4.0,False,Correctly Predicted Safe,False,11.935483870967742,13.70774193548387,False,Correctly Predicted Safe,True,False,0.4950064739720769,0.25,0.8426189507930053
18,5,3.0,6,Danica McKellar,107.0,Valentin Chmerkovskiy,10.6,0.0,98.36,,6,0.0164,6,9.0,False,Correctly Predicted Safe,False,11.505376344086022,11.05268817204301,False,Correctly Predicted Safe,True,False,0.6088486292809125,0.375,0.8922326148840992
18,5,5.0,5,Charlie White,106.0,Sharna Burgess,13.72,0.0,98.36,,5,0.0164,5,10.0,False,Correctly Predicted Safe,False,11.397849462365592,12.558924731182795,False,Correctly Predicted Safe,True,False,0.3423768247769044,0.0,0.8605124034160228
18,5,3.0,2,Amy Purdy,107.0,Derek Hough,15.48,0.0,98.36,,4,0.0164,3,7.0,False,Correctly Predicted Safe,False,11.505376344086022,13.49268817204301,False,Correctly Predicted Safe,True,False,0.40791613982231256,0.125,0.8426189507930053
18,5,1.0,1,Meryl Davis,114.0,Maksim Chmerkoskiy,15.48,0.0,98.36,,3,0.0164,1,4.0,False,Correctly Predicted Safe,False,12.258064516129032,13.869032258064516,False,Correctly Predicted Safe,True,False,0.3386987136275188,0.0,0.8426189507930053
18,5,7.0,7,NeNe Leakes,99.0,Tony Dovolani,7.64,0.12,98.47,,7,0.0164,7,14.0,False,Correctly Predicted Safe,False,10.64516129032258,9.14258064516129,False,Correctly Predicted Safe,True,False,0.3559249433827424,0.0,0.9235383833248602
18,5,8.0,3,Candace Cameron Bure,95.0,Mark Ballas,15.48,0.55,98.9,,1,0.0164,4,9.0,False,Correctly Predicted Safe,False,10.21505376344086,12.84752688172043,False,Correctly Predicted Safe,True,False,0.7698730036598935,0.625,0.8481952211489578
18,5,6.0,9,Cody Simpson,100.0,Witney Carson,1.43,0.0,11.46,,9,0.8854,9,15.0,False,Incorrectly Predicted Safe,False,10.75268817204301,6.091344086021505,True,Correctly Predicted Eliminated,True,True,0.6031455959890815,0.375,0.87521815008726
18,5,9.0,8,Drew Carey,91.0,Cheryl Burke,4.68,0.98,99.33,,8,0.0164,8,17.0,True,Incorrectly Predicted Eliminated,False,9.78494623655914,7.23247311827957,False,Correctly Predicted Safe,True,False,0.44180766740081284,0.125,0.9623792577529232
18,6,1.0,1,Meryl Davis,40.0,Maksim Chmerkoskiy,17.47,0.0,99.99,,1,0.0001,1,2.0,False,Correctly Predicted Safe,True,14.184397163120568,15.827198581560284,False,Correctly Predicted Safe,True,False,0.3352055856977909,0.0,0.8252825282528253
18,6,2.0,2,Amy Purdy,38.0,Derek Hough,17.47,0.0,99.99,,3,0.0001,2,5.0,False,Correctly Predicted Safe,True,13.47517730496454,15.472588652482267,False,Correctly Predicted Safe,True,False,0.3352055856977909,0.0,0.8252825282528253
18,6,3.0,6,Danica McKellar,36.0,Valentin Chmerkovskiy,9.42,0.0,99.99,,6,0.0001,6,9.0,False,Correctly Predicted Safe,True,12.76595744680851,11.092978723404254,False,Correctly Predicted Safe,True,False,0.6544810118764619,0.42857142857142855,0.9057905790579058
18,6,3.0,5,Charlie White,36.0,Sharna Burgess,13.3,0.0,99.99,,5,0.0001,5,8.0,False,Correctly Predicted Safe,True,12.76595744680851,13.032978723404256,False,Correctly Predicted Safe,True,False,0.530321236965229,0.2857142857142857,0.866986698669867
18,6,5.0,4,James Maslow,35.0,Peta Murgatroyd,17.25,0.0,99.99,,4,0.0001,3,9.0,False,Correctly Predicted Safe,True,12.411347517730496,14.830673758865249,False,Correctly Predicted Safe,True,False,0.4151683847373778,0.14285714285714285,0.8274827482748275
18,6,6.0,7,NeNe Leakes,33.0,Tony Dovolani,5.72,0.0,99.99,,7,0.0001,7,13.0,False,Correctly Predicted Safe,True,11.702127659574469,8.711063829787234,False,Correctly Predicted Safe,True,False,0.4483655030405632,0.14285714285714285,0.9427942794279428
18,6,7.0,3,Candace Cameron Bure,32.0,Mark Ballas,17.47,0.01,100.0,,2,0.0001,4,9.0,False,Correctly Predicted Safe,True,11.347517730496454,14.408758865248227,False,Correctly Predicted Safe,True,False,0.7309997329122051,0.5714285714285714,0.8253825382538253
18,6,7.0,8,Drew Carey,32.0,Cheryl Burke,1.9,0.0,13.64,,8,0.8636,8,15.0,True,Correctly Predicted Eliminated,True,11.347517730496454,6.623758865248227,True,Correctly Predicted Eliminated,True,True,0.4244593158145342,0.14285714285714285,0.8607038123167156
18,7,1.0,1,Meryl Davis,39.0,Maksim Chmerkoskiy,20.21,0.0,100.0,,1,0.0,1,2.0,False,Correctly Predicted Safe,True,15.41501976284585,17.812509881422926,False,Correctly Predicted Safe,True,False,0.32982868292765927,0.0,0.7979
18,7,2.0,2,Amy Purdy,37.5,Derek Hough,20.21,0.0,100.0,,2,0.0,2,4.0,False,Correctly Predicted Safe,True,14.82213438735178,17.51606719367589,False,Correctly Predicted Safe,True,False,0.32982868292765927,0.0,0.7979
18,7,3.0,3,Candace Cameron Bure,37.0,Mark Ballas,20.21,0.0,100.0,,3,0.0,3,6.0,False,Correctly Predicted Safe,True,14.624505928853754,17.41725296442688,False,Correctly Predicted Safe,True,False,0.32982868292765927,0.0,0.7979
18,7,4.0,6,Danica McKellar,36.0,Valentin Chmerkovskiy,7.23,0.0,100.0,,6,0.0,6,10.0,False,Correctly Predicted Safe,True,14.229249011857709,10.729624505928854,False,Correctly Predicted Safe,True,False,0.5880934253156347,0.3333333333333333,0.9277
18,7,5.0,5,Charlie White,35.5,Sharna Burgess,12.32,0.0,100.0,,5,0.0,5,10.0,False,Correctly Predicted Safe,True,14.031620553359684,13.175810276679842,False,Correctly Predicted Safe,True,False,0.3457893645369944,0.0,0.8768
18,7,6.0,4,James Maslow,35.0,Peta Murgatroyd,17.41,0.0,100.0,,4,0.0,4,10.0,False,Correctly Predicted Safe,True,13.83399209486166,15.62199604743083,False,Correctly Predicted Safe,True,False,0.5537639942418326,0.3333333333333333,0.8259
18,7,7.0,7,NeNe Leakes,33.0,Tony Dovolani,2.42,0.0,15.52,,7,0.8448,7,14.0,True,Correctly Predicted Eliminated,True,13.043478260869565,7.731739130434782,True,Correctly Predicted Eliminated,True,True,0.33899466913638465,0.0,0.8440721649484536
18,8,1.0,5,Charlie White,40.0,Sharna Burgess,9.41,0.0,97.32,,5,0.0268,5,6.0,False,Correctly Predicted Safe,True,17.699115044247787,13.554557522123892,False,Correctly Predicted Safe,True,False,0.8594859523654395,0.8,0.9033086724208795
18,8,1.0,2,Amy Purdy,40.0,Derek Hough,23.85,0.0,97.32,,1,0.0268,1,2.0,False,Correctly Predicted Safe,True,17.699115044247787,20.77455752212389,False,Correctly Predicted Safe,True,False,0.4323391610549974,0.2,0.7549321824907521
18,8,3.0,6,Danica McKellar,38.0,Valentin Chmerkovskiy,2.8,0.0,16.51,,6,0.8349,6,9.0,True,Correctly Predicted Eliminated,True,16.8141592920354,9.8070796460177,True,Correctly Predicted Eliminated,True,True,0.7504586660510093,0.6,0.8304058146577832
18,8,4.0,4,James Maslow,36.0,Peta Murgatroyd,16.64,0.89,98.21,,4,0.0268,4,8.0,False,Correctly Predicted Safe,True,15.929203539823009,16.284601769911504,False,Correctly Predicted Safe,True,False,0.33779422299342843,0.0,0.8381627620221948
18,8,4.0,3,Candace Cameron Bure,36.0,Mark Ballas,23.46,0.89,98.21,,3,0.0268,3,7.0,False,Correctly Predicted Safe,True,15.929203539823009,19.694601769911504,False,Correctly Predicted Safe,True,False,0.43615268614334174,0.2,0.7680846691327579
18,8,4.0,1,Meryl Davis,36.0,Maksim Chmerkoskiy,23.85,0.89,98.21,,2,0.0268,2,6.0,False,Correctly Predicted Safe,True,15.929203539823009,19.889601769911504,False,Correctly Predicted Safe,True,False,0.7324930570623336,0.6,0.7640772708590218
18,9,1.0,1,Meryl Davis,40.0,Maksim Chmerkoskiy,29.29,0.0,98.93,,2,0.0107,1,3.0,False,Correctly Predicted Safe,False,20.94240837696335,25.116204188481674,False,Correctly Predicted Safe,True,False,0.3126606283616849,0.0,0.7039320731830587
18,9,2.0,2,Amy Purdy,39.0,Derek Hough,29.29,0.0,98.93,,1,0.0107,2,3.0,False,Correctly Predicted Safe,False,20.418848167539267,24.854424083769636,False,Correctly Predicted Safe,True,False,0.3126606283616849,0.0,0.7039320731830587
18,9,3.0,4,James Maslow,38.0,Peta Murgatroyd,13.7,0.01,98.94,,4,0.0107,4,7.0,False,Correctly Predicted Safe,False,19.895287958115183,16.79764397905759,False,Correctly Predicted Safe,True,False,0.5011491105645451,0.25,0.8616193267967249
18,9,3.0,5,Charlie White,38.0,Sharna Burgess,3.94,0.0,20.1,,5,0.799,5,8.0,False,Incorrectly Predicted Safe,False,19.895287958115183,11.917643979057592,True,Correctly Predicted Eliminated,True,True,0.6751080567252907,0.5,0.8039800995024876
18,9,5.0,3,Candace Cameron Bure,36.0,Mark Ballas,23.77,1.06,99.99,,3,0.0107,3,8.0,True,Incorrectly Predicted Eliminated,False,18.848167539267017,21.30908376963351,False,Correctly Predicted Safe,True,False,0.664514007067265,0.5,0.7704437481047205
18,10,1.0,1,Meryl Davis,30.0,Maksim Chmerkoskiy,37.57,23.85,97.37,,1,0.2648,1,2.0,False,Correctly Predicted Safe,True,26.16285154151521,31.866425770757605,False,Correctly Predicted Safe,True,False,0.3328481238631156,0.0,0.8133841131664854
18,10,2.0,2,Amy Purdy,29.666600000000003,Derek Hough,35.37,0.0,48.83,,2,0.5117,2,4.0,True,Correctly Predicted Eliminated,True,25.87209505138384,30.62104752569192,True,Correctly Predicted Eliminated,True,True,0.25669260921246284,0.0,0.2756502150317428
18,10,3.0,4,James Maslow,29.0,Peta Murgatroyd,5.53,0.0,24.69,,4,0.7531,4,7.0,True,Correctly Predicted Eliminated,True,25.29075649013137,15.410378245065688,True,Correctly Predicted Eliminated,True,True,0.5370381339225008,0.3333333333333333,0.7760226812474686
18,10,4.0,3,Candace Cameron Bure,25.9998,Mark Ballas,21.54,2.63,35.55,,3,0.6707,3,7.0,True,Correctly Predicted Eliminated,True,22.67429691696957,22.107148458484787,True,Correctly Predicted Eliminated,True,True,0.42710612349546334,0.3333333333333333,0.42557715674362084
19,1,1.0,1,Alfonso Ribeiro,36.0,Witney Carson,10.51,0.0,99.45,,1,0.0055,1,2.0,False,Correctly Predicted Safe,True,9.67741935483871,10.093709677419357,False,Correctly Predicted Safe,True,False,0.3495287305132371,0.0,0.8943187531422826
19,1,2.0,2,Sadie Robertson,34.0,Mark Ballas,10.51,0.0,99.45,,3,0.0055,2,5.0,False,Correctly Predicted Safe,True,9.13978494623656,9.82489247311828,False,Correctly Predicted Safe,True,False,0.3495287305132371,0.0,0.8943187531422826
19,1,3.0,6,Lea Thompson,32.0,Artem Chigvintsev,10.51,0.0,99.45,,4,0.0055,3,7.0,False,Correctly Predicted Safe,True,8.60215053763441,9.556075268817205,False,Correctly Predicted Safe,True,False,0.5118158904916565,0.25,0.8943187531422826
19,1,3.0,4,Bethany Mota,32.0,Derek Hough,10.51,0.0,99.45,,5,0.0055,4,8.0,False,Correctly Predicted Safe,True,8.60215053763441,9.556075268817205,False,Correctly Predicted Safe,True,False,0.3958297567070209,0.08333333333333333,0.8943187531422826
19,1,5.0,11,Randy Couture,31.0,Karina Smirnoff,3.63,0.0,99.45,,11,0.0055,10,16.0,False,Correctly Predicted Safe,True,8.333333333333332,5.981666666666666,False,Correctly Predicted Safe,True,False,0.722947315434421,0.5,0.963499245852187
19,1,6.0,9,Jonathan Bennett,30.0,Allison Holker,6.66,0.0,99.45,,9,0.0055,9,15.0,False,Correctly Predicted Safe,True,8.064516129032258,7.362258064516129,False,Correctly Predicted Safe,True,False,0.5245803481385886,0.25,0.9330316742081448
19,1,7.0,3,Janel Parrish,29.0,Valentin Chmerkovskiy,10.51,0.0,99.45,,2,0.0055,5,9.0,False,Correctly Predicted Safe,True,7.795698924731183,9.152849462365593,False,Correctly Predicted Safe,True,False,0.5768325645973673,0.3333333333333333,0.8943187531422826
19,1,7.0,12,Tavis Smiley,29.0,Sharna Burgess,2.18,0.0,99.45,,12,0.0055,12,19.0,False,Correctly Predicted Safe,True,7.795698924731183,4.987849462365592,False,Correctly Predicted Safe,True,False,0.6687003158999717,0.4166666666666667,0.9780794369029663
19,1,9.0,5,Tommy Chong,27.0,Peta Murgatroyd,10.51,0.0,99.45,,6,0.0055,6,15.0,False,Correctly Predicted Safe,True,7.258064516129033,8.884032258064517,False,Correctly Predicted Safe,True,False,0.5768325645973673,0.3333333333333333,0.8943187531422826
19,1,10.0,8,Antonio Sabato Jr.,25.0,Cheryl Burke,8.31,0.0,99.45,,8,0.0055,8,18.0,False,Correctly Predicted Safe,True,6.720430107526881,7.515215053763441,False,Correctly Predicted Safe,True,False,0.4571733294745822,0.16666666666666666,0.9164404223227752
19,1,10.0,7,Michael Waltrip,25.0,Emma Slater,9.81,0.0,99.45,,7,0.0055,7,17.0,False,Correctly Predicted Safe,True,6.720430107526881,8.265215053763441,False,Correctly Predicted Safe,True,False,0.5141264509881158,0.25,0.9013574660633484
19,1,12.0,13,Lolo Jones,22.0,Keo Motsepe,0.88,0.0,9.46,,13,0.9054,13,25.0,True,Correctly Predicted Eliminated,True,5.913978494623656,3.396989247311828,True,Correctly Predicted Eliminated,True,True,0.3991444958998538,0.08333333333333333,0.9069767441860466
19,1,13.0,10,Betsey Johnson,20.0,Tony Dovolani,5.44,0.55,100.0,,10,0.0055,11,23.0,False,Correctly Predicted Safe,True,5.376344086021505,5.408172043010753,False,Correctly Predicted Safe,True,False,0.5304907717006386,0.25,0.9508295625942684
19,2,1.0,6,Lea Thompson,35.0,Artem Chigvintsev,11.21,0.0,98.86,,6,0.0114,1,7.0,False,Correctly Predicted Safe,True,9.668508287292818,10.439254143646409,False,Correctly Predicted Safe,True,False,0.6677224207256658,0.45454545454545453,0.8866073234877605
19,2,2.0,3,Janel Parrish,34.0,Valentin Chmerkovskiy,11.44,0.0,98.86,,1,0.0114,2,3.0,False,Correctly Predicted Safe,True,9.392265193370166,10.416132596685085,False,Correctly Predicted Safe,True,False,0.397825851645185,0.09090909090909091,0.8842808011329153
19,2,3.0,4,Bethany Mota,33.0,Derek Hough,11.44,0.0,98.86,,2,0.0114,3,5.0,False,Correctly Predicted Safe,True,9.116022099447514,10.278011049723755,False,Correctly Predicted Safe,True,False,0.397825851645185,0.09090909090909091,0.8842808011329153
19,2,4.0,1,Alfonso Ribeiro,32.0,Witney Carson,11.44,0.0,98.86,,5,0.0114,4,9.0,False,Correctly Predicted Safe,True,8.83977900552486,10.13988950276243,False,Correctly Predicted Safe,True,False,0.5259992741139099,0.2727272727272727,0.8842808011329153
19,2,5.0,8,Antonio Sabato Jr.,31.0,Cheryl Burke,7.82,0.0,98.86,,8,0.0114,8,13.0,False,Correctly Predicted Safe,True,8.56353591160221,8.191767955801105,False,Correctly Predicted Safe,True,False,0.5381947514433321,0.2727272727272727,0.920898239935262
19,2,5.0,2,Sadie Robertson,31.0,Mark Ballas,11.44,0.0,98.86,,3,0.0114,5,8.0,False,Correctly Predicted Safe,True,8.56353591160221,10.001767955801103,False,Correctly Predicted Safe,True,False,0.5259992741139099,0.2727272727272727,0.8842808011329153
19,2,7.0,9,Jonathan Bennett,30.0,Allison Holker,6.09,0.0,98.86,,9,0.0114,9,16.0,False,Correctly Predicted Safe,True,8.287292817679557,7.188646408839778,False,Correctly Predicted Safe,True,False,0.4748773967014862,0.18181818181818182,0.9383977341695326
19,2,8.0,11,Randy Couture,28.0,Karina Smirnoff,2.63,0.01,98.87,,11,0.0114,11,19.0,False,Correctly Predicted Safe,True,7.734806629834254,5.182403314917127,False,Correctly Predicted Safe,True,False,0.5558449461473408,0.2727272727272727,0.9734978757839369
19,2,8.0,5,Tommy Chong,28.0,Peta Murgatroyd,11.44,0.01,98.87,,4,0.0114,6,12.0,False,Correctly Predicted Safe,True,7.734806629834254,9.587403314917127,False,Correctly Predicted Safe,True,False,0.5260328307975715,0.2727272727272727,0.8843819542787781
19,2,8.0,10,Betsey Johnson,28.0,Tony Dovolani,4.39,0.01,98.87,,10,0.0114,10,18.0,False,Correctly Predicted Safe,True,7.734806629834254,6.062403314917127,False,Correctly Predicted Safe,True,False,0.48032123365235263,0.18181818181818182,0.9556949221120777
19,2,8.0,12,Tavis Smiley,28.0,Sharna Burgess,0.87,0.0,8.92,,12,0.9108,12,20.0,True,Correctly Predicted Eliminated,True,7.734806629834254,4.302403314917127,True,Correctly Predicted Eliminated,True,True,0.6033915998648436,0.36363636363636365,0.9024663677130045
19,2,12.0,7,Michael Waltrip,24.0,Emma Slater,9.8,1.11,99.97,,7,0.0114,7,19.0,False,Correctly Predicted Safe,True,6.629834254143646,8.214917127071823,False,Correctly Predicted Safe,True,False,0.6757525662203143,0.45454545454545453,0.9120979162451952
19,3,1.0,3,Janel Parrish,40.0,Valentin Chmerkovskiy,12.49,0.0,100.0,,1,0.0,1,2.0,False,Correctly Predicted Safe,True,11.3314447592068,11.9107223796034,False,Correctly Predicted Safe,True,False,0.46836820060622314,0.2,0.8751
19,3,1.0,4,Bethany Mota,40.0,Derek Hough,12.49,0.0,100.0,,2,0.0,2,3.0,False,Correctly Predicted Safe,True,11.3314447592068,11.9107223796034,False,Correctly Predicted Safe,True,False,0.544166020462943,0.3,0.8751
19,3,3.0,5,Tommy Chong,34.0,Peta Murgatroyd,12.49,0.0,100.0,,5,0.0,3,8.0,False,Correctly Predicted Safe,True,9.631728045325778,11.060864022662887,False,Correctly Predicted Safe,True,False,0.46836820060622314,0.2,0.8751
19,3,4.0,9,Jonathan Bennett,32.0,Allison Holker,5.11,0.0,100.0,,9,0.0,9,13.0,False,Correctly Predicted Safe,True,9.06515580736544,7.087577903682719,False,Correctly Predicted Safe,True,False,0.718765563417388,0.5,0.9489
19,3,4.0,1,Alfonso Ribeiro,32.0,Witney Carson,12.49,0.0,100.0,,3,0.0,4,7.0,False,Correctly Predicted Safe,True,9.06515580736544,10.77757790368272,False,Correctly Predicted Safe,True,False,0.544166020462943,0.3,0.8751
19,3,4.0,2,Sadie Robertson,32.0,Mark Ballas,12.49,0.0,100.0,,4,0.0,5,8.0,False,Correctly Predicted Safe,True,9.06515580736544,10.77757790368272,False,Correctly Predicted Safe,True,False,0.46836820060622314,0.2,0.8751
19,3,7.0,6,Lea Thompson,31.0,Artem Chigvintsev,11.4,0.0,100.0,,6,0.0,6,13.0,False,Correctly Predicted Safe,True,8.78186968838527,10.090934844192637,False,Correctly Predicted Safe,True,False,0.4038959070416968,0.1,0.886
19,3,8.0,8,Antonio Sabato Jr.,29.0,Cheryl Burke,7.3,0.0,100.0,,8,0.0,8,16.0,False,Correctly Predicted Safe,True,8.21529745042493,7.757648725212466,False,Correctly Predicted Safe,True,False,0.3566959123173675,0.0,0.927
19,3,8.0,10,Betsey Johnson,29.0,Tony Dovolani,3.14,0.0,100.0,,10,0.0,10,18.0,False,Correctly Predicted Safe,True,8.21529745042493,5.677648725212466,False,Correctly Predicted Safe,True,False,0.498012337042136,0.2,0.9686
19,3,10.0,7,Michael Waltrip,28.0,Emma Slater,9.42,0.0,100.0,,7,0.0,7,17.0,False,Correctly Predicted Safe,True,7.932011331444759,8.676005665722379,False,Correctly Predicted Safe,True,False,0.5544780236743967,0.3,0.9057999999999999
19,3,11.0,11,Randy Couture,26.0,Karina Smirnoff,1.16,0.0,10.81,,11,0.8919,11,22.0,True,Correctly Predicted Eliminated,True,7.365439093484419,4.262719546742209,True,Correctly Predicted Eliminated,True,True,0.34917847888719966,0.0,0.8926919518963923
19,4,1.0,1,Alfonso Ribeiro,40.0,Witney Carson,13.75,0.0,96.83,,1,0.0317,1,2.0,False,Correctly Predicted Safe,False,12.5,13.125,False,Correctly Predicted Safe,True,False,0.34185561293691025,0.0,0.8579985541670969
19,4,2.0,6,Lea Thompson,39.0,Artem Chigvintsev,10.83,0.0,96.83,,6,0.0317,5,8.0,False,Correctly Predicted Safe,False,12.1875,11.50875,False,Correctly Predicted Safe,True,False,0.6607110004224965,0.4444444444444444,0.8881544975730662
19,4,3.0,2,Sadie Robertson,37.0,Mark Ballas,13.75,0.0,96.83,,2,0.0317,2,5.0,False,Correctly Predicted Safe,False,11.5625,12.65625,False,Correctly Predicted Safe,True,False,0.4033417261042554,0.1111111111111111,0.8579985541670969
19,4,4.0,3,Janel Parrish,36.0,Valentin Chmerkovskiy,13.75,0.0,96.83,,3,0.0317,3,7.0,False,Correctly Predicted Safe,False,11.25,12.5,False,Correctly Predicted Safe,True,False,0.4033417261042554,0.1111111111111111,0.8579985541670969
19,4,5.0,4,Bethany Mota,33.0,Derek Hough,13.75,0.0,96.83,,4,0.0317,4,9.0,False,Correctly Predicted Safe,False,10.3125,12.03125,False,Correctly Predicted Safe,True,False,0.4033417261042554,0.1111111111111111,0.8579985541670969
19,4,6.0,8,Antonio Sabato Jr.,29.0,Cheryl Burke,6.26,0.01,96.84,,8,0.0317,8,14.0,False,Correctly Predicted Safe,False,9.0625,7.66125,False,Correctly Predicted Safe,True,False,0.5040798320877624,0.2222222222222222,0.9354538882577713
19,4,6.0,10,Betsey Johnson,29.0,Tony Dovolani,1.25,0.0,10.93,,10,0.8907,10,16.0,False,Incorrectly Predicted Safe,False,9.0625,5.15625,True,Correctly Predicted Eliminated,True,True,0.6599049523368388,0.4444444444444444,0.8856358645928637
19,4,8.0,5,Tommy Chong,28.0,Peta Murgatroyd,13.75,0.32,97.16,,5,0.0317,6,13.0,False,Correctly Predicted Safe,False,8.75,11.25,False,Correctly Predicted Safe,True,False,0.5656966120159179,0.3333333333333333,0.8613176373399422
19,4,9.0,7,Michael Waltrip,25.0,Emma Slater,8.93,1.26,98.09,,7,0.0317,7,16.0,False,Correctly Predicted Safe,False,7.8125,8.37125,False,Correctly Predicted Safe,True,False,0.49931961732688923,0.2222222222222222,0.920789011669937
19,4,10.0,9,Jonathan Bennett,24.0,Allison Holker,3.97,1.57,98.41,,9,0.0317,9,19.0,True,Incorrectly Predicted Eliminated,False,7.5,5.735,False,Correctly Predicted Safe,True,False,0.4360725396202559,0.1111111111111111,0.9752168525402726
19,6,1.0,1,Alfonso Ribeiro,73.0,Witney Carson,15.39,0.0,98.0,,1,0.02,1,2.0,False,Correctly Predicted Safe,False,13.10592459605027,14.247962298025136,False,Correctly Predicted Safe,True,False,0.3387679603240557,0.0,0.8429591836734693
19,6,3.0,4,Bethany Mota,68.0,Derek Hough,15.39,0.0,98.0,,2,0.02,3,5.0,False,Correctly Predicted Safe,False,12.208258527827647,13.799129263913825,False,Correctly Predicted Safe,True,False,0.4080081850861655,0.125,0.8429591836734693
19,6,2.0,2,Sadie Robertson,71.0,Mark Ballas,15.39,0.0,98.0,,3,0.02,2,5.0,False,Correctly Predicted Safe,False,12.74685816876122,14.068429084380613,False,Correctly Predicted Safe,True,False,0.3387679603240557,0.0,0.8429591836734693
19,6,4.0,3,Janel Parrish,66.0,Valentin Chmerkovskiy,15.39,0.0,98.0,,4,0.02,4,8.0,False,Correctly Predicted Safe,False,11.8491921005386,13.6195960502693,False,Correctly Predicted Safe,True,False,0.4080081850861655,0.125,0.8429591836734693
19,6,6.0,9,Jonathan Bennett,56.0,Allison Holker,1.53,0.0,12.16,,9,0.8784,9,15.0,False,Incorrectly Predicted Safe,False,10.053859964093355,5.791929982046678,True,Correctly Predicted Eliminated,True,True,0.6027963748026335,0.375,0.8741776315789473
19,6,4.0,6,Lea Thompson,66.0,Artem Chigvintsev,10.49,0.0,98.0,,6,0.02,6,10.0,False,Correctly Predicted Safe,False,11.8491921005386,11.1695960502693,False,Correctly Predicted Safe,True,False,0.5113701544339202,0.25,0.8929591836734694
19,6,9.0,7,Michael Waltrip,50.0,Emma Slater,7.85,1.09,99.08,,7,0.02,7,16.0,True,Incorrectly Predicted Eliminated,False,8.976660682226212,8.413330341113106,False,Correctly Predicted Safe,True,False,0.5239116480476433,0.25,0.931013368711093
19,6,6.0,8,Antonio Sabato Jr.,56.0,Cheryl Burke,4.61,0.01,98.01,,8,0.02,8,14.0,False,Correctly Predicted Safe,False,10.053859964093355,7.331929982046679,False,Correctly Predicted Safe,True,False,0.5312335230610368,0.25,0.9530612244897959
19,6,8.0,5,Tommy Chong,51.0,Peta Murgatroyd,13.98,0.91,98.9,,5,0.02,5,13.0,False,Correctly Predicted Safe,False,9.156193895870736,11.568096947935368,False,Correctly Predicted Safe,True,False,0.6002581264708315,0.375,0.8666190427594653
19,7,1.0,4,Bethany Mota,37.5,Derek Hough,16.91,0.0,99.41,,4,0.0059,1,5.0,False,Correctly Predicted Safe,True,14.50676982591876,15.708384912959382,False,Correctly Predicted Safe,True,False,0.6296971125467026,0.42857142857142855,0.8298963886932904
19,7,2.0,6,Lea Thompson,35.0,Artem Chigvintsev,9.3,0.0,99.41,,6,0.0059,6,8.0,False,Correctly Predicted Safe,True,13.539651837524175,11.41982591876209,False,Correctly Predicted Safe,True,False,0.7529204199391664,0.5714285714285714,0.9064480434563927
19,7,3.0,1,Alfonso Ribeiro,34.0,Witney Carson,17.5,0.0,99.41,,1,0.0059,2,4.0,False,Correctly Predicted Safe,True,13.152804642166345,15.326402321083172,False,Correctly Predicted Safe,True,False,0.5160791421477395,0.2857142857142857,0.8239613720953627
19,7,4.0,3,Janel Parrish,33.5,Valentin Chmerkovskiy,17.5,0.0,99.41,,2,0.0059,3,6.0,False,Correctly Predicted Safe,True,12.959381044487428,15.229690522243716,False,Correctly Predicted Safe,True,False,0.41419713368985545,0.14285714285714285,0.8239613720953627
19,7,5.0,2,Sadie Robertson,31.0,Mark Ballas,17.5,0.0,99.41,,3,0.0059,4,8.0,False,Correctly Predicted Safe,True,11.992263056092844,14.746131528046424,False,Correctly Predicted Safe,True,False,0.6277351494732248,0.42857142857142855,0.8239613720953627
19,7,6.0,5,Tommy Chong,30.0,Peta Murgatroyd,13.53,0.0,99.41,,5,0.0059,5,11.0,False,Correctly Predicted Safe,True,11.60541586073501,12.567707930367504,False,Correctly Predicted Safe,True,False,0.42536437867393906,0.14285714285714285,0.8638969922543004
19,7,7.0,8,Antonio Sabato Jr.,29.5,Cheryl Burke,1.89,0.0,13.58,,8,0.8642,8,15.0,True,Correctly Predicted Eliminated,True,11.411992263056092,6.650996131528046,True,Correctly Predicted Eliminated,True,True,0.42449355378953246,0.14285714285714285,0.8608247422680413
19,7,8.0,7,Michael Waltrip,28.0,Emma Slater,5.88,0.59,100.0,,7,0.0059,7,15.0,False,Correctly Predicted Safe,True,10.831721470019342,8.35586073500967,False,Correctly Predicted Safe,True,False,0.4495605348494022,0.14285714285714285,0.9467860376219697
19,8,1.0,3,Janel Parrish,43.0,Valentin Chmerkovskiy,20.03,0.0,100.0,,2,0.0,1,3.0,False,Correctly Predicted Safe,True,17.338709677419356,18.68435483870968,False,Correctly Predicted Safe,True,False,0.544963233999356,0.3333333333333333,0.7997
19,8,2.0,1,Alfonso Ribeiro,41.0,Witney Carson,20.03,0.0,100.0,,3,0.0,2,5.0,False,Correctly Predicted Safe,True,16.532258064516128,18.281129032258065,False,Correctly Predicted Safe,True,False,0.4229199023956377,0.16666666666666666,0.7997
19,8,3.0,4,Bethany Mota,40.0,Derek Hough,16.8,0.0,100.0,,4,0.0,4,7.0,False,Correctly Predicted Safe,True,16.129032258064516,16.46451612903226,False,Correctly Predicted Safe,True,False,0.4321342773586956,0.16666666666666666,0.832
19,8,4.0,2,Sadie Robertson,38.0,Mark Ballas,20.03,0.0,100.0,,1,0.0,3,5.0,False,Correctly Predicted Safe,True,15.32258064516129,17.676290322580645,False,Correctly Predicted Safe,True,False,0.544963233999356,0.3333333333333333,0.7997
19,8,5.0,6,Lea Thompson,32.0,Artem Chigvintsev,7.43,0.0,100.0,,6,0.0,6,11.0,False,Correctly Predicted Safe,True,12.903225806451612,10.166612903225806,False,Correctly Predicted Safe,True,False,0.45999724138734527,0.16666666666666666,0.9257
19,8,6.0,5,Tommy Chong,29.0,Peta Murgatroyd,12.68,0.0,100.0,,5,0.0,5,11.0,False,Correctly Predicted Safe,True,11.693548387096774,12.186774193548388,False,Correctly Predicted Safe,True,False,0.4441857995474064,0.16666666666666666,0.8732
19,8,7.0,7,Michael Waltrip,25.0,Emma Slater,2.99,0.0,18.48,,7,0.8152,7,14.0,True,Correctly Predicted Eliminated,True,10.080645161290322,6.535322580645161,True,Correctly Predicted Eliminated,True,True,0.3378024635539286,0.0,0.8382034632034632
19,9,1.0,3,Janel Parrish,38.5,Valentin Chmerkovskiy,22.89,0.0,96.95,,3,0.0305,2,4.0,False,Correctly Predicted Safe,True,17.990654205607477,20.44032710280374,False,Correctly Predicted Safe,True,False,0.5853132830942407,0.4,0.763898916967509
19,9,1.0,1,Alfonso Ribeiro,38.5,Witney Carson,23.77,0.0,96.95,,1,0.0305,1,2.0,False,Correctly Predicted Safe,True,17.990654205607477,20.88032710280374,False,Correctly Predicted Safe,True,False,0.3217141201392194,0.0,0.7548220732336256
19,9,3.0,4,Bethany Mota,37.0,Derek Hough,16.26,0.0,96.95,,4,0.0305,4,7.0,False,Correctly Predicted Safe,True,17.289719626168225,16.774859813084113,False,Correctly Predicted Safe,True,False,0.45523679185966254,0.2,0.832284682826199
19,9,4.0,2,Sadie Robertson,36.5,Mark Ballas,23.77,0.0,96.95,,2,0.0305,3,6.0,False,Correctly Predicted Safe,True,17.056074766355138,20.413037383177567,False,Correctly Predicted Safe,True,False,0.582251545639354,0.4,0.7548220732336256
19,9,5.0,6,Lea Thompson,35.0,Artem Chigvintsev,2.9,0.0,16.97,,6,0.8303,6,11.0,True,Correctly Predicted Eliminated,True,16.355140186915886,9.627570093457942,True,Correctly Predicted Eliminated,True,True,0.45427555949678794,0.2,0.8291101944608132
19,9,6.0,5,Tommy Chong,28.5,Peta Murgatroyd,10.42,3.05,100.0,,5,0.0305,5,11.0,False,Correctly Predicted Safe,True,13.317757009345794,11.868878504672896,False,Correctly Predicted Safe,True,False,0.48371383630829845,0.2,0.9239814337287262
19,10,1.0,3,Janel Parrish,39.0,Valentin Chmerkovskiy,23.07,0.0,100.0,,3,0.0,3,4.0,False,Correctly Predicted Safe,True,21.36986301369863,22.219931506849317,False,Correctly Predicted Safe,True,False,0.6641498977259858,0.5,0.7693
19,10,2.0,4,Bethany Mota,38.0,Derek Hough,13.45,0.0,100.0,,4,0.0,4,6.0,False,Correctly Predicted Safe,True,20.82191780821918,17.13595890410959,False,Correctly Predicted Safe,True,False,0.6940913711984851,0.5,0.8655
19,10,3.0,1,Alfonso Ribeiro,37.5,Witney Carson,29.34,0.0,100.0,,1,0.0,1,4.0,False,Correctly Predicted Safe,True,20.54794520547945,24.943972602739727,False,Correctly Predicted Safe,True,False,0.6439348808623429,0.5,0.7066
19,10,4.0,2,Sadie Robertson,37.0,Mark Ballas,29.34,0.0,100.0,,2,0.0,2,6.0,False,Correctly Predicted Safe,True,20.273972602739725,24.80698630136986,False,Correctly Predicted Safe,True,False,0.6439348808623429,0.5,0.7066
19,10,5.0,5,Tommy Chong,31.0,Peta Murgatroyd,4.8,0.0,23.01,,5,0.7699,5,10.0,True,Correctly Predicted Eliminated,True,16.986301369863014,10.893150684931507,True,Correctly Predicted Eliminated,True,True,0.328576482771038,0.0,0.7913950456323338
19,11,1.0,1,Alfonso Ribeiro,40.0,Witney Carson,37.65,24.43,100.0,,1,0.2443,1,2.0,False,Correctly Predicted Safe,True,25.586408499804897,31.618204249902448,False,Correctly Predicted Safe,True,False,0.3351617672674829,0.0,0.8250628556305413
19,11,2.0,2,Sadie Robertson,39.333200000000005,Mark Ballas,35.71,0.0,50.21,,2,0.4979,2,4.0,True,Correctly Predicted Eliminated,True,25.159883070113157,30.434941535056577,True,Correctly Predicted Eliminated,True,True,0.2579443539479219,0.0,0.2887870942043418
19,11,3.0,3,Janel Parrish,38.99980000000001,Valentin Chmerkovskiy,20.73,0.0,33.61,,3,0.6639,3,6.0,True,Correctly Predicted Eliminated,True,24.94662035526728,22.83831017763364,True,Correctly Predicted Eliminated,True,True,0.2677109616523445,0.0,0.38321927997619754
19,11,4.0,4,Bethany Mota,38.0,Derek Hough,5.91,0.0,25.68,,4,0.7432,4,8.0,True,Correctly Predicted Eliminated,True,24.30708807481465,15.108544037407327,True,Correctly Predicted Eliminated,True,True,0.3244993019897907,0.0,0.7698598130841121
20,2,1.0,4,Nastia Liukin,64.0,Derek Hough,11.43,0.0,98.3,,2,0.017,1,3.0,False,Correctly Predicted Safe,False,9.62406015037594,10.52703007518797,False,Correctly Predicted Safe,True,False,0.5258143409455092,0.2727272727272727,0.8837232960325534
20,2,4.0,7,Willow Shields,57.0,Mark Ballas,9.58,0.0,98.3,,7,0.017,7,11.0,False,Correctly Predicted Safe,False,8.571428571428571,9.075714285714286,False,Correctly Predicted Safe,True,False,0.5320700985844533,0.2727272727272727,0.9025432349949135
20,2,3.0,2,Riker Lynch,63.0,Allison Holker,11.43,0.0,98.3,,3,0.017,3,6.0,False,Correctly Predicted Safe,False,9.473684210526317,10.451842105263156,False,Correctly Predicted Safe,True,False,0.3976797294385221,0.09090909090909091,0.8837232960325534
20,2,1.0,1,Rumer Willis,64.0,Valentin Chmerkovskiy,11.43,0.0,98.3,,1,0.017,2,2.0,False,Correctly Predicted Safe,False,9.62406015037594,10.52703007518797,False,Correctly Predicted Safe,True,False,0.3472585949086178,0.0,0.8837232960325534
20,2,7.0,12,Redfoo,53.0,Emma Slater,0.85,0.0,8.69,,12,0.9131,12,19.0,False,Incorrectly Predicted Safe,False,7.969924812030076,4.409962406015038,True,Correctly Predicted Eliminated,True,True,0.6726415327607553,0.45454545454545453,0.9021864211737629
20,2,7.0,9,Suzanne Somers,53.0,Tony Dovolani,6.13,0.01,98.31,,9,0.017,9,16.0,False,Correctly Predicted Safe,False,7.969924812030076,7.049962406015037,False,Correctly Predicted Safe,True,False,0.4746717720154454,0.18181818181818182,0.9377416073245168
20,2,6.0,10,Michael Sam,54.0,Peta Murgatroyd,4.35,0.0,98.3,,10,0.017,10,16.0,False,Correctly Predicted Safe,False,8.1203007518797,6.23515037593985,False,Correctly Predicted Safe,True,False,0.6211927043280249,0.36363636363636365,0.9557477110885045
20,2,5.0,6,Robert Herjavec,56.0,Kym Johnson,11.35,0.0,98.3,,6,0.017,4,11.0,False,Correctly Predicted Safe,False,8.421052631578947,9.885526315789471,False,Correctly Predicted Safe,True,False,0.39789305907553907,0.09090909090909091,0.8845371312309257
20,2,7.0,8,Patti LaBelle,53.0,Artem Chigvintsev,7.89,0.01,98.31,,8,0.017,8,15.0,False,Correctly Predicted Safe,False,7.969924812030076,7.929962406015038,False,Correctly Predicted Safe,True,False,0.4072872294651624,0.09090909090909091,0.9198372329603255
20,2,7.0,3,Noah Galloway,53.0,Sharna Burgess,11.43,0.01,98.31,,5,0.017,5,12.0,False,Correctly Predicted Safe,False,7.969924812030076,9.699962406015038,False,Correctly Predicted Safe,True,False,0.5971288428928712,0.36363636363636365,0.88382502543235
20,2,11.0,11,Charlotte McKinney,48.0,Keo Motsepe,2.69,0.76,99.06,,11,0.017,11,22.0,True,Incorrectly Predicted Eliminated,False,7.218045112781955,4.954022556390978,False,Correctly Predicted Safe,True,False,0.3689360218873068,0.0,0.9803662258392676
20,2,12.0,5,Chris Soules,47.0,Witney Carson,11.43,0.91,99.21,,4,0.017,6,16.0,False,Correctly Predicted Safe,False,7.067669172932331,9.248834586466163,False,Correctly Predicted Safe,True,False,0.7868491387778935,0.6363636363636364,0.8929806714140387
20,3,1.0,2,Riker Lynch,34.0,Allison Holker,12.49,0.0,99.99,,1,0.0001,1,2.0,False,Correctly Predicted Safe,True,10.86261980830671,11.676309904153356,False,Correctly Predicted Safe,True,False,0.40099279785298636,0.1,0.875087508750875
20,3,1.0,4,Nastia Liukin,34.0,Derek Hough,12.49,0.0,99.99,,2,0.0001,2,3.0,False,Correctly Predicted Safe,True,10.86261980830671,11.676309904153356,False,Correctly Predicted Safe,True,False,0.5441618331722955,0.3,0.875087508750875
20,3,3.0,1,Rumer Willis,33.0,Valentin Chmerkovskiy,12.49,0.0,99.99,,5,0.0001,3,8.0,False,Correctly Predicted Safe,True,10.543130990415335,11.516565495207669,False,Correctly Predicted Safe,True,False,0.46836432569344894,0.2,0.875087508750875
20,3,4.0,7,Willow Shields,32.0,Mark Ballas,9.13,0.0,99.99,,7,0.0001,7,11.0,False,Correctly Predicted Safe,True,10.22364217252396,9.67682108626198,False,Correctly Predicted Safe,True,False,0.5554509063328413,0.3,0.9086908690869087
20,3,5.0,3,Noah Galloway,30.0,Sharna Burgess,12.49,0.0,99.99,,3,0.0001,4,8.0,False,Correctly Predicted Safe,True,9.584664536741212,11.037332268370609,False,Correctly Predicted Safe,True,False,0.46836432569344894,0.2,0.875087508750875
20,3,6.0,6,Robert Herjavec,29.0,Kym Johnson,11.33,0.0,99.99,,6,0.0001,6,12.0,False,Correctly Predicted Safe,True,9.26517571884984,10.29758785942492,False,Correctly Predicted Safe,True,False,0.3478913063278016,0.0,0.8866886688668867
20,3,7.0,5,Chris Soules,28.0,Witney Carson,12.49,0.0,99.99,,4,0.0001,5,11.0,False,Correctly Predicted Safe,True,8.945686900958465,10.717843450479233,False,Correctly Predicted Safe,True,False,0.46836432569344894,0.2,0.875087508750875
20,3,8.0,9,Suzanne Somers,25.0,Tony Dovolani,5.25,0.0,99.99,,9,0.0001,9,17.0,False,Correctly Predicted Safe,True,7.987220447284344,6.618610223642172,False,Correctly Predicted Safe,True,False,0.4207376346450964,0.1,0.9474947494749475
20,3,9.0,10,Michael Sam,24.0,Peta Murgatroyd,3.21,0.0,99.99,,10,0.0001,10,19.0,False,Correctly Predicted Safe,True,7.667731629392971,5.438865814696486,False,Correctly Predicted Safe,True,False,0.4265009970889296,0.1,0.9678967896789679
20,3,10.0,11,Charlotte McKinney,22.0,Keo Motsepe,1.2,0.0,11.14,,11,0.8886,11,21.0,True,Correctly Predicted Eliminated,True,7.028753993610224,4.114376996805111,True,Correctly Predicted Eliminated,True,True,0.4055784904721637,0.1,0.8922800718132855
20,3,10.0,8,Patti LaBelle,22.0,Artem Chigvintsev,7.45,0.01,100.0,,8,0.0001,8,18.0,False,Correctly Predicted Safe,True,7.028753993610224,7.239376996805111,False,Correctly Predicted Safe,True,False,0.4842255495832161,0.2,0.9255925592559255
20,4,1.0,7,Willow Shields,39.0,Mark Ballas,8.4,0.0,98.43,,7,0.0157,7,8.0,False,Correctly Predicted Safe,False,12.0,10.2,False,Correctly Predicted Safe,True,False,0.8070814751320996,0.6666666666666666,0.9146601645839683
20,4,2.0,4,Nastia Liukin,36.0,Derek Hough,13.83,0.0,98.43,,3,0.0157,1,5.0,False,Correctly Predicted Safe,False,11.076923076923077,12.45346153846154,False,Correctly Predicted Safe,True,False,0.4797132989617164,0.2222222222222222,0.8594940566900335
20,4,3.0,1,Rumer Willis,35.0,Valentin Chmerkovskiy,13.83,0.0,98.43,,4,0.0157,2,7.0,False,Correctly Predicted Safe,False,10.76923076923077,12.299615384615386,False,Correctly Predicted Safe,True,False,0.4797132989617164,0.2222222222222222,0.8594940566900335
20,4,4.0,2,Riker Lynch,34.0,Allison Holker,13.83,0.0,98.43,,1,0.0157,3,5.0,False,Correctly Predicted Safe,False,10.461538461538462,12.14576923076923,False,Correctly Predicted Safe,True,False,0.4797132989617164,0.2222222222222222,0.8594940566900335
20,4,4.0,6,Robert Herjavec,34.0,Kym Johnson,11.12,0.0,98.43,,6,0.0157,6,10.0,False,Correctly Predicted Safe,False,10.461538461538462,10.79076923076923,False,Correctly Predicted Safe,True,False,0.4884587561330304,0.2222222222222222,0.88702631311592
20,4,6.0,3,Noah Galloway,32.0,Sharna Burgess,13.83,0.0,98.43,,2,0.0157,4,8.0,False,Correctly Predicted Safe,False,9.846153846153848,11.838076923076922,False,Correctly Predicted Safe,True,False,0.5650815579494849,0.3333333333333333,0.8594940566900335
20,4,7.0,10,Michael Sam,30.0,Peta Murgatroyd,1.24,0.0,10.76,,10,0.8924,10,17.0,False,Incorrectly Predicted Safe,False,9.230769230769232,5.235384615384616,True,Correctly Predicted Eliminated,True,True,0.5736059543771015,0.3333333333333333,0.8847583643122676
20,4,7.0,8,Patti LaBelle,30.0,Artem Chigvintsev,6.27,0.01,98.44,,8,0.0157,8,15.0,False,Correctly Predicted Safe,False,9.230769230769232,7.750384615384616,False,Correctly Predicted Safe,True,False,0.42491924756665966,0.1111111111111111,0.936401503606624
20,4,9.0,9,Suzanne Somers,28.0,Tony Dovolani,3.84,0.63,99.06,,9,0.0157,9,18.0,True,Incorrectly Predicted Eliminated,False,8.615384615384615,6.227692307692307,False,Correctly Predicted Safe,True,False,0.36589811215776424,0.0,0.9673879914660165
20,4,10.0,5,Chris Soules,27.0,Witney Carson,13.83,0.93,99.36,,5,0.0157,5,15.0,False,Correctly Predicted Safe,False,8.307692307692308,11.068846153846154,False,Correctly Predicted Safe,True,False,0.7328157557784911,0.5555555555555556,0.8689423956110942
20,5,1.0,1,Rumer Willis,39.0,Valentin Chmerkovskiy,15.37,0.0,97.84,,2,0.0216,1,3.0,False,Correctly Predicted Safe,False,13.780918727915196,14.575459363957595,False,Correctly Predicted Safe,True,False,0.3387572943440059,0.0,0.8429067865903517
20,5,2.0,2,Riker Lynch,38.0,Allison Holker,15.37,0.0,97.84,,3,0.0216,2,5.0,False,Correctly Predicted Safe,False,13.427561837455832,14.398780918727915,False,Correctly Predicted Safe,True,False,0.3387572943440059,0.0,0.8429067865903517
20,5,2.0,4,Nastia Liukin,38.0,Derek Hough,15.37,0.0,97.84,,4,0.0216,3,6.0,False,Correctly Predicted Safe,False,13.427561837455832,14.398780918727915,False,Correctly Predicted Safe,True,False,0.49509920323351125,0.25,0.8429067865903517
20,5,4.0,7,Willow Shields,34.0,Mark Ballas,7.38,0.0,97.84,,7,0.0216,7,11.0,False,Correctly Predicted Safe,False,12.014134275618376,9.697067137809189,False,Correctly Predicted Safe,True,False,0.6196424173702253,0.375,0.9245707277187245
20,5,5.0,9,Suzanne Somers,28.0,Tony Dovolani,1.55,0.0,12.32,,9,0.8768,9,14.0,False,Incorrectly Predicted Safe,False,9.89399293286219,5.721996466431095,True,Correctly Predicted Eliminated,True,True,0.6967213537249617,0.5,0.8741883116883117
20,5,5.0,3,Noah Galloway,28.0,Sharna Burgess,15.37,0.01,97.85,,1,0.0216,4,6.0,False,Correctly Predicted Safe,False,9.89399293286219,12.631996466431094,False,Correctly Predicted Safe,True,False,0.4951321329538893,0.25,0.8430089942763695
20,5,7.0,8,Patti LaBelle,27.0,Artem Chigvintsev,4.68,0.36,98.2,,8,0.0216,8,15.0,False,Correctly Predicted Safe,False,9.540636042402827,7.110318021201413,False,Correctly Predicted Safe,True,False,0.43988497585407677,0.125,0.955846279640229
20,5,7.0,5,Chris Soules,27.0,Witney Carson,13.91,0.36,98.2,,5,0.0216,5,12.0,False,Correctly Predicted Safe,False,9.540636042402827,11.725318021201414,False,Correctly Predicted Safe,True,False,0.5011131856115333,0.25,0.8615085854456255
20,5,9.0,6,Robert Herjavec,24.0,Kym Johnson,10.99,1.42,99.26,,6,0.0216,6,15.0,True,Incorrectly Predicted Eliminated,False,8.480565371024735,9.735282685512368,False,Correctly Predicted Safe,True,False,0.6121781623998143,0.375,0.9021872444807849
20,6,1.0,2,Riker Lynch,38.0,Allison Holker,17.5,0.0,99.8,,1,0.002,1,2.0,False,Correctly Predicted Safe,True,13.427561837455832,15.463780918727917,False,Correctly Predicted Safe,True,False,0.4143866677343656,0.14285714285714285,0.8246492985971944
20,6,2.0,7,Willow Shields,36.5,Mark Ballas,5.52,0.0,99.8,,7,0.002,7,9.0,False,Correctly Predicted Safe,True,12.897526501766784,9.208763250883392,False,Correctly Predicted Safe,True,False,0.834194230877694,0.7142857142857143,0.944689378757515
20,6,2.0,4,Nastia Liukin,36.5,Derek Hough,17.19,0.0,99.8,,4,0.002,2,6.0,False,Correctly Predicted Safe,True,12.897526501766784,15.043763250883393,False,Correctly Predicted Safe,True,False,0.5173287168392092,0.2857142857142857,0.827755511022044
20,6,4.0,1,Rumer Willis,35.5,Valentin Chmerkovskiy,17.5,0.0,99.8,,2,0.002,3,6.0,False,Correctly Predicted Safe,True,12.54416961130742,15.02208480565371,False,Correctly Predicted Safe,True,False,0.6279627133351953,0.42857142857142855,0.8246492985971944
20,6,5.0,5,Chris Soules,35.0,Witney Carson,13.39,0.0,99.8,,5,0.002,5,10.0,False,Correctly Predicted Safe,True,12.36749116607774,12.87874558303887,False,Correctly Predicted Safe,True,False,0.3434845305272519,0.0,0.8658316633266533
20,6,6.0,3,Noah Galloway,34.0,Sharna Burgess,17.5,0.01,99.81,,3,0.002,4,9.0,False,Correctly Predicted Safe,True,12.014134275618376,14.757067137809187,False,Correctly Predicted Safe,True,False,0.6279958559873711,0.42857142857142855,0.824749498997996
20,6,6.0,8,Patti LaBelle,34.0,Artem Chigvintsev,1.79,0.0,12.98,,8,0.8702,8,14.0,True,Correctly Predicted Eliminated,True,12.014134275618376,6.902067137809187,True,Correctly Predicted Eliminated,True,True,0.528694764524104,0.2857142857142857,0.862095531587057
20,6,8.0,6,Robert Herjavec,33.5,Kym Johnson,9.6,0.19,99.99,,6,0.002,6,14.0,False,Correctly Predicted Safe,True,11.837455830388691,10.718727915194346,False,Correctly Predicted Safe,True,False,0.5432537720011442,0.2857142857142857,0.9057114228456914
20,7,1.0,4,Nastia Liukin,41.0,Derek Hough,16.97,0.0,91.68,,4,0.0832,4,5.0,False,Correctly Predicted Safe,False,16.141732283464567,16.55586614173228,False,Correctly Predicted Safe,True,False,0.6785217037509383,0.5,0.8148996509598604
20,7,2.0,7,Willow Shields,39.0,Mark Ballas,1.95,0.0,13.21,,7,0.8679,7,9.0,False,Incorrectly Predicted Safe,False,15.354330708661418,8.652165354330709,True,Correctly Predicted Eliminated,True,True,0.8632630890776443,0.8333333333333334,0.8523845571536715
20,7,3.0,3,Noah Galloway,38.0,Sharna Burgess,20.24,0.4,92.09,,1,0.0832,1,4.0,False,Correctly Predicted Safe,False,14.960629921259844,17.600314960629923,False,Correctly Predicted Safe,True,False,0.32709213607229526,0.0,0.7836187152361217
20,7,4.0,2,Riker Lynch,37.0,Allison Holker,20.24,0.8,92.48,,3,0.0832,2,7.0,False,Correctly Predicted Safe,False,14.566929133858268,17.40346456692913,False,Correctly Predicted Safe,True,False,0.5410292489199128,0.3333333333333333,0.7879581151832461
20,7,4.0,1,Rumer Willis,37.0,Valentin Chmerkovskiy,20.24,0.8,92.48,,2,0.0832,3,6.0,False,Correctly Predicted Safe,False,14.566929133858268,17.40346456692913,False,Correctly Predicted Safe,True,False,0.6700669400691142,0.5,0.7879581151832461
20,7,6.0,6,Robert Herjavec,31.0,Kym Johnson,7.65,3.16,94.84,,6,0.0832,6,12.0,True,Incorrectly Predicted Eliminated,False,12.20472440944882,9.92736220472441,False,Correctly Predicted Safe,True,False,0.3621240148054581,0.0,0.9510253054101222
20,7,6.0,5,Chris Soules,31.0,Witney Carson,12.71,3.16,94.84,,5,0.0832,5,11.0,False,Correctly Predicted Safe,False,12.20472440944882,12.45736220472441,False,Correctly Predicted Safe,True,False,0.45094208093988947,0.16666666666666666,0.8958333333333334
20,8,1.0,1,Rumer Willis,40.0,Valentin Chmerkovskiy,23.64,0.0,99.75,,1,0.0025,1,2.0,False,Correctly Predicted Safe,True,18.912529550827426,21.27626477541371,False,Correctly Predicted Safe,True,False,0.3232238884265476,0.0,0.7630075187969925
20,8,2.0,2,Riker Lynch,39.0,Allison Holker,23.64,0.0,99.75,,2,0.0025,2,4.0,False,Correctly Predicted Safe,True,18.43971631205673,21.03985815602837,False,Correctly Predicted Safe,True,False,0.3232238884265476,0.0,0.7630075187969925
20,8,3.0,4,Nastia Liukin,38.0,Derek Hough,16.01,0.0,99.75,,4,0.0025,4,7.0,False,Correctly Predicted Safe,True,17.96690307328605,16.988451536643026,False,Correctly Predicted Safe,True,False,0.4574277155965373,0.2,0.839498746867168
20,8,4.0,5,Chris Soules,32.0,Witney Carson,9.93,0.0,21.93,,5,0.7807,5,9.0,True,Correctly Predicted Eliminated,True,15.13002364066194,12.53001182033097,True,Correctly Predicted Eliminated,True,True,0.3769578264714917,0.2,0.5471956224350205
20,8,5.0,3,Noah Galloway,31.5,Sharna Burgess,23.49,0.25,100.0,,3,0.0025,3,8.0,False,Correctly Predicted Safe,True,14.893617021276595,19.191808510638296,False,Correctly Predicted Safe,True,False,0.5863649396276959,0.4,0.7670175438596492
20,8,6.0,6,Robert Herjavec,31.0,Kym Johnson,3.29,0.0,18.66,,6,0.8134,6,12.0,True,Correctly Predicted Eliminated,True,14.657210401891252,8.973605200945626,True,Correctly Predicted Eliminated,True,True,0.33488758144051434,0.0,0.8236870310825295
20,9,1.0,2,Riker Lynch,40.0,Allison Holker,35.69,0.01,98.07,,2,0.0194,2,3.0,False,Correctly Predicted Safe,False,25.477707006369428,30.583853503184717,False,Correctly Predicted Safe,True,False,0.49113910048608106,0.3333333333333333,0.6361411380787272
20,9,1.0,4,Nastia Liukin,40.0,Derek Hough,5.48,0.0,24.51,,4,0.7549,4,5.0,False,Incorrectly Predicted Safe,False,25.477707006369428,15.478853503184714,True,Correctly Predicted Eliminated,True,True,0.8980278991489292,1.0,0.7764177886576907
20,9,3.0,1,Rumer Willis,39.0,Valentin Chmerkovskiy,37.76,0.65,98.71,,1,0.0194,1,4.0,False,Correctly Predicted Safe,False,24.840764331210192,31.300382165605093,False,Correctly Predicted Safe,True,False,0.7360988867086276,0.6666666666666666,0.621558229655313
20,9,4.0,3,Noah Galloway,38.0,Sharna Burgess,21.07,1.28,99.34,,3,0.0194,3,7.0,True,Incorrectly Predicted Eliminated,False,24.203821656050955,22.63691082802548,False,Correctly Predicted Safe,True,False,0.5444551855783553,0.3333333333333333,0.7981847848256169
20,10,1.0,2,Riker Lynch,40.0,Allison Holker,35.52,0.0,49.99,,2,0.5001,2,3.0,True,Correctly Predicted Eliminated,True,34.48275862068966,35.00137931034483,True,Correctly Predicted Eliminated,True,True,0.5047804599130805,0.5,0.2894578915783156
20,10,1.0,1,Rumer Willis,40.0,Valentin Chmerkovskiy,54.2,32.19,100.0,,1,0.3219,1,2.0,False,Correctly Predicted Safe,True,34.48275862068966,44.341379310344834,False,Correctly Predicted Safe,True,False,0.30783434337564675,0.0,0.6754166052204689
20,10,3.0,3,Noah Galloway,36.0,Sharna Burgess,10.28,0.0,35.62,,3,0.6438,3,6.0,True,Correctly Predicted Eliminated,True,31.03448275862069,20.657241379310346,True,Correctly Predicted Eliminated,True,True,0.3139532842190689,0.0,0.7113980909601347
21,2,2.0,5,Tamar Braxton,47.5,Valentin Chmerkovskiy,10.49,0.0,98.99,,2,0.0101,2,4.0,False,Correctly Predicted Safe,True,9.125840537944285,9.807920268972142,False,Correctly Predicted Safe,True,False,0.5117211087239426,0.25,0.894029699969694
21,2,1.0,1,Bindi Irwin,48.0,Derek Hough,10.49,0.0,98.99,,5,0.0101,1,6.0,False,Correctly Predicted Safe,True,9.221902017291066,9.855951008645532,False,Correctly Predicted Safe,True,False,0.3494664520444587,0.0,0.894029699969694
21,2,5.0,6,Alexa PenaVega,45.0,Mark Ballas,10.49,0.0,98.99,,6,0.0101,5,11.0,False,Correctly Predicted Safe,True,8.645533141210375,9.567766570605189,False,Correctly Predicted Safe,True,False,0.39575448064671304,0.08333333333333333,0.894029699969694
21,2,4.0,4,Carlos PenaVega,45.5,Witney Carson,10.49,0.0,98.99,,1,0.0101,4,5.0,False,Correctly Predicted Safe,True,8.741594620557157,9.61579731027858,False,Correctly Predicted Safe,True,False,0.3494664520444587,0.0,0.894029699969694
21,2,6.0,3,Alek Skarlatos,44.5,Lindsay Arnold,10.49,0.0,98.99,,3,0.0101,6,9.0,False,Correctly Predicted Safe,True,8.549471661863594,9.519735830931795,False,Correctly Predicted Safe,True,False,0.5117211087239426,0.25,0.894029699969694
21,2,3.0,2,Nick Carter,46.5,Sharna Burgess,10.49,0.0,98.99,,4,0.0101,3,7.0,False,Correctly Predicted Safe,True,8.93371757925072,9.71185878962536,False,Correctly Predicted Safe,True,False,0.39575448064671304,0.08333333333333333,0.894029699969694
21,2,7.0,8,Hayes Grier,43.5,Emma Slater,8.12,0.0,98.99,,8,0.0101,8,15.0,False,Correctly Predicted Safe,True,8.357348703170029,8.238674351585015,False,Correctly Predicted Safe,True,False,0.40205259401983306,0.08333333333333333,0.9179715122739671
21,2,8.0,7,Andy Grammer,43.0,Allison Holker,9.62,0.0,98.99,,7,0.0101,7,15.0,False,Correctly Predicted Safe,True,8.261287223823247,8.940643611911623,False,Correctly Predicted Safe,True,False,0.3980516292327875,0.08333333333333333,0.9028184665117689
21,2,9.0,12,Victor Espinoza,33.5,Karina Smirnoff,2.32,0.0,9.76,,12,0.9024,12,21.0,True,Correctly Predicted Eliminated,True,6.43611911623439,4.378059558117195,True,Correctly Predicted Eliminated,True,True,0.4695673384772933,0.25,0.7622950819672132
21,2,12.0,11,Kim Zolciak-Biermann,30.5,Tony Dovolani,3.88,0.59,11.24,,11,0.8935,11,23.0,True,Correctly Predicted Eliminated,True,5.859750240153699,4.869875120076849,True,Correctly Predicted Eliminated,True,True,0.34764261546437547,0.08333333333333333,0.6910798122065728
21,2,9.0,9,Paula Deen,33.5,Louis van Amstel,6.82,0.02,99.01,,9,0.0101,9,18.0,False,Correctly Predicted Safe,True,6.43611911623439,6.628059558117196,False,Correctly Predicted Safe,True,False,0.3576588949445191,0.0,0.9313061925447015
21,2,11.0,10,Gary Busey,31.5,Anna Trebunskaya,5.36,0.4,99.39,,10,0.0101,10,21.0,False,Correctly Predicted Safe,True,6.051873198847262,5.705936599423631,False,Correctly Predicted Safe,True,False,0.4106463331659711,0.08333333333333333,0.9498939286796646
21,2,13.0,13,Chaka Khan,28.0,Keo Motsepe,0.93,0.0,9.98,,13,0.9002,13,26.0,True,Correctly Predicted Eliminated,True,5.379442843419788,3.154721421709894,True,Correctly Predicted Eliminated,True,True,0.35223947117272514,0.0,0.906813627254509
21,4,2.0,1,Bindi Irwin,60.0,Derek Hough,13.78,0.0,99.44,,1,0.0056,2,3.0,False,Correctly Predicted Safe,True,11.090573012939002,12.4352865064695,False,Correctly Predicted Safe,True,False,0.40425684905388887,0.1111111111111111,0.8614239742558327
21,4,2.0,5,Tamar Braxton,60.0,Valentin Chmerkovskiy,13.51,0.0,99.44,,5,0.0056,3,7.0,False,Correctly Predicted Safe,True,11.090573012939002,12.3002865064695,False,Correctly Predicted Safe,True,False,0.5666483542653082,0.3333333333333333,0.8641391794046661
21,4,1.0,2,Nick Carter,63.0,Sharna Burgess,13.78,0.0,99.44,,2,0.0056,1,3.0,False,Correctly Predicted Safe,True,11.645101663585953,12.712550831792976,False,Correctly Predicted Safe,True,False,0.40425684905388887,0.1111111111111111,0.8614239742558327
21,4,4.0,8,Hayes Grier,57.0,Emma Slater,6.07,0.0,99.44,,8,0.0056,8,12.0,False,Correctly Predicted Safe,True,10.536044362292053,8.303022181146027,False,Correctly Predicted Safe,True,False,0.6767823496220113,0.4444444444444444,0.9389581657280772
21,4,7.0,4,Carlos PenaVega,56.0,Witney Carson,13.78,0.0,99.44,,3,0.0056,5,10.0,False,Correctly Predicted Safe,True,10.35120147874307,12.065600739371536,False,Correctly Predicted Safe,True,False,0.5657324787210031,0.3333333333333333,0.8614239742558327
21,4,4.0,3,Alek Skarlatos,57.0,Lindsay Arnold,13.78,0.0,99.44,,4,0.0056,4,8.0,False,Correctly Predicted Safe,True,10.536044362292053,12.158022181146029,False,Correctly Predicted Safe,True,False,0.40425684905388887,0.1111111111111111,0.8614239742558327
21,4,8.0,7,Andy Grammer,52.0,Allison Holker,8.7,0.0,99.44,,7,0.0056,7,15.0,False,Correctly Predicted Safe,True,9.611829944547134,9.155914972273568,False,Correctly Predicted Safe,True,False,0.41820621562108173,0.1111111111111111,0.9125100563153661
21,4,4.0,6,Alexa PenaVega,57.0,Mark Ballas,11.08,0.0,99.44,,6,0.0056,6,10.0,False,Correctly Predicted Safe,True,10.536044362292053,10.808022181146026,False,Correctly Predicted Safe,True,False,0.4889540879043044,0.2222222222222222,0.8885760257441673
21,4,10.0,9,Paula Deen,38.0,Louis van Amstel,4.04,0.56,100.0,,9,0.0056,9,19.0,False,Correctly Predicted Safe,True,7.024029574861368,5.532014787430684,False,Correctly Predicted Safe,True,False,0.4331089634407511,0.1111111111111111,0.9650040225261465
21,4,9.0,10,Gary Busey,41.0,Anna Trebunskaya,1.46,0.0,12.41,,10,0.8759,10,19.0,True,Correctly Predicted Eliminated,True,7.578558225508318,4.519279112754159,True,Correctly Predicted Eliminated,True,True,0.40990378520205695,0.1111111111111111,0.8823529411764706
21,6,3.0,7,Andy Grammer,76.0,Allison Holker,7.36,0.0,100.0,,7,0.0,7,10.0,False,Correctly Predicted Safe,True,12.37785016286645,9.868925081433224,False,Correctly Predicted Safe,True,False,0.7122381319488333,0.5,0.9264
21,6,6.0,5,Tamar Braxton,69.0,Valentin Chmerkovskiy,13.73,0.0,100.0,,5,0.0,5,11.0,False,Correctly Predicted Safe,True,11.237785016286644,12.483892508143322,False,Correctly Predicted Safe,True,False,0.41339154146270285,0.125,0.8627
21,6,1.0,1,Bindi Irwin,77.0,Derek Hough,15.46,0.0,100.0,,2,0.0,1,3.0,False,Correctly Predicted Safe,True,12.54071661237785,14.000358306188923,False,Correctly Predicted Safe,True,False,0.3392655167815084,0.0,0.8453999999999999
21,6,4.0,2,Nick Carter,74.0,Sharna Burgess,15.46,0.0,100.0,,4,0.0,3,8.0,False,Correctly Predicted Safe,True,12.052117263843648,13.756058631921825,False,Correctly Predicted Safe,True,False,0.49590284479393076,0.25,0.8453999999999999
21,6,1.0,4,Carlos PenaVega,77.0,Witney Carson,15.46,0.0,100.0,,1,0.0,2,2.0,False,Correctly Predicted Safe,True,12.54071661237785,14.000358306188923,False,Correctly Predicted Safe,True,False,0.5931208758340367,0.375,0.8453999999999999
21,6,7.0,8,Hayes Grier,62.0,Emma Slater,4.62,0.0,100.0,,8,0.0,8,15.0,False,Correctly Predicted Safe,True,10.09771986970684,7.35885993485342,False,Correctly Predicted Safe,True,False,0.4392844125211902,0.125,0.9538
21,6,5.0,6,Alexa PenaVega,70.0,Mark Ballas,10.61,0.0,100.0,,6,0.0,6,11.0,False,Correctly Predicted Safe,True,11.400651465798044,11.005325732899022,False,Correctly Predicted Safe,True,False,0.4220686012310062,0.125,0.8939
21,6,8.0,3,Alek Skarlatos,59.0,Lindsay Arnold,15.46,0.0,100.0,,3,0.0,4,11.0,False,Correctly Predicted Safe,True,9.609120521172638,12.53456026058632,False,Correctly Predicted Safe,True,False,0.7691834762759244,0.625,0.8453999999999999
21,6,9.0,9,Paula Deen,50.0,Louis van Amstel,1.83,0.0,14.07,,9,0.8593,9,18.0,True,Correctly Predicted Eliminated,True,8.143322475570033,4.986661237785016,True,Correctly Predicted Eliminated,True,True,0.34434373072940383,0.0,0.8699360341151385
21,7,1.0,1,Bindi Irwin,29.0,Derek Hough,17.52,0.0,98.13,,1,0.0187,1,2.0,False,Correctly Predicted Safe,False,13.12217194570136,15.321085972850678,False,Correctly Predicted Safe,True,False,0.33444494423864857,0.0,0.8214613268113726
21,7,2.0,4,Carlos PenaVega,28.0,Witney Carson,17.25,0.01,98.14,,4,0.0187,2,6.0,False,Correctly Predicted Safe,False,12.669683257918551,14.959841628959277,False,Correctly Predicted Safe,True,False,0.5161954471251481,0.2857142857142857,0.8243146846020585
21,7,2.0,7,Andy Grammer,28.0,Allison Holker,5.57,0.01,98.14,,7,0.0187,7,9.0,False,Correctly Predicted Safe,False,12.669683257918551,9.119841628959277,False,Correctly Predicted Safe,True,False,0.8339562666296612,0.7142857142857143,0.94334046672781
21,7,2.0,8,Hayes Grier,28.0,Emma Slater,1.67,0.0,12.32,,8,0.8768,8,10.0,False,Incorrectly Predicted Safe,False,12.669683257918551,7.169841628959276,True,Correctly Predicted Eliminated,True,True,0.8721715464006199,0.8571428571428571,0.864448051948052
21,7,5.0,6,Alexa PenaVega,27.5,Mark Ballas,9.5,0.24,98.37,,6,0.0187,6,11.0,False,Correctly Predicted Safe,False,12.44343891402715,10.971719457013574,False,Correctly Predicted Safe,True,False,0.43738264209135114,0.14285714285714285,0.9056353816366045
21,7,6.0,5,Tamar Braxton,27.0,Valentin Chmerkovskiy,13.44,0.46,98.59,,5,0.0187,5,11.0,True,Incorrectly Predicted Eliminated,False,12.217194570135746,12.828597285067872,False,Correctly Predicted Safe,True,False,0.4264525356019512,0.14285714285714285,0.8677264852746357
21,7,6.0,2,Nick Carter,27.0,Sharna Burgess,17.52,0.46,98.59,,2,0.0187,3,8.0,False,Correctly Predicted Safe,False,12.217194570135746,14.868597285067873,False,Correctly Predicted Safe,True,False,0.7312135823374197,0.5714285714285714,0.826148986038928
21,7,8.0,3,Alek Skarlatos,26.5,Lindsay Arnold,17.52,0.69,98.82,,3,0.0187,4,11.0,False,Correctly Predicted Safe,False,11.990950226244344,14.755475113122172,False,Correctly Predicted Safe,True,False,0.8122035319128362,0.7142857142857143,0.8284928156527056
21,8,1.0,2,Nick Carter,33.0,Sharna Burgess,20.23,0.0,100.0,,2,0.0,1,3.0,False,Correctly Predicted Safe,True,17.010361887717178,18.62018094385859,False,Correctly Predicted Safe,True,False,0.4223563305122362,0.16666666666666666,0.7977
21,8,2.0,4,Carlos PenaVega,28.9998,Witney Carson,17.21,0.0,100.0,,4,0.0,4,6.0,False,Correctly Predicted Safe,True,14.948396747618808,16.079198373809405,False,Correctly Predicted Safe,True,False,0.5544368974599103,0.3333333333333333,0.8279
21,8,3.0,5,Tamar Braxton,28.0,Valentin Chmerkovskiy,12.25,0.0,100.0,,5,0.0,5,8.0,False,Correctly Predicted Safe,True,14.433034328972152,13.341517164486076,False,Correctly Predicted Safe,True,False,0.5711563846056712,0.3333333333333333,0.8775
21,8,3.0,1,Bindi Irwin,28.0,Derek Hough,20.23,0.0,100.0,,1,0.0,2,4.0,False,Correctly Predicted Safe,True,14.433034328972152,17.331517164486076,False,Correctly Predicted Safe,True,False,0.5442926619993784,0.3333333333333333,0.7977
21,8,5.0,6,Alexa PenaVega,26.9998,Mark Ballas,7.3,0.0,100.0,,6,0.0,6,11.0,False,Correctly Predicted Safe,True,13.917465724120795,10.608732862060398,False,Correctly Predicted Safe,True,False,0.46039486989883555,0.16666666666666666,0.927
21,8,6.0,3,Alek Skarlatos,25.0,Lindsay Arnold,20.23,0.0,100.0,,3,0.0,3,9.0,False,Correctly Predicted Safe,True,12.886637793725136,16.558318896862566,False,Correctly Predicted Safe,True,False,0.6731366178212366,0.5,0.7977
21,8,7.0,7,Andy Grammer,23.9998,Allison Holker,2.55,0.0,16.19,,7,0.8381,7,14.0,True,Correctly Predicted Eliminated,True,12.37106918887378,7.46053459443689,True,Correctly Predicted Eliminated,True,True,0.33867356766460105,0.0,0.8424953675108091
21,9,1.0,6,Alexa PenaVega,30.0,Mark Ballas,2.46,0.0,15.08,,6,0.8492,6,7.0,False,Incorrectly Predicted Safe,False,18.237082066869306,10.348541033434651,True,Correctly Predicted Eliminated,True,True,0.9030509347994358,1.0,0.8368700265251989
21,9,1.0,1,Bindi Irwin,30.0,Derek Hough,23.77,0.02,90.51,,1,0.0951,1,2.0,False,Correctly Predicted Safe,False,18.237082066869306,21.00354103343465,False,Correctly Predicted Safe,True,False,0.31857555959289624,0.0,0.7375400596751023
21,9,3.0,2,Nick Carter,27.5,Sharna Burgess,23.77,1.54,92.03,,2,0.0951,2,5.0,False,Correctly Predicted Safe,False,16.717325227963524,20.24366261398176,False,Correctly Predicted Safe,True,False,0.4321675367907779,0.2,0.7543374958558957
21,9,4.0,4,Carlos PenaVega,27.0,Witney Carson,16.47,1.84,92.33,,4,0.0951,4,8.0,True,Incorrectly Predicted Eliminated,False,16.41337386018237,16.441686930091187,False,Correctly Predicted Safe,True,False,0.337827007306374,0.0,0.838324676759863
21,9,5.0,3,Alek Skarlatos,25.5,Lindsay Arnold,23.48,2.76,93.24,,3,0.0951,3,8.0,False,Correctly Predicted Safe,False,15.501519756838904,19.490759878419453,False,Correctly Predicted Safe,True,False,0.5877073343943183,0.4,0.770999115826702
21,9,6.0,5,Tamar Braxton,24.5,Valentin Chmerkovskiy,10.04,3.35,21.45,,5,0.819,5,11.0,True,Correctly Predicted Eliminated,False,14.893617021276595,12.466808510638298,True,Correctly Predicted Eliminated,True,True,0.39799666986782467,0.2,0.6303867403314918
21,11,1.0,4,Carlos PenaVega,61.5,Witney Carson,5.26,0.0,23.98,,4,0.7602,4,5.0,True,Correctly Predicted Eliminated,True,26.00423932525976,15.63211966262988,True,Correctly Predicted Eliminated,True,True,0.8983952257368146,1.0,0.780650542118432
21,11,3.0,2,Nick Carter,57.0,Sharna Burgess,36.05,1.92,49.88,,2,0.5204,2,5.0,True,Correctly Predicted Eliminated,True,24.10149010633831,30.075745053169157,True,Correctly Predicted Eliminated,True,True,0.38999578084894676,0.3333333333333333,0.28836530442035035
21,11,1.0,1,Bindi Irwin,61.5,Derek Hough,37.59,24.01,95.95,,1,0.2806,1,2.0,False,Correctly Predicted Safe,True,26.00423932525976,31.79711966262988,False,Correctly Predicted Safe,True,False,0.3324251001625905,0.0,0.8112315818737836
21,11,4.0,3,Alek Skarlatos,56.4999,Lindsay Arnold,21.09,2.12,34.1,,3,0.6803,3,7.0,True,Correctly Predicted Eliminated,True,23.89003124314217,22.49001562157109,True,Correctly Predicted Eliminated,True,True,0.4217951722862462,0.3333333333333333,0.40681676047529713
22,2,2.0,2,Paige VanZant,45.0,Mark Ballas,11.4,0.0,100.0,,4,0.0,2,6.0,False,Correctly Predicted Safe,True,9.513742071881609,10.456871035940804,False,Correctly Predicted Safe,True,False,0.3477441848122361,0.0,0.886
22,2,1.0,4,Wanya Morris,47.0,Lindsay Arnold,11.4,0.0,100.0,,1,0.0,1,2.0,False,Correctly Predicted Safe,True,9.936575052854122,10.66828752642706,False,Correctly Predicted Safe,True,False,0.5265697116027557,0.2727272727272727,0.886
22,2,5.0,6,Jodie Sweetin,41.0,Keo Motsepe,11.29,0.0,100.0,,6,0.0,5,11.0,False,Correctly Predicted Safe,True,8.668076109936575,9.979038054968289,False,Correctly Predicted Safe,True,False,0.3985658249767026,0.09090909090909091,0.8871
22,2,3.0,3,Ginger Zee,44.0,Valentin Chmerkovskiy,11.4,0.0,100.0,,5,0.0,3,8.0,False,Correctly Predicted Safe,True,9.30232558139535,10.351162790697677,False,Correctly Predicted Safe,True,False,0.3477441848122361,0.0,0.886
22,2,10.0,9,Doug Flutie,35.0,Karina Smirnoff,6.17,0.0,100.0,,9,0.0,9,19.0,False,Correctly Predicted Safe,True,7.399577167019028,6.784788583509513,False,Correctly Predicted Safe,True,False,0.41230891885515475,0.09090909090909091,0.9383
22,2,5.0,7,Von Miller,41.0,Witney Carson,9.54,0.0,100.0,,7,0.0,7,12.0,False,Correctly Predicted Safe,True,8.668076109936575,9.104038054968289,False,Correctly Predicted Safe,True,False,0.4643723526566082,0.18181818181818182,0.9046000000000001
22,2,4.0,1,Nyle DiMarco,43.0,Peta Murgatroyd,11.4,0.0,100.0,,2,0.0,4,6.0,False,Correctly Predicted Safe,True,9.090909090909092,10.245454545454546,False,Correctly Predicted Safe,True,False,0.5265697116027557,0.2727272727272727,0.886
22,2,5.0,10,Marla Maples,41.0,Tony Dovolani,4.27,0.0,100.0,,10,0.0,10,15.0,False,Correctly Predicted Safe,True,8.668076109936575,6.469038054968287,False,Correctly Predicted Safe,True,False,0.6897463563642086,0.45454545454545453,0.9573
22,2,9.0,8,Kim Fields,39.0,Sasha Farber,7.83,0.0,100.0,,8,0.0,8,17.0,False,Correctly Predicted Safe,True,8.24524312896406,8.03762156448203,False,Correctly Predicted Safe,True,False,0.4077905419650285,0.09090909090909091,0.9217
22,2,8.0,5,Antonio Brown,40.0,Sharna Burgess,11.4,0.0,100.0,,3,0.0,6,11.0,False,Correctly Predicted Safe,True,8.456659619450317,9.92832980972516,False,Correctly Predicted Safe,True,False,0.5265697116027557,0.2727272727272727,0.886
22,2,11.0,11,Mischa Barton,31.0,Artem Chigvintsev,2.76,0.0,100.0,,11,0.0,11,22.0,False,Correctly Predicted Safe,True,6.553911205073996,4.656955602536998,False,Correctly Predicted Safe,True,False,0.3670666529543809,0.0,0.9724
22,2,12.0,12,Geraldo Rivera,26.0,Edyta Sliwinska,1.13,0.0,11.16,,12,0.8884,12,24.0,True,Correctly Predicted Eliminated,True,5.496828752642706,3.313414376321353,True,Correctly Predicted Eliminated,True,True,0.35048494214517434,0.0,0.8987455197132617
22,3,1.0,1,Nyle DiMarco,25.0,Peta Murgatroyd,12.54,0.0,100.0,,1,0.0,1,2.0,False,Correctly Predicted Safe,True,10.548523206751057,11.544261603375528,False,Correctly Predicted Safe,True,False,0.3453248254255853,0.0,0.8746
22,3,2.0,4,Wanya Morris,24.0,Lindsay Arnold,12.54,0.0,100.0,,2,0.0,2,4.0,False,Correctly Predicted Safe,True,10.126582278481012,11.333291139240506,False,Correctly Predicted Safe,True,False,0.46821311486994716,0.2,0.8746
22,3,3.0,6,Jodie Sweetin,23.0,Keo Motsepe,11.32,0.0,100.0,,6,0.0,5,9.0,False,Correctly Predicted Safe,True,9.70464135021097,10.512320675105483,False,Correctly Predicted Safe,True,False,0.5480913273664599,0.3,0.8868
22,3,3.0,2,Paige VanZant,23.0,Mark Ballas,12.54,0.0,100.0,,3,0.0,3,6.0,False,Correctly Predicted Safe,True,9.70464135021097,11.122320675105485,False,Correctly Predicted Safe,True,False,0.40086371642620444,0.1,0.8746
22,3,5.0,8,Kim Fields,22.0,Sasha Farber,7.19,0.0,100.0,,8,0.0,8,13.0,False,Correctly Predicted Safe,True,9.282700421940929,8.236350210970464,False,Correctly Predicted Safe,True,False,0.5619889747391553,0.3,0.9281
22,3,6.0,3,Ginger Zee,21.0,Valentin Chmerkovskiy,12.54,0.0,100.0,,4,0.0,4,10.0,False,Correctly Predicted Safe,True,8.860759493670885,10.70037974683544,False,Correctly Predicted Safe,True,False,0.5439984175568466,0.3,0.8746
22,3,6.0,10,Marla Maples,21.0,Tony Dovolani,3.07,0.0,100.0,,10,0.0,10,16.0,False,Correctly Predicted Safe,True,8.860759493670885,5.965379746835443,False,Correctly Predicted Safe,True,False,0.6534626990206842,0.4,0.9693
22,3,8.0,9,Doug Flutie,20.0,Karina Smirnoff,5.21,0.0,100.0,,9,0.0,9,17.0,False,Correctly Predicted Safe,True,8.438818565400844,6.824409282700422,False,Correctly Predicted Safe,True,False,0.42085127887004914,0.1,0.9479
22,3,8.0,7,Von Miller,20.0,Witney Carson,9.39,0.0,100.0,,7,0.0,7,15.0,False,Correctly Predicted Safe,True,8.438818565400844,8.914409282700422,False,Correctly Predicted Safe,True,False,0.4093114629456603,0.1,0.9061
22,3,8.0,5,Antonio Brown,20.0,Sharna Burgess,12.54,0.0,100.0,,5,0.0,6,13.0,False,Correctly Predicted Safe,True,8.438818565400844,10.48940928270042,False,Correctly Predicted Safe,True,False,0.5439984175568466,0.3,0.8746
22,3,11.0,11,Mischa Barton,18.0,Artem Chigvintsev,1.14,0.0,10.58,,11,0.8942,11,22.0,True,Correctly Predicted Eliminated,True,7.59493670886076,4.36746835443038,True,Correctly Predicted Eliminated,True,True,0.3490833312724119,0.0,0.8922495274102079
22,4,1.0,2,Paige VanZant,36.0,Mark Ballas,13.77,0.0,98.41,,1,0.0159,1,2.0,False,Correctly Predicted Safe,False,11.285266457680253,12.527633228840124,False,Correctly Predicted Safe,True,False,0.40389620675681437,0.1111111111111111,0.8600751956102022
22,4,1.0,3,Ginger Zee,36.0,Valentin Chmerkovskiy,13.77,0.0,98.41,,2,0.0159,2,3.0,False,Correctly Predicted Safe,False,11.285266457680253,12.527633228840124,False,Correctly Predicted Safe,True,False,0.4798967941577269,0.2222222222222222,0.8600751956102022
22,4,3.0,5,Antonio Brown,35.0,Sharna Burgess,13.52,0.0,98.41,,5,0.0159,4,8.0,False,Correctly Predicted Safe,False,10.9717868338558,12.2458934169279,False,Correctly Predicted Safe,True,False,0.480699496060107,0.2222222222222222,0.8626155878467635
22,4,3.0,4,Wanya Morris,35.0,Lindsay Arnold,13.77,0.0,98.41,,3,0.0159,3,6.0,False,Correctly Predicted Safe,False,10.9717868338558,12.3708934169279,False,Correctly Predicted Safe,True,False,0.40389620675681437,0.1111111111111111,0.8600751956102022
22,4,5.0,1,Nyle DiMarco,34.0,Peta Murgatroyd,13.77,0.0,98.41,,4,0.0159,5,9.0,False,Correctly Predicted Safe,False,10.658307210031348,12.214153605015674,False,Correctly Predicted Safe,True,False,0.6516790639930983,0.4444444444444444,0.8600751956102022
22,4,6.0,8,Kim Fields,32.0,Sasha Farber,6.13,0.0,98.41,,8,0.0159,8,14.0,False,Correctly Predicted Safe,False,10.031347962382444,8.080673981191222,False,Correctly Predicted Safe,True,False,0.5048141808288457,0.2222222222222222,0.9377095823595163
22,4,6.0,7,Von Miller,32.0,Witney Carson,8.64,0.0,98.41,,7,0.0159,7,13.0,False,Correctly Predicted Safe,False,10.031347962382444,9.335673981191222,False,Correctly Predicted Safe,True,False,0.41812100179410167,0.1111111111111111,0.9122040443044406
22,4,8.0,10,Marla Maples,28.0,Tony Dovolani,1.3,0.0,11.21,,10,0.8879,10,18.0,False,Incorrectly Predicted Safe,False,8.77742946708464,5.03871473354232,True,Correctly Predicted Eliminated,True,True,0.48750263022911194,0.2222222222222222,0.8840321141837645
22,4,9.0,6,Jodie Sweetin,27.0,Keo Motsepe,11.36,0.32,98.74,,6,0.0159,6,15.0,False,Correctly Predicted Safe,False,8.463949843260188,9.911974921630094,False,Correctly Predicted Safe,True,False,0.5746418411981133,0.3333333333333333,0.8878276773013616
22,4,10.0,9,Doug Flutie,24.0,Karina Smirnoff,3.97,1.26,99.68,,9,0.0159,9,19.0,True,Incorrectly Predicted Eliminated,False,7.523510971786834,5.746755485893417,False,Correctly Predicted Safe,True,False,0.43527198125490607,0.1111111111111111,0.9724649461491567
22,6,3.0,4,Wanya Morris,59.0,Lindsay Arnold,15.46,0.0,100.0,,1,0.0,2,4.0,False,Correctly Predicted Safe,True,11.72962226640159,13.594811133200796,False,Correctly Predicted Safe,True,False,0.4086692495975028,0.125,0.8453999999999999
22,6,3.0,2,Paige VanZant,59.0,Mark Ballas,15.46,0.0,100.0,,2,0.0,3,5.0,False,Correctly Predicted Safe,True,11.72962226640159,13.594811133200796,False,Correctly Predicted Safe,True,False,0.4086692495975028,0.125,0.8453999999999999
22,6,6.0,5,Antonio Brown,53.0,Sharna Burgess,13.83,0.0,100.0,,5,0.0,5,11.0,False,Correctly Predicted Safe,True,10.536779324055663,12.183389662027832,False,Correctly Predicted Safe,True,False,0.4131168295919937,0.125,0.8617
22,6,2.0,6,Jodie Sweetin,60.0,Keo Motsepe,10.52,0.0,100.0,,6,0.0,6,8.0,False,Correctly Predicted Safe,True,11.928429423459244,11.224214711729624,False,Correctly Predicted Safe,True,False,0.7029069207409409,0.5,0.8948
22,6,1.0,1,Nyle DiMarco,62.0,Peta Murgatroyd,15.46,0.0,100.0,,4,0.0,1,5.0,False,Correctly Predicted Safe,True,12.326043737574553,13.893021868787276,False,Correctly Predicted Safe,True,False,0.3392655167815084,0.0,0.8453999999999999
22,6,8.0,8,Kim Fields,52.0,Sasha Farber,4.59,0.0,100.0,,8,0.0,8,16.0,False,Correctly Predicted Safe,True,10.337972166998012,7.463986083499006,False,Correctly Predicted Safe,True,False,0.362828428743567,0.0,0.9541
22,6,6.0,7,Von Miller,53.0,Witney Carson,7.65,0.0,100.0,,7,0.0,7,13.0,False,Correctly Predicted Safe,True,10.536779324055663,9.093389662027832,False,Correctly Predicted Safe,True,False,0.4304865805193979,0.125,0.9235
22,6,5.0,3,Ginger Zee,56.0,Valentin Chmerkovskiy,15.46,0.0,100.0,,3,0.0,4,8.0,False,Correctly Predicted Safe,True,11.133200795228628,13.296600397614316,False,Correctly Predicted Safe,True,False,0.49590284479393076,0.25,0.8453999999999999
22,6,9.0,9,Doug Flutie,49.0,Karina Smirnoff,1.59,0.0,12.47,,9,0.8753,9,18.0,True,Correctly Predicted Eliminated,True,9.74155069582505,5.665775347912525,True,Correctly Predicted Eliminated,True,True,0.34488118599033246,0.0,0.8724939855653568
22,7,1.0,1,Nyle DiMarco,28.0,Peta Murgatroyd,17.48,0.0,99.72,,3,0.0028,1,4.0,False,Correctly Predicted Safe,False,13.084112149532707,15.282056074766356,False,Correctly Predicted Safe,True,False,0.33509124347422503,0.0,0.8247091857200161
22,7,2.0,2,Paige VanZant,27.5,Mark Ballas,17.48,0.0,99.72,,1,0.0028,2,3.0,False,Correctly Predicted Safe,False,12.850467289719624,15.165233644859812,False,Correctly Predicted Safe,True,False,0.33509124347422503,0.0,0.8247091857200161
22,7,2.0,3,Ginger Zee,27.5,Valentin Chmerkovskiy,17.48,0.0,99.72,,2,0.0028,3,4.0,False,Correctly Predicted Safe,False,12.850467289719624,15.165233644859812,False,Correctly Predicted Safe,True,False,0.41440317229123147,0.14285714285714285,0.8247091857200161
22,7,2.0,4,Wanya Morris,27.5,Lindsay Arnold,17.18,0.0,99.72,,4,0.0028,4,6.0,False,Correctly Predicted Safe,False,12.850467289719624,15.015233644859812,False,Correctly Predicted Safe,True,False,0.5173162276201437,0.2857142857142857,0.827717609306057
22,7,5.0,8,Kim Fields,26.0,Sasha Farber,1.76,0.0,12.83,,8,0.8717,8,13.0,True,Correctly Predicted Eliminated,False,12.149532710280374,6.954766355140187,True,Correctly Predicted Eliminated,True,True,0.6405229709692333,0.42857142857142855,0.8628215120810601
22,7,5.0,7,Von Miller,26.0,Witney Carson,5.65,0.01,14.68,,7,0.8533,7,12.0,False,Incorrectly Predicted Safe,False,12.149532710280374,8.899766355140187,True,Correctly Predicted Eliminated,True,True,0.4501871417762811,0.2857142857142857,0.6155419222903885
22,7,5.0,5,Antonio Brown,26.0,Sharna Burgess,13.41,0.02,99.74,,5,0.0028,5,10.0,False,Correctly Predicted Safe,False,12.149532710280374,12.779766355140186,False,Correctly Predicted Safe,True,False,0.34346205085455367,0.0,0.8657240272763739
22,7,8.0,6,Jodie Sweetin,25.5,Keo Motsepe,9.57,0.25,99.97,,6,0.0028,6,14.0,True,Incorrectly Predicted Eliminated,False,11.91588785046729,10.742943925233645,False,Correctly Predicted Safe,True,False,0.5435308628494612,0.2857142857142857,0.9065383072603289
22,8,1.0,6,Jodie Sweetin,30.0,Keo Motsepe,2.58,0.0,15.57,,6,0.8443,6,7.0,False,Incorrectly Predicted Safe,False,17.75147928994083,10.165739644970415,True,Correctly Predicted Eliminated,True,True,0.9028466689563097,1.0,0.8342967244701349
22,8,1.0,3,Ginger Zee,30.0,Valentin Chmerkovskiy,23.02,0.01,93.45,,3,0.0656,2,4.0,False,Correctly Predicted Safe,False,17.75147928994083,20.38573964497041,False,Correctly Predicted Safe,True,False,0.58188840529662,0.4,0.7537457191780822
22,8,3.0,1,Nyle DiMarco,29.0,Peta Murgatroyd,23.84,0.6,94.04,,1,0.0656,1,4.0,False,Correctly Predicted Safe,False,17.159763313609467,20.49988165680473,False,Correctly Predicted Safe,True,False,0.5810579061691443,0.4,0.7512842465753425
22,8,4.0,2,Paige VanZant,28.0,Mark Ballas,23.84,1.19,94.63,,2,0.0656,3,6.0,False,Correctly Predicted Safe,False,16.56804733727811,20.204023668639053,False,Correctly Predicted Safe,True,False,0.5831881782058428,0.4,0.7575984589041096
22,8,5.0,5,Antonio Brown,27.0,Sharna Burgess,9.82,1.79,95.23,,5,0.0656,5,10.0,True,Incorrectly Predicted Eliminated,False,15.976331360946746,12.898165680473372,False,Correctly Predicted Safe,True,False,0.3538288095891974,0.0,0.9140625
22,8,6.0,4,Wanya Morris,25.0,Lindsay Arnold,16.91,2.97,96.41,,4,0.0656,4,10.0,False,Correctly Predicted Safe,False,14.792899408284024,15.851449704142013,False,Correctly Predicted Safe,True,False,0.6145024147061056,0.4,0.8508133561643836
22,9,1.0,4,Wanya Morris,30.0,Lindsay Arnold,13.44,0.0,24.3,,4,0.757,4,5.0,False,Incorrectly Predicted Safe,False,20.90592334494773,17.172961672473868,True,Correctly Predicted Eliminated,True,True,0.7415060845368735,0.75,0.44691358024691363
22,9,2.0,2,Paige VanZant,29.5,Mark Ballas,29.37,0.36,97.54,,1,0.0282,1,3.0,False,Correctly Predicted Safe,False,20.557491289198605,24.963745644599303,False,Correctly Predicted Safe,True,False,0.3122390280803191,0.0,0.7014817863757975
22,9,3.0,1,Nyle DiMarco,28.5,Peta Murgatroyd,29.37,1.06,98.24,,2,0.0282,2,5.0,False,Correctly Predicted Safe,False,19.860627177700348,24.61531358885017,False,Correctly Predicted Safe,True,False,0.6446145261821534,0.5,0.7086849145914798
22,9,4.0,3,Ginger Zee,28.0,Valentin Chmerkovskiy,23.65,1.4,98.59,,3,0.0282,3,7.0,True,Incorrectly Predicted Eliminated,False,19.51219512195122,21.581097560975607,False,Correctly Predicted Safe,True,False,0.47229984194274505,0.25,0.7710669821998148
22,9,5.0,5,Antonio Brown,27.5,Sharna Burgess,4.16,0.0,20.82,,5,0.7918,5,10.0,True,Correctly Predicted Eliminated,False,19.16376306620209,11.661881533101043,True,Correctly Predicted Eliminated,True,True,0.33027220679614344,0.0,0.8001921229586936
22,10,1.0,2,Paige VanZant,29.666600000000003,Mark Ballas,35.95,0.0,49.61,,2,0.5039,2,3.0,True,Correctly Predicted Eliminated,True,34.099697010101195,35.0248485050506,True,Correctly Predicted Eliminated,True,True,0.5001963996051468,0.5,0.27534771215480747
22,10,2.0,1,Nyle DiMarco,28.9998,Peta Murgatroyd,54.54,33.34,100.0,,1,0.3334,1,3.0,False,Correctly Predicted Safe,True,33.333256704628525,43.93662835231426,False,Correctly Predicted Safe,True,False,0.6358710284485687,0.5,0.681968196819682
22,10,3.0,3,Ginger Zee,28.3332,Valentin Chmerkovskiy,9.51,0.0,34.09,,3,0.6591,3,6.0,True,Correctly Predicted Eliminated,True,32.56704628527028,21.03852314263514,True,Correctly Predicted Eliminated,True,True,0.3156393455602008,0.0,0.7210325608682899
23,2,1.0,1,Laurie Hernandez,63.0,Valentin Chmerkovskiy,10.52,0.0,99.4,,6,0.006,1,7.0,False,Correctly Predicted Safe,False,9.237536656891496,9.878768328445748,False,Correctly Predicted Safe,True,False,0.34949559876141734,0.0,0.8941649899396378
23,2,3.0,5,Terra Jole,56.0,Sasha Farber,10.52,0.0,99.4,,1,0.006,3,4.0,False,Correctly Predicted Safe,False,8.211143695014663,9.365571847507333,False,Correctly Predicted Safe,True,False,0.45044088778149266,0.16666666666666666,0.8941649899396378
23,2,3.0,11,Babyface,56.0,Allison Holker,3.65,0.0,99.4,,11,0.006,11,14.0,False,Correctly Predicted Safe,False,8.211143695014663,5.930571847507332,False,Correctly Predicted Safe,True,False,0.8169325351581072,0.6666666666666666,0.9632796780684104
23,2,2.0,2,James Hinchcliffe,60.0,Sharna Burgess,10.52,0.0,99.4,,2,0.006,2,4.0,False,Correctly Predicted Safe,False,8.797653958944283,9.658826979472142,False,Correctly Predicted Safe,True,False,0.34949559876141734,0.0,0.8941649899396378
23,2,3.0,4,Jana Kramer,56.0,Gleb Savchenko,10.52,0.0,99.4,,3,0.006,4,6.0,False,Correctly Predicted Safe,False,8.211143695014663,9.365571847507333,False,Correctly Predicted Safe,True,False,0.3957897109205597,0.08333333333333333,0.8941649899396378
23,2,6.0,3,Calvin Johnson Jr.,54.0,Lindsay Arnold,10.52,0.0,99.4,,4,0.006,5,10.0,False,Correctly Predicted Safe,False,7.917888563049853,9.218944281524928,False,Correctly Predicted Safe,True,False,0.5117654698467355,0.25,0.8941649899396378
23,2,6.0,6,Marilu Henner,54.0,Derek Hough,10.52,0.0,99.4,,5,0.006,6,11.0,False,Correctly Predicted Safe,False,7.917888563049853,9.218944281524928,False,Correctly Predicted Safe,True,False,0.34949559876141734,0.0,0.8941649899396378
23,2,9.0,8,Maureen McCormick,48.0,Artem Chigvintsev,8.28,0.0,99.4,,8,0.006,8,17.0,False,Correctly Predicted Safe,False,7.038123167155426,7.659061583577713,False,Correctly Predicted Safe,True,False,0.40171496709429033,0.08333333333333333,0.9167002012072435
23,2,8.0,10,Vanilla Ice,51.0,Witney Carson,5.23,0.0,99.4,,10,0.006,10,18.0,False,Correctly Predicted Safe,False,7.47800586510264,6.35400293255132,False,Correctly Predicted Safe,True,False,0.4666664704547975,0.16666666666666666,0.9473843058350101
23,2,12.0,13,Jake T. Austin,46.0,Jenna Johnson,0.79,0.0,8.63,,13,0.9137,13,25.0,False,Incorrectly Predicted Safe,False,6.744868035190615,3.767434017595308,True,Correctly Predicted Eliminated,True,True,0.39953495196538197,0.08333333333333333,0.9084588644264194
23,2,9.0,7,Ryan Lochte,48.0,Cheryl Burke,9.78,0.0,99.4,,7,0.006,7,16.0,False,Correctly Predicted Safe,False,7.038123167155426,8.409061583577714,False,Correctly Predicted Safe,True,False,0.4526812064247959,0.16666666666666666,0.9016096579476861
23,2,9.0,9,Amber Rose,48.0,Maksim Chmerkoskiy,6.78,0.0,99.4,,9,0.006,9,18.0,False,Correctly Predicted Safe,False,7.038123167155426,6.909061583577714,False,Correctly Predicted Safe,True,False,0.357767525416536,0.0,0.9317907444668008
23,2,13.0,12,Rick Perry,42.0,Emma Slater,2.36,0.6,100.0,,12,0.006,12,25.0,True,Incorrectly Predicted Eliminated,False,6.158357771260997,4.259178885630498,False,Correctly Predicted Safe,True,False,0.4195926235601355,0.08333333333333333,0.9822937625754528
23,3,1.0,3,Calvin Johnson Jr.,32.0,Lindsay Arnold,11.41,0.0,99.99,,1,0.0001,1,2.0,False,Correctly Predicted Safe,True,9.846153846153848,10.628076923076923,False,Correctly Predicted Safe,True,False,0.45863589039001257,0.18181818181818182,0.8858885888588859
23,3,2.0,1,Laurie Hernandez,31.0,Valentin Chmerkovskiy,11.41,0.0,99.99,,2,0.0001,2,4.0,False,Correctly Predicted Safe,True,9.538461538461538,10.474230769230768,False,Correctly Predicted Safe,True,False,0.3982476411534408,0.09090909090909091,0.8858885888588859
23,3,3.0,5,Terra Jole,30.0,Sasha Farber,11.41,0.0,99.99,,3,0.0001,3,6.0,False,Correctly Predicted Safe,True,9.230769230769232,10.320384615384617,False,Correctly Predicted Safe,True,False,0.45863589039001257,0.18181818181818182,0.8858885888588859
23,3,4.0,2,James Hinchcliffe,29.0,Sharna Burgess,11.41,0.0,99.99,,5,0.0001,4,9.0,False,Correctly Predicted Safe,True,8.923076923076923,10.166538461538462,False,Correctly Predicted Safe,True,False,0.45863589039001257,0.18181818181818182,0.8858885888588859
23,3,5.0,8,Maureen McCormick,28.0,Artem Chigvintsev,7.8,0.0,99.99,,8,0.0001,8,13.0,False,Correctly Predicted Safe,True,8.615384615384615,8.207692307692307,False,Correctly Predicted Safe,True,False,0.5385604413466865,0.2727272727272727,0.921992199219922
23,3,5.0,6,Marilu Henner,28.0,Derek Hough,11.31,0.0,99.99,,6,0.0001,5,11.0,False,Correctly Predicted Safe,True,8.615384615384615,9.962692307692308,False,Correctly Predicted Safe,True,False,0.39851029941820654,0.09090909090909091,0.8868886888688868
23,3,7.0,4,Jana Kramer,26.0,Gleb Savchenko,11.41,0.0,99.99,,4,0.0001,6,11.0,False,Correctly Predicted Safe,True,8.0,9.705,False,Correctly Predicted Safe,True,False,0.5265327379752275,0.2727272727272727,0.8858885888588859
23,3,8.0,7,Ryan Lochte,25.0,Cheryl Burke,9.66,0.0,99.99,,7,0.0001,7,15.0,False,Correctly Predicted Safe,True,7.6923076923076925,8.676153846153847,False,Correctly Predicted Safe,True,False,0.4028761931203573,0.09090909090909091,0.9033903390339034
23,3,8.0,9,Amber Rose,25.0,Maksim Chmerkoskiy,6.15,0.0,99.99,,9,0.0001,9,17.0,False,Correctly Predicted Safe,True,7.6923076923076925,6.921153846153846,False,Correctly Predicted Safe,True,False,0.41236203292853724,0.09090909090909091,0.9384938493849385
23,3,8.0,11,Babyface,25.0,Allison Holker,2.63,0.0,99.99,,11,0.0001,11,19.0,False,Correctly Predicted Safe,True,7.6923076923076925,5.161153846153846,False,Correctly Predicted Safe,True,False,0.5559121002975527,0.2727272727272727,0.9736973697369737
23,3,11.0,12,Rick Perry,23.0,Emma Slater,0.95,0.0,9.58,,12,0.9042,12,23.0,True,Correctly Predicted Eliminated,True,7.076923076923077,4.013461538461538,True,Correctly Predicted Eliminated,True,True,0.40219619909167464,0.09090909090909091,0.9008350730688935
23,3,11.0,10,Vanilla Ice,23.0,Witney Carson,4.46,0.01,100.0,,10,0.0001,10,21.0,False,Correctly Predicted Safe,True,7.076923076923077,5.768461538461539,False,Correctly Predicted Safe,True,False,0.41705154859272286,0.09090909090909091,0.9554955495549555
23,4,1.0,1,Laurie Hernandez,30.0,Valentin Chmerkovskiy,12.51,0.0,98.81,,5,0.0119,1,6.0,False,Correctly Predicted Safe,True,11.494252873563218,12.002126436781609,False,Correctly Predicted Safe,True,False,0.34507052075573647,0.0,0.873393381236717
23,4,2.0,2,James Hinchcliffe,28.0,Sharna Burgess,12.51,0.0,98.81,,1,0.0119,2,3.0,False,Correctly Predicted Safe,True,10.727969348659004,11.618984674329502,False,Correctly Predicted Safe,True,False,0.34507052075573647,0.0,0.873393381236717
23,4,3.0,5,Terra Jole,25.0,Sasha Farber,12.51,0.0,98.81,,2,0.0119,3,5.0,False,Correctly Predicted Safe,True,9.578544061302685,11.044272030651342,False,Correctly Predicted Safe,True,False,0.4678390199183065,0.2,0.873393381236717
23,4,4.0,8,Maureen McCormick,24.0,Artem Chigvintsev,7.19,0.0,98.81,,8,0.0119,8,12.0,False,Correctly Predicted Safe,True,9.195402298850574,8.192701149425288,False,Correctly Predicted Safe,True,False,0.6397851798046288,0.4,0.9272340856188644
23,4,4.0,9,Amber Rose,24.0,Maksim Chmerkoskiy,5.1,0.0,98.81,,9,0.0119,9,13.0,False,Correctly Predicted Safe,True,9.195402298850574,7.147701149425287,False,Correctly Predicted Safe,True,False,0.7186174986700931,0.5,0.948385790911851
23,4,6.0,3,Calvin Johnson Jr.,23.0,Lindsay Arnold,12.51,0.01,98.82,,3,0.0119,4,9.0,False,Correctly Predicted Safe,True,8.812260536398467,10.661130268199232,False,Correctly Predicted Safe,True,False,0.5436279205687898,0.3,0.8734945855682623
23,4,6.0,10,Vanilla Ice,23.0,Witney Carson,3.07,0.0,10.49,,10,0.8951,10,16.0,True,Correctly Predicted Eliminated,True,8.812260536398467,5.941130268199234,True,Correctly Predicted Eliminated,True,True,0.5662289593610923,0.4,0.7073403241182079
23,4,6.0,4,Jana Kramer,23.0,Gleb Savchenko,12.51,0.01,98.82,,4,0.0119,5,10.0,False,Correctly Predicted Safe,True,8.812260536398467,10.661130268199232,False,Correctly Predicted Safe,True,False,0.46787038797063046,0.2,0.8734945855682623
23,4,9.0,7,Ryan Lochte,22.0,Cheryl Burke,9.37,0.39,99.2,,7,0.0119,7,16.0,False,Correctly Predicted Safe,True,8.42911877394636,8.89955938697318,False,Correctly Predicted Safe,True,False,0.4790104480913392,0.2,0.9091185102722397
23,4,10.0,6,Marilu Henner,21.0,Derek Hough,11.5,0.78,99.59,,6,0.0119,6,16.0,False,Correctly Predicted Safe,True,8.045977011494253,9.772988505747126,False,Correctly Predicted Safe,True,False,0.6280265470986974,0.4,0.8915089565833417
23,4,11.0,11,Babyface,18.0,Allison Holker,1.22,0.0,11.27,,11,0.8873,11,22.0,True,Correctly Predicted Eliminated,True,6.896551724137931,4.058275862068966,True,Correctly Predicted Eliminated,True,True,0.34897552896119194,0.0,0.8917480035492458
23,6,2.0,4,Jana Kramer,66.0,Gleb Savchenko,15.44,0.0,100.0,,1,0.0,2,3.0,False,Correctly Predicted Safe,True,12.33644859813084,13.88822429906542,False,Correctly Predicted Safe,True,False,0.4959673441892776,0.25,0.8456
23,6,1.0,2,James Hinchcliffe,67.0,Sharna Burgess,15.44,0.0,100.0,,2,0.0,1,3.0,False,Correctly Predicted Safe,True,12.52336448598131,13.981682242990654,False,Correctly Predicted Safe,True,False,0.40872347428525496,0.125,0.8456
23,6,4.0,3,Calvin Johnson Jr.,61.0,Lindsay Arnold,15.44,0.0,100.0,,3,0.0,4,7.0,False,Correctly Predicted Safe,True,11.401869158878505,13.420934579439251,False,Correctly Predicted Safe,True,False,0.40872347428525496,0.125,0.8456
23,6,3.0,1,Laurie Hernandez,62.0,Valentin Chmerkovskiy,15.44,0.0,100.0,,4,0.0,3,7.0,False,Correctly Predicted Safe,True,11.588785046728972,13.514392523364483,False,Correctly Predicted Safe,True,False,0.4959673441892776,0.25,0.8456
23,6,4.0,6,Marilu Henner,61.0,Derek Hough,10.59,0.0,100.0,,6,0.0,6,10.0,False,Correctly Predicted Safe,True,11.401869158878505,10.995934579439252,False,Correctly Predicted Safe,True,False,0.5117441596382755,0.25,0.8941
23,6,7.0,8,Maureen McCormick,55.0,Artem Chigvintsev,4.59,0.0,100.0,,8,0.0,8,15.0,False,Correctly Predicted Safe,True,10.2803738317757,7.43518691588785,False,Correctly Predicted Safe,True,False,0.43937240963881685,0.125,0.9541
23,6,8.0,7,Ryan Lochte,54.0,Cheryl Burke,7.7,0.0,100.0,,7,0.0,7,15.0,False,Correctly Predicted Safe,True,10.093457943925234,8.896728971962617,False,Correctly Predicted Safe,True,False,0.43034291639685956,0.125,0.923
23,6,6.0,5,Terra Jole,57.0,Sasha Farber,13.79,0.0,100.0,,5,0.0,5,11.0,False,Correctly Predicted Safe,True,10.654205607476635,12.222102803738316,False,Correctly Predicted Safe,True,False,0.413226688745795,0.125,0.8621
23,6,9.0,9,Amber Rose,52.0,Maksim Chmerkoskiy,1.59,0.0,12.49,,9,0.8751,9,18.0,True,Correctly Predicted Eliminated,True,9.719626168224298,5.654813084112149,True,Correctly Predicted Eliminated,True,True,0.3449241506214994,0.0,0.8726981585268214
23,7,1.0,3,Calvin Johnson Jr.,37.0,Lindsay Arnold,17.46,0.0,99.62,,1,0.0038,1,2.0,False,Correctly Predicted Safe,False,13.430127041742288,15.445063520871145,False,Correctly Predicted Safe,True,False,0.516333490707819,0.2857142857142857,0.8247339891588035
23,7,1.0,2,James Hinchcliffe,37.0,Sharna Burgess,17.46,0.0,99.62,,2,0.0038,2,3.0,False,Correctly Predicted Safe,False,13.430127041742288,15.445063520871145,False,Correctly Predicted Safe,True,False,0.4144100082036941,0.14285714285714285,0.8247339891588035
23,7,3.0,1,Laurie Hernandez,34.5,Valentin Chmerkovskiy,17.46,0.0,99.62,,3,0.0038,3,6.0,False,Correctly Predicted Safe,False,12.522686025408348,14.991343012704174,False,Correctly Predicted Safe,True,False,0.516333490707819,0.2857142857142857,0.8247339891588035
23,7,3.0,4,Jana Kramer,34.5,Gleb Savchenko,17.22,0.0,99.62,,4,0.0038,4,7.0,False,Correctly Predicted Safe,False,12.522686025408348,14.871343012704171,False,Correctly Predicted Safe,True,False,0.4150746018923808,0.14285714285714285,0.8271431439469986
23,7,3.0,5,Terra Jole,34.5,Sasha Farber,13.33,0.0,99.62,,5,0.0038,5,8.0,False,Correctly Predicted Safe,False,12.522686025408348,12.926343012704171,False,Correctly Predicted Safe,True,False,0.5300566989523291,0.2857142857142857,0.8661915278056616
23,7,6.0,8,Maureen McCormick,33.0,Artem Chigvintsev,1.79,0.0,13.01,,8,0.8699,8,14.0,False,Incorrectly Predicted Safe,False,11.978221415607983,6.884110707803993,True,Correctly Predicted Eliminated,True,True,0.5288004556483059,0.2857142857142857,0.862413528055342
23,7,6.0,7,Ryan Lochte,33.0,Cheryl Burke,5.67,0.01,99.63,,7,0.0038,7,13.0,False,Correctly Predicted Safe,False,11.978221415607983,8.824110707803992,False,Correctly Predicted Safe,True,False,0.44848207809681684,0.14285714285714285,0.9431840995783979
23,7,8.0,6,Marilu Henner,32.0,Derek Hough,9.61,0.37,99.99,,6,0.0038,6,14.0,True,Incorrectly Predicted Eliminated,False,11.61524500907441,10.612622504537203,False,Correctly Predicted Safe,True,False,0.5437685561594563,0.2857142857142857,0.9072475406544871
23,8,1.0,2,James Hinchcliffe,34.9998,Sharna Burgess,20.05,0.0,97.49,,1,0.0251,1,2.0,False,Correctly Predicted Safe,False,17.41285314711756,18.731426573558775,False,Correctly Predicted Safe,True,False,0.42141079321440494,0.16666666666666666,0.794337880808288
23,8,2.0,1,Laurie Hernandez,33.0,Valentin Chmerkovskiy,20.05,0.0,97.49,,2,0.0251,2,4.0,False,Correctly Predicted Safe,False,16.41792678400675,18.23396339200337,False,Correctly Predicted Safe,True,False,0.42141079321440494,0.16666666666666666,0.794337880808288
23,8,3.0,3,Calvin Johnson Jr.,30.0,Lindsay Arnold,20.05,0.0,97.49,,3,0.0251,3,6.0,False,Correctly Predicted Safe,False,14.925387985460684,17.487693992730343,False,Correctly Predicted Safe,True,False,0.32914178657989807,0.0,0.794337880808288
23,8,3.0,4,Jana Kramer,30.0,Gleb Savchenko,17.06,0.0,97.49,,4,0.0251,4,7.0,False,Correctly Predicted Safe,False,14.925387985460684,15.992693992730342,False,Correctly Predicted Safe,True,False,0.4301217468777207,0.16666666666666666,0.8250076930967278
23,8,5.0,7,Ryan Lochte,26.0,Cheryl Burke,2.42,0.0,15.63,,7,0.8437,7,12.0,False,Incorrectly Predicted Safe,False,12.935336254065923,7.677668127032962,True,Correctly Predicted Eliminated,True,True,0.5602523317749495,0.3333333333333333,0.8451695457453615
23,8,6.0,5,Terra Jole,24.0,Sasha Farber,12.64,1.01,98.5,,5,0.0251,5,11.0,False,Correctly Predicted Safe,False,11.940310388368545,12.290155194184273,False,Correctly Predicted Safe,True,False,0.44641594207988605,0.16666666666666666,0.8807057134065033
23,8,7.0,6,Marilu Henner,23.0,Derek Hough,7.73,1.5,98.99,,6,0.0251,6,13.0,True,Incorrectly Predicted Eliminated,False,11.442797455519855,9.586398727759928,False,Correctly Predicted Safe,True,False,0.4631849632534088,0.16666666666666666,0.9360960098471638
23,9,1.0,1,Laurie Hernandez,40.0,Valentin Chmerkovskiy,23.85,0.0,99.99,,1,0.0001,1,2.0,False,Correctly Predicted Safe,True,17.62114537444934,20.73557268722467,False,Correctly Predicted Safe,True,False,0.3229402943905759,0.0,0.7614761476147615
23,9,1.0,4,Jana Kramer,40.0,Gleb Savchenko,16.24,0.0,99.99,,4,0.0001,4,5.0,False,Correctly Predicted Safe,True,17.62114537444934,16.930572687224668,False,Correctly Predicted Safe,True,False,0.7523451456662649,0.6,0.8375837583758377
23,9,3.0,5,Terra Jole,38.0,Sasha Farber,9.64,0.0,99.99,,5,0.0001,5,8.0,False,Correctly Predicted Safe,True,16.740088105726873,13.190044052863437,False,Correctly Predicted Safe,True,False,0.6320161994156863,0.4,0.9035903590359036
23,9,4.0,3,Calvin Johnson Jr.,37.0,Lindsay Arnold,23.38,0.0,99.99,,3,0.0001,3,7.0,False,Correctly Predicted Safe,True,16.299559471365637,19.839779735682814,False,Correctly Predicted Safe,True,False,0.43559735525130566,0.2,0.7661766176617661
23,9,5.0,6,Marilu Henner,36.0,Derek Hough,3.03,0.0,17.47,,6,0.8253,6,11.0,True,Correctly Predicted Eliminated,True,15.859030837004406,9.444515418502204,True,Correctly Predicted Eliminated,True,True,0.453504586584095,0.2,0.8265598168288495
23,9,5.0,2,James Hinchcliffe,36.0,Sharna Burgess,23.85,0.01,100.0,,2,0.0001,2,7.0,False,Correctly Predicted Safe,True,15.859030837004406,19.854515418502203,False,Correctly Predicted Safe,True,False,0.7317971652857655,0.6,0.7615761576157616
23,10,1.0,1,Laurie Hernandez,30.0,Valentin Chmerkovskiy,29.36,0.01,97.58,,1,0.0243,1,2.0,False,Correctly Predicted Safe,False,20.477815699658706,24.918907849829356,False,Correctly Predicted Safe,True,False,0.3118459327384866,0.0,0.6991903248949471
23,10,1.0,5,Terra Jole,30.0,Sasha Farber,3.77,0.0,19.51,,5,0.8049,5,6.0,False,Incorrectly Predicted Safe,False,20.477815699658706,12.12390784982935,True,Correctly Predicted Eliminated,True,True,0.9006088447263876,1.0,0.8067657611481291
23,10,3.0,2,James Hinchcliffe,29.5,Sharna Burgess,29.36,0.35,97.92,,2,0.0243,2,5.0,False,Correctly Predicted Safe,False,20.13651877133106,24.748259385665527,False,Correctly Predicted Safe,True,False,0.451328787183586,0.25,0.702675002562263
23,10,4.0,4,Jana Kramer,29.0,Gleb Savchenko,13.76,0.69,98.26,,4,0.0243,4,8.0,False,Correctly Predicted Safe,False,19.79522184300341,16.777610921501708,False,Correctly Predicted Safe,True,False,0.3435290708043304,0.0,0.8660448908475966
23,10,5.0,3,Calvin Johnson Jr.,28.0,Lindsay Arnold,23.75,1.38,98.95,,3,0.0243,3,8.0,True,Incorrectly Predicted Eliminated,False,19.112627986348123,21.43131399317406,False,Correctly Predicted Safe,True,False,0.6646046953941878,0.5,0.7707287075945475
23,11,1.0,1,Laurie Hernandez,39.333200000000005,Valentin Chmerkovskiy,37.61,24.17,100.0,,1,0.2417,1,2.0,False,Correctly Predicted Safe,True,25.84885858282496,31.72942929141248,False,Correctly Predicted Safe,True,False,0.3347033663729694,0.0,0.8227614400632995
23,11,2.0,2,James Hinchcliffe,38.9998,Sharna Burgess,35.5,0.0,50.1,,2,0.499,2,4.0,True,Correctly Predicted Eliminated,True,25.629755904896037,30.56487795244801,True,Correctly Predicted Eliminated,True,True,0.25819798367131946,0.0,0.2914171656686627
23,11,3.0,3,Calvin Johnson Jr.,38.3331,Lindsay Arnold,20.62,0.0,33.69,,3,0.6631,3,6.0,True,Correctly Predicted Eliminated,True,25.191616266698038,22.90580813334902,True,Correctly Predicted Eliminated,True,True,0.2682372018215641,0.0,0.387948946274859
23,11,4.0,4,Jana Kramer,35.5,Gleb Savchenko,6.27,0.0,26.66,,4,0.7334,4,8.0,True,Correctly Predicted Eliminated,True,23.32976924558098,14.79988462279049,True,Correctly Predicted Eliminated,True,True,0.32355951482267586,0.0,0.7648162040510128
24,2,1.0,1,Rashad Jennings,63.0,Emma Slater,11.41,0.0,100.0,,2,0.0,1,3.0,False,Correctly Predicted Safe,True,10.0,10.705,False,Correctly Predicted Safe,True,False,0.34772283082629873,0.0,0.8859
24,2,3.0,3,Normani,59.0,Valentin Chmerkovskiy,11.41,0.0,100.0,,3,0.0,3,6.0,False,Correctly Predicted Safe,True,9.365079365079366,10.387539682539682,False,Correctly Predicted Safe,True,False,0.34772283082629873,0.0,0.8859
24,2,4.0,8,Heather Morris,58.0,Maksim Chmerkoskiy,7.73,0.0,100.0,,8,0.0,8,12.0,False,Correctly Predicted Safe,True,9.206349206349207,8.468174603174603,False,Correctly Predicted Safe,True,False,0.6101712102474375,0.36363636363636365,0.9227
24,2,2.0,4,Simone Biles,61.0,Sasha Farber,11.41,0.0,100.0,,4,0.0,2,6.0,False,Correctly Predicted Safe,True,9.682539682539684,10.546269841269842,False,Correctly Predicted Safe,True,False,0.4586393708281919,0.18181818181818182,0.8859
24,2,5.0,7,Nancy Kerrigan,56.0,Artem Chigvintsev,9.52,0.0,100.0,,7,0.0,7,12.0,False,Correctly Predicted Safe,True,8.88888888888889,9.204444444444444,False,Correctly Predicted Safe,True,False,0.4644339814598592,0.18181818181818182,0.9048
24,2,8.0,5,Bonner Bolton,50.0,Sharna Burgess,11.41,0.0,100.0,,1,0.0,5,9.0,False,Correctly Predicted Safe,True,7.936507936507936,9.673253968253968,False,Correctly Predicted Safe,True,False,0.5265365249068634,0.2727272727272727,0.8859
24,2,7.0,9,Erika Jayne,52.0,Gleb Savchenko,6.08,0.0,100.0,,9,0.0,9,16.0,False,Correctly Predicted Safe,True,8.253968253968253,7.166984126984127,False,Correctly Predicted Safe,True,False,0.4751289082400382,0.18181818181818182,0.9392
24,2,6.0,2,David Ross,55.0,Lindsay Arnold,11.41,0.0,100.0,,5,0.0,4,11.0,False,Correctly Predicted Safe,True,8.73015873015873,10.070079365079366,False,Correctly Predicted Safe,True,False,0.5978266304970519,0.36363636363636365,0.8859
24,2,10.0,11,Charo,46.0,Keo Motsepe,2.68,0.0,100.0,,11,0.0,11,21.0,False,Correctly Predicted Safe,True,7.301587301587302,4.990793650793651,False,Correctly Predicted Safe,True,False,0.42199954421010055,0.09090909090909091,0.9732
24,2,9.0,6,Nick Viall,49.0,Peta Murgatroyd,11.4,0.0,100.0,,6,0.0,6,15.0,False,Correctly Predicted Safe,True,7.777777777777778,9.588888888888889,False,Correctly Predicted Safe,True,False,0.5265697116027557,0.2727272727272727,0.886
24,2,11.0,10,Mr. T,42.0,Kym Herjavec,4.51,0.0,100.0,,10,0.0,10,21.0,False,Correctly Predicted Safe,True,6.666666666666667,5.588333333333333,False,Correctly Predicted Safe,True,False,0.4168862461911425,0.09090909090909091,0.9549
24,2,12.0,12,Chris Kattan,39.0,Witney Carson,1.05,0.0,10.47,,12,0.8953,12,24.0,True,Correctly Predicted Eliminated,True,6.190476190476191,3.6202380952380953,True,Correctly Predicted Eliminated,True,True,0.3506946344887931,0.0,0.8997134670487106
24,3,1.0,3,Normani,34.0,Valentin Chmerkovskiy,12.54,0.0,99.98,,1,0.0002,1,2.0,False,Correctly Predicted Safe,True,10.793650793650794,11.666825396825397,False,Correctly Predicted Safe,True,False,0.468205335259822,0.2,0.8745749149829967
24,3,2.0,8,Heather Morris,33.0,Maksim Chmerkoskiy,7.05,0.0,99.98,,8,0.0002,8,10.0,False,Correctly Predicted Safe,True,10.476190476190476,8.763095238095238,False,Correctly Predicted Safe,True,False,0.7754678792135767,0.6,0.9294858971794359
24,3,2.0,7,Nancy Kerrigan,33.0,Artem Chigvintsev,9.14,0.0,99.98,,7,0.0002,7,9.0,False,Correctly Predicted Safe,True,10.476190476190476,9.808095238095238,False,Correctly Predicted Safe,True,False,0.7069995941210692,0.5,0.9085817163432687
24,3,4.0,4,Simone Biles,32.0,Sasha Farber,12.54,0.0,99.98,,2,0.0002,2,6.0,False,Correctly Predicted Safe,True,10.158730158730158,11.34936507936508,False,Correctly Predicted Safe,True,False,0.34531953510994023,0.0,0.8745749149829967
24,3,5.0,2,David Ross,31.0,Lindsay Arnold,12.54,0.0,99.98,,3,0.0002,3,8.0,False,Correctly Predicted Safe,True,9.841269841269842,11.19063492063492,False,Correctly Predicted Safe,True,False,0.5439900092412928,0.3,0.8745749149829967
24,3,6.0,1,Rashad Jennings,28.0,Emma Slater,12.54,0.0,99.98,,4,0.0002,4,10.0,False,Correctly Predicted Safe,True,8.88888888888889,10.714444444444444,False,Correctly Predicted Safe,True,False,0.6968380720739649,0.5,0.8745749149829967
24,3,7.0,9,Erika Jayne,26.0,Gleb Savchenko,5.24,0.0,99.98,,9,0.0002,9,16.0,False,Correctly Predicted Safe,True,8.253968253968253,6.746984126984127,False,Correctly Predicted Safe,True,False,0.4912472434713323,0.2,0.9475895179035807
24,3,7.0,6,Nick Viall,26.0,Peta Murgatroyd,11.51,0.0,99.98,,6,0.0002,6,13.0,False,Correctly Predicted Safe,True,8.253968253968253,9.881984126984126,False,Correctly Predicted Safe,True,False,0.4035959327285927,0.1,0.884876975395079
24,3,9.0,11,Charo,24.0,Keo Motsepe,1.13,0.0,10.55,,11,0.8945,11,20.0,True,Correctly Predicted Eliminated,True,7.6190476190476195,4.37452380952381,True,Correctly Predicted Eliminated,True,True,0.4739119331700696,0.2,0.8928909952606635
24,3,9.0,10,Mr. T,24.0,Kym Herjavec,3.23,0.01,99.99,,10,0.0002,10,19.0,False,Correctly Predicted Safe,True,7.6190476190476195,5.4245238095238095,False,Correctly Predicted Safe,True,False,0.42647162118521653,0.1,0.9677935587117423
24,3,9.0,5,Bonner Bolton,24.0,Sharna Burgess,12.54,0.01,99.99,,5,0.0002,5,14.0,False,Correctly Predicted Safe,True,7.6190476190476195,10.07952380952381,False,Correctly Predicted Safe,True,False,0.622447140565258,0.4,0.8746749349869973
24,4,1.0,1,Rashad Jennings,39.0,Emma Slater,13.81,0.0,100.0,,2,0.0,1,3.0,False,Correctly Predicted Safe,True,11.96319018404908,12.88659509202454,False,Correctly Predicted Safe,True,False,0.3426651512001422,0.0,0.8619
24,4,2.0,4,Simone Biles,36.0,Sasha Farber,13.81,0.0,100.0,,3,0.0,2,5.0,False,Correctly Predicted Safe,True,11.042944785276074,12.426472392638036,False,Correctly Predicted Safe,True,False,0.4804732940490064,0.2222222222222222,0.8619
24,4,3.0,8,Heather Morris,35.0,Maksim Chmerkoskiy,6.05,0.0,100.0,,8,0.0,8,11.0,False,Correctly Predicted Safe,True,10.736196319018406,8.393098159509202,False,Correctly Predicted Safe,True,False,0.7518764442508836,0.5555555555555556,0.9395
24,4,4.0,7,Nancy Kerrigan,33.0,Artem Chigvintsev,8.65,0.0,100.0,,7,0.0,7,11.0,False,Correctly Predicted Safe,True,10.122699386503069,9.386349693251534,False,Correctly Predicted Safe,True,False,0.583304891855487,0.3333333333333333,0.9135
24,4,5.0,5,Bonner Bolton,32.0,Sharna Burgess,13.71,0.0,100.0,,5,0.0,4,10.0,False,Correctly Predicted Safe,True,9.8159509202454,11.7629754601227,False,Correctly Predicted Safe,True,False,0.3428732164051592,0.0,0.8629
24,4,5.0,3,Normani,32.0,Valentin Chmerkovskiy,13.81,0.0,100.0,,1,0.0,3,6.0,False,Correctly Predicted Safe,True,9.8159509202454,11.8129754601227,False,Correctly Predicted Safe,True,False,0.4804732940490064,0.2222222222222222,0.8619
24,4,7.0,2,David Ross,31.0,Lindsay Arnold,13.81,0.0,100.0,,4,0.0,5,11.0,False,Correctly Predicted Safe,True,9.509202453987731,11.659601226993866,False,Correctly Predicted Safe,True,False,0.7308546944663323,0.5555555555555556,0.8619
24,4,8.0,9,Erika Jayne,30.0,Gleb Savchenko,3.75,0.0,100.0,,9,0.0,9,17.0,False,Correctly Predicted Safe,True,9.202453987730062,6.476226993865031,False,Correctly Predicted Safe,True,False,0.4323854667636537,0.1111111111111111,0.9625
24,4,8.0,6,Nick Viall,30.0,Peta Murgatroyd,11.28,0.0,100.0,,6,0.0,6,14.0,False,Correctly Predicted Safe,True,9.202453987730062,10.24122699386503,False,Correctly Predicted Safe,True,False,0.48851425551821864,0.2222222222222222,0.8872
24,4,10.0,10,Mr. T,28.0,Kym Herjavec,1.32,0.0,11.4,,10,0.886,10,20.0,True,Correctly Predicted Eliminated,True,8.588957055214724,4.954478527607362,True,Correctly Predicted Eliminated,True,True,0.3473624129516639,0.0,0.8842105263157894
24,5,1.0,3,Normani,39.0,Valentin Chmerkovskiy,15.49,0.0,98.33,,2,0.0167,1,3.0,False,Correctly Predicted Safe,True,12.828947368421051,14.159473684210528,False,Correctly Predicted Safe,True,False,0.4949582459420056,0.25,0.8424692362452965
24,5,2.0,4,Simone Biles,38.0,Sasha Farber,15.49,0.0,98.33,,3,0.0167,2,5.0,False,Correctly Predicted Safe,True,12.5,13.995,False,Correctly Predicted Safe,True,False,0.4949582459420056,0.25,0.8424692362452965
24,5,3.0,7,Nancy Kerrigan,36.0,Artem Chigvintsev,7.46,0.0,98.33,,7,0.0167,7,10.0,False,Correctly Predicted Safe,True,11.842105263157894,9.651052631578947,False,Correctly Predicted Safe,True,False,0.7115750051848169,0.5,0.9241330214583545
24,5,4.0,8,Heather Morris,34.0,Maksim Chmerkoskiy,4.47,0.0,98.33,,8,0.0167,8,12.0,False,Correctly Predicted Safe,True,11.18421052631579,7.827105263157895,False,Correctly Predicted Safe,True,False,0.7203863651085691,0.5,0.9545408318926065
24,5,4.0,6,Nick Viall,34.0,Peta Murgatroyd,10.66,0.0,98.33,,6,0.0167,6,10.0,False,Correctly Predicted Safe,True,11.18421052631579,10.922105263157896,False,Correctly Predicted Safe,True,False,0.5109213044269447,0.25,0.8915895454083189
24,5,6.0,1,Rashad Jennings,32.0,Emma Slater,15.49,0.01,98.34,,1,0.0167,3,7.0,False,Correctly Predicted Safe,True,10.526315789473683,13.008157894736842,False,Correctly Predicted Safe,True,False,0.7684837685579071,0.625,0.8425709346079528
24,5,6.0,9,Erika Jayne,32.0,Gleb Savchenko,1.47,0.0,11.69,,9,0.8831,9,15.0,True,Correctly Predicted Eliminated,True,10.526315789473683,5.998157894736842,True,Correctly Predicted Eliminated,True,True,0.6028211672910084,0.375,0.874251497005988
24,5,8.0,5,Bonner Bolton,30.0,Sharna Burgess,13.97,0.67,98.99,,5,0.0167,5,13.0,False,Correctly Predicted Safe,True,9.86842105263158,11.91921052631579,False,Correctly Predicted Safe,True,False,0.5996225280741629,0.375,0.8647274206672091
24,5,9.0,2,David Ross,29.0,Lindsay Arnold,15.49,1.0,99.32,,4,0.0167,4,13.0,False,Correctly Predicted Safe,True,9.539473684210527,12.514736842105265,False,Correctly Predicted Safe,True,False,0.8758394594968999,0.875,0.8526240846216436
24,6,1.0,8,Heather Morris,37.0,Maksim Chmerkoskiy,1.48,0.0,11.24,,8,0.8876,8,9.0,False,Incorrectly Predicted Safe,False,13.754646840148698,7.617323420074349,True,Correctly Predicted Eliminated,True,True,0.9054820698677815,1.0,0.8683274021352313
24,6,2.0,3,Normani,36.0,Valentin Chmerkovskiy,17.5,0.38,90.27,,1,0.1011,1,3.0,False,Correctly Predicted Safe,False,13.382899628252789,15.441449814126392,False,Correctly Predicted Safe,True,False,0.41024845203352484,0.14285714285714285,0.8095449994437646
24,6,3.0,1,Rashad Jennings,35.0,Emma Slater,17.5,0.75,90.65,,2,0.1011,2,5.0,False,Correctly Predicted Safe,False,13.011152416356875,15.25557620817844,False,Correctly Predicted Safe,True,False,0.5127004663312595,0.2857142857142857,0.8136818687430478
24,6,4.0,4,Simone Biles,34.5,Sasha Farber,17.21,0.94,90.83,,4,0.1011,3,8.0,False,Correctly Predicted Safe,False,12.82527881040892,15.01763940520446,False,Correctly Predicted Safe,True,False,0.33395696870324004,0.0,0.8190010012237179
24,6,5.0,7,Nancy Kerrigan,33.5,Artem Chigvintsev,5.6,1.31,91.2,,7,0.1011,7,12.0,False,Correctly Predicted Safe,False,12.453531598513012,9.026765799256506,False,Correctly Predicted Safe,True,False,0.5589027116085148,0.2857142857142857,0.952275002781177
24,6,6.0,5,Bonner Bolton,31.5,Sharna Burgess,13.51,2.05,91.95,,5,0.1011,5,11.0,False,Correctly Predicted Safe,False,11.71003717472119,12.610018587360596,False,Correctly Predicted Safe,True,False,0.42782024785773437,0.14285714285714285,0.8725250278086762
24,6,7.0,2,David Ross,31.0,Lindsay Arnold,17.5,2.24,92.13,,3,0.1011,4,10.0,False,Correctly Predicted Safe,False,11.524163568773234,14.512081784386616,False,Correctly Predicted Safe,True,False,0.8125563048779265,0.7142857142857143,0.8302369562798977
24,6,8.0,6,Nick Viall,30.5,Peta Murgatroyd,9.69,2.43,92.32,,6,0.1011,6,14.0,True,Incorrectly Predicted Eliminated,False,11.33828996282528,10.514144981412638,False,Correctly Predicted Safe,True,False,0.5477895909952015,0.2857142857142857,0.9192346200912226
24,7,1.0,3,Normani,42.0,Valentin Chmerkovskiy,20.21,0.0,95.6,,1,0.044,1,2.0,False,Correctly Predicted Safe,False,16.600790513833992,18.405395256917,False,Correctly Predicted Safe,True,False,0.5412435582072406,0.3333333333333333,0.7885983263598326
24,7,2.0,4,Simone Biles,39.0,Sasha Farber,17.1,0.0,95.6,,4,0.044,4,6.0,False,Correctly Predicted Safe,False,15.41501976284585,16.257509881422926,False,Correctly Predicted Safe,True,False,0.5521595833199491,0.3333333333333333,0.8211297071129706
24,7,2.0,1,Rashad Jennings,39.0,Emma Slater,20.21,0.0,95.6,,2,0.044,2,4.0,False,Correctly Predicted Safe,False,15.41501976284585,17.812509881422926,False,Correctly Predicted Safe,True,False,0.4198020571854647,0.16666666666666666,0.7885983263598326
24,7,4.0,7,Nancy Kerrigan,36.0,Artem Chigvintsev,2.18,0.0,14.33,,7,0.8567,7,11.0,True,Correctly Predicted Eliminated,False,14.229249011857709,8.204624505928855,True,Correctly Predicted Eliminated,True,True,0.6887151948775865,0.5,0.8478715980460572
24,7,5.0,6,Nick Viall,34.0,Peta Murgatroyd,7.39,0.8,17.51,,6,0.8329,6,11.0,False,Incorrectly Predicted Safe,False,13.438735177865611,10.414367588932809,True,Correctly Predicted Eliminated,True,True,0.3722924661067031,0.16666666666666666,0.6056253740275285
24,7,6.0,2,David Ross,32.0,Lindsay Arnold,20.21,1.6,97.2,,3,0.044,3,9.0,False,Correctly Predicted Safe,False,12.648221343873518,16.42911067193676,False,Correctly Predicted Safe,True,False,0.7829232846863337,0.6666666666666666,0.8053347280334728
24,7,7.0,5,Bonner Bolton,31.0,Sharna Burgess,12.69,2.0,97.6,,5,0.044,5,12.0,True,Incorrectly Predicted Eliminated,False,12.25296442687747,12.471482213438737,False,Correctly Predicted Safe,True,False,0.5747607217897953,0.3333333333333333,0.8881799163179916
24,8,1.0,3,Normani,39.5,Valentin Chmerkovskiy,22.75,0.0,100.0,,3,0.0,3,4.0,False,Correctly Predicted Safe,True,22.636103151862464,22.693051575931232,False,Correctly Predicted Safe,True,False,0.665168159367511,0.5,0.7725
24,8,2.0,1,Rashad Jennings,37.5,Emma Slater,29.4,0.0,100.0,,1,0.0,1,3.0,False,Correctly Predicted Safe,True,21.48997134670487,25.444985673352438,False,Correctly Predicted Safe,True,False,0.45232990826676783,0.25,0.706
24,8,3.0,4,Simone Biles,36.0,Sasha Farber,13.54,0.0,100.0,,4,0.0,4,7.0,False,Correctly Predicted Safe,True,20.63037249283668,17.08518624641834,False,Correctly Predicted Safe,True,False,0.5021165810754469,0.25,0.8646
24,8,4.0,2,David Ross,32.5,Lindsay Arnold,29.4,0.0,100.0,,2,0.0,2,6.0,False,Correctly Predicted Safe,True,18.624641833810887,24.012320916905445,False,Correctly Predicted Safe,True,False,0.6437392043629258,0.5,0.706
24,8,5.0,5,Bonner Bolton,29.0,Sharna Burgess,4.91,0.0,23.37,,5,0.7663,5,10.0,True,Correctly Predicted Eliminated,True,16.6189111747851,10.76445558739255,True,Correctly Predicted Eliminated,True,True,0.328290347710028,0.0,0.7899015832263586
24,9,1.0,4,Simone Biles,40.0,Sasha Farber,5.12,0.0,23.59,,4,0.7641,4,5.0,False,Incorrectly Predicted Safe,False,26.4026402640264,15.7613201320132,True,Correctly Predicted Eliminated,True,True,0.8985945333624248,1.0,0.7829588808817296
24,9,2.0,1,Rashad Jennings,38.5,Emma Slater,37.67,1.0,95.36,,1,0.0564,1,3.0,False,Correctly Predicted Safe,False,25.41254125412541,31.54127062706271,False,Correctly Predicted Safe,True,False,0.48324142902496214,0.3333333333333333,0.6113819415006359
24,9,3.0,3,Normani,38.0,Valentin Chmerkovskiy,20.69,1.33,95.69,,3,0.0564,3,6.0,False,Correctly Predicted Safe,False,25.08250825082508,22.886254125412545,False,Correctly Predicted Safe,True,False,0.3292361880412258,0.0,0.79482831708351
24,9,4.0,2,David Ross,35.0,Lindsay Arnold,36.51,3.31,97.67,,2,0.0564,2,6.0,True,Incorrectly Predicted Eliminated,False,23.1023102310231,29.80615511551155,False,Correctly Predicted Safe,True,False,0.743343062078367,0.6666666666666666,0.6481559983043663
24,10,1.0,1,Rashad Jennings,39.6666,Emma Slater,54.23,32.28,97.39,,1,0.3489,1,2.0,False,Correctly Predicted Safe,True,34.39307536171316,44.311537680856574,False,Correctly Predicted Safe,True,False,0.30576724270150113,0.0,0.6628782061127323
24,10,2.0,3,Normani,39.333200000000005,Valentin Chmerkovskiy,8.62,0.0,32.55,,3,0.6745,3,5.0,True,Correctly Predicted Eliminated,True,34.1039996323692,21.3619998161846,True,Correctly Predicted Eliminated,True,True,0.6532077036962796,0.5,0.7351766513056835
24,10,3.0,2,David Ross,36.3333,Lindsay Arnold,37.15,2.61,51.44,,2,0.5117,2,5.0,True,Correctly Predicted Eliminated,True,31.502925005917643,34.32646250295882,True,Correctly Predicted Eliminated,True,True,0.5058199138374083,0.5,0.29264796231824697
25,2,4.0,3,Frankie Muniz,43.0,Witney Carson,10.55,0.0,98.98,,6,0.0102,3,10.0,False,Correctly Predicted Safe,True,8.390243902439025,9.470121951219513,False,Correctly Predicted Safe,True,False,0.39559389116366794,0.08333333333333333,0.8934128106688219
25,2,1.0,1,Jordan Fisher,46.0,Lindsay Arnold,10.55,0.0,98.98,,2,0.0102,1,3.0,False,Correctly Predicted Safe,True,8.97560975609756,9.76280487804878,False,Correctly Predicted Safe,True,False,0.3493336042210542,0.0,0.8934128106688219
25,2,2.0,7,Vanessa Lachey,44.5,Maksim Chmerkoskiy,9.63,0.0,98.98,,7,0.0102,5,9.0,False,Correctly Predicted Safe,True,8.682926829268292,9.156463414634146,False,Correctly Predicted Safe,True,False,0.6444770840084638,0.4166666666666667,0.9027076177005455
25,2,6.0,10,Sasha Pieterse,40.5,Gleb Savchenko,5.2,0.0,98.98,,10,0.0102,10,16.0,False,Correctly Predicted Safe,True,7.902439024390244,6.5512195121951216,False,Correctly Predicted Safe,True,False,0.5947508517578874,0.3333333333333333,0.9474641341685189
25,2,2.0,2,Lindsey Stirling,44.5,Mark Ballas,10.55,0.0,98.98,,3,0.0102,2,5.0,False,Correctly Predicted Safe,True,8.682926829268292,9.616463414634149,False,Correctly Predicted Safe,True,False,0.3493336042210542,0.0,0.8934128106688219
25,2,5.0,5,Victoria Arlen,41.0,Valentin Chmerkovskiy,10.55,0.0,98.98,,4,0.0102,4,9.0,False,Correctly Predicted Safe,True,8.0,9.275,False,Correctly Predicted Safe,True,False,0.3493336042210542,0.0,0.8934128106688219
25,2,8.0,12,Debbie Gibson,37.5,Alan Bersten,2.24,0.0,8.84,,12,0.9116,12,20.0,True,Correctly Predicted Eliminated,True,7.317073170731707,4.7785365853658535,True,Correctly Predicted Eliminated,True,True,0.5272404054789981,0.3333333333333333,0.746606334841629
25,2,11.0,4,Drew Scott,36.5,Emma Slater,10.55,0.21,99.19,,5,0.0102,6,16.0,False,Correctly Predicted Safe,True,7.121951219512194,8.835975609756098,False,Correctly Predicted Safe,True,False,0.7572989824077523,0.5833333333333334,0.8955344514043241
25,2,7.0,8,Nikki Bella,39.5,Artem Chigvintsev,8.23,0.0,98.98,,8,0.0102,8,15.0,False,Correctly Predicted Safe,True,7.7073170731707314,7.968658536585366,False,Correctly Predicted Safe,True,False,0.4017552327298146,0.08333333333333333,0.9168518892705597
25,2,12.0,6,Terrell Owens,34.5,Cheryl Burke,10.55,0.6,99.58,,1,0.0102,7,13.0,False,Correctly Predicted Safe,True,6.731707317073171,8.640853658536585,False,Correctly Predicted Safe,True,False,0.7042990591124296,0.5,0.8994746413416852
25,2,9.0,11,Derek Fisher,37.0,Sharna Burgess,3.76,0.11,99.09,,11,0.0102,11,20.0,False,Correctly Predicted Safe,True,7.2195121951219505,5.489756097560975,False,Correctly Predicted Safe,True,False,0.47155491663433563,0.16666666666666666,0.9631238634067488
25,2,9.0,9,Nick Lachey,37.0,Peta Murgatroyd,6.77,0.11,99.09,,9,0.0102,9,18.0,False,Correctly Predicted Safe,True,7.2195121951219505,6.994756097560975,False,Correctly Predicted Safe,True,False,0.35797458776881524,0.0,0.9327136795312184
25,2,13.0,13,Barbara Corcoran,31.0,Keo Motsepe,0.87,0.0,9.32,,13,0.9068,13,26.0,True,Correctly Predicted Eliminated,True,6.048780487804878,3.459390243902439,True,Correctly Predicted Eliminated,True,True,0.3522042524904065,0.0,0.9066523605150214
25,4,1.0,1,Jordan Fisher,54.0,Lindsay Arnold,12.53,0.0,99.59,,2,0.0041,1,3.0,False,Correctly Predicted Safe,False,10.485436893203884,11.507718446601942,False,Correctly Predicted Safe,True,False,0.34523714450957577,0.0,0.8741841550356462
25,4,3.0,5,Victoria Arlen,49.0,Valentin Chmerkovskiy,12.53,0.0,99.59,,3,0.0041,3,6.0,False,Correctly Predicted Safe,False,9.514563106796116,11.022281553398058,False,Correctly Predicted Safe,True,False,0.46808416189410745,0.2,0.8741841550356462
25,4,2.0,2,Lindsey Stirling,53.0,Mark Ballas,12.53,0.0,99.59,,4,0.0041,2,6.0,False,Correctly Predicted Safe,False,10.29126213592233,11.410631067961166,False,Correctly Predicted Safe,True,False,0.34523714450957577,0.0,0.8741841550356462
25,4,10.0,10,Sasha Pieterse,43.0,Gleb Savchenko,3.13,0.2,99.8,,10,0.0041,10,20.0,True,Incorrectly Predicted Eliminated,False,8.349514563106796,5.739757281553398,False,Correctly Predicted Safe,True,False,0.3666421888556385,0.0,0.9705823293172691
25,4,6.0,3,Frankie Muniz,45.0,Witney Carson,12.53,0.0,99.59,,1,0.0041,5,7.0,False,Correctly Predicted Safe,False,8.737864077669903,10.633932038834953,False,Correctly Predicted Safe,True,False,0.5438590334032392,0.3,0.8741841550356462
25,4,6.0,8,Nikki Bella,45.0,Artem Chigvintsev,7.26,0.0,99.59,,8,0.0041,8,14.0,False,Correctly Predicted Safe,False,8.737864077669903,7.998932038834951,False,Correctly Predicted Safe,True,False,0.48470501108998554,0.2,0.9271011145697359
25,4,6.0,6,Terrell Owens,45.0,Cheryl Burke,11.43,0.0,99.59,,6,0.0041,6,12.0,False,Correctly Predicted Safe,False,8.737864077669903,10.083932038834952,False,Correctly Predicted Safe,True,False,0.3475796998692636,0.0,0.8852294407068984
25,4,4.0,4,Drew Scott,47.0,Emma Slater,12.53,0.0,99.59,,5,0.0041,4,9.0,False,Correctly Predicted Safe,False,9.12621359223301,10.828106796116504,False,Correctly Predicted Safe,True,False,0.34523714450957577,0.0,0.8741841550356462
25,4,4.0,7,Vanessa Lachey,47.0,Maksim Chmerkoskiy,9.3,0.0,99.59,,7,0.0041,7,11.0,False,Correctly Predicted Safe,False,9.12621359223301,9.213106796116506,False,Correctly Predicted Safe,True,False,0.5547529902195436,0.3,0.9066171302339592
25,4,9.0,11,Derek Fisher,44.0,Sharna Burgess,1.02,0.0,9.63,,11,0.9037,11,20.0,False,Incorrectly Predicted Safe,False,8.54368932038835,4.781844660194174,True,Correctly Predicted Eliminated,True,True,0.47428448120852545,0.2,0.8940809968847352
25,4,10.0,9,Nick Lachey,43.0,Peta Murgatroyd,5.22,0.2,99.8,,9,0.0041,9,19.0,False,Correctly Predicted Safe,False,8.349514563106796,6.784757281553398,False,Correctly Predicted Safe,True,False,0.4213279291777197,0.1,0.9495983935742972
25,5,1.0,1,Jordan Fisher,30.0,Lindsay Arnold,13.8,0.0,99.21,,1,0.0079,1,2.0,False,Correctly Predicted Safe,False,11.494252873563218,12.647126436781608,False,Correctly Predicted Safe,True,False,0.34245755030397595,0.0,0.8609011188388267
25,5,2.0,3,Frankie Muniz,29.0,Witney Carson,13.8,0.0,99.21,,4,0.0079,2,6.0,False,Correctly Predicted Safe,False,11.11111111111111,12.455555555555556,False,Correctly Predicted Safe,True,False,0.4041169983351567,0.1111111111111111,0.8609011188388267
25,5,3.0,2,Lindsey Stirling,28.0,Mark Ballas,13.8,0.0,99.21,,2,0.0079,3,5.0,False,Correctly Predicted Safe,False,10.727969348659004,12.263984674329503,False,Correctly Predicted Safe,True,False,0.4041169983351567,0.1111111111111111,0.8609011188388267
25,5,4.0,8,Nikki Bella,27.0,Artem Chigvintsev,6.1,0.0,99.21,,8,0.0079,8,12.0,False,Correctly Predicted Safe,False,10.344827586206897,8.222413793103449,False,Correctly Predicted Safe,True,False,0.6766435541277643,0.4444444444444444,0.9385142626751336
25,5,4.0,5,Victoria Arlen,27.0,Valentin Chmerkovskiy,13.63,0.0,99.21,,5,0.0079,4,9.0,False,Correctly Predicted Safe,False,10.344827586206897,11.98741379310345,False,Correctly Predicted Safe,True,False,0.4045755501563781,0.1111111111111111,0.8626146557806673
25,5,6.0,6,Terrell Owens,25.0,Cheryl Burke,11.22,0.0,99.21,,6,0.0079,6,12.0,False,Correctly Predicted Safe,False,9.578544061302685,10.399272030651344,False,Correctly Predicted Safe,True,False,0.3479378781877759,0.0,0.8869065618385243
25,5,6.0,4,Drew Scott,25.0,Emma Slater,13.8,0.0,99.21,,3,0.0079,5,9.0,False,Correctly Predicted Safe,False,9.578544061302685,11.689272030651342,False,Correctly Predicted Safe,True,False,0.4801576639895036,0.2222222222222222,0.8609011188388267
25,5,8.0,10,Sasha Pieterse,24.0,Gleb Savchenko,1.24,0.0,10.8,,10,0.892,10,18.0,False,Incorrectly Predicted Safe,False,9.195402298850574,5.217701149425287,True,Correctly Predicted Eliminated,True,True,0.48787069427624163,0.2222222222222222,0.8851851851851852
25,5,8.0,7,Vanessa Lachey,24.0,Maksim Chmerkoskiy,8.77,0.01,99.22,,7,0.0079,7,15.0,False,Correctly Predicted Safe,False,9.195402298850574,8.982701149425287,False,Correctly Predicted Safe,True,False,0.4179813673095275,0.1111111111111111,0.9117024493498639
25,5,10.0,9,Nick Lachey,22.0,Peta Murgatroyd,3.85,0.78,99.99,,9,0.0079,9,19.0,True,Incorrectly Predicted Eliminated,False,8.42911877394636,6.13955938697318,False,Correctly Predicted Safe,True,False,0.4342821970084387,0.1111111111111111,0.9690555387561738
25,6,1.0,2,Lindsey Stirling,40.0,Mark Ballas,15.49,0.0,100.0,,1,0.0,1,2.0,False,Correctly Predicted Safe,True,13.071895424836605,14.280947712418302,False,Correctly Predicted Safe,True,False,0.4085879287996476,0.125,0.8451
25,6,2.0,1,Jordan Fisher,39.0,Lindsay Arnold,15.49,0.0,100.0,,2,0.0,2,4.0,False,Correctly Predicted Safe,True,12.745098039215684,14.117549019607845,False,Correctly Predicted Safe,True,False,0.4085879287996476,0.125,0.8451
25,6,3.0,6,Terrell Owens,37.0,Cheryl Burke,10.52,0.0,100.0,,6,0.0,6,9.0,False,Correctly Predicted Safe,True,12.091503267973856,11.305751633986928,False,Correctly Predicted Safe,True,False,0.6097078813470893,0.375,0.8948
25,6,4.0,8,Nikki Bella,36.0,Artem Chigvintsev,4.37,0.0,100.0,,8,0.0,8,12.0,False,Correctly Predicted Safe,True,11.76470588235294,8.06735294117647,False,Correctly Predicted Safe,True,False,0.7208905331432023,0.5,0.9563
25,6,4.0,7,Vanessa Lachey,36.0,Maksim Chmerkoskiy,7.47,0.0,100.0,,7,0.0,7,11.0,False,Correctly Predicted Safe,True,11.76470588235294,9.61735294117647,False,Correctly Predicted Safe,True,False,0.6198850396132325,0.375,0.9253
25,6,6.0,3,Frankie Muniz,31.0,Witney Carson,15.49,0.0,100.0,,4,0.0,3,10.0,False,Correctly Predicted Safe,True,10.130718954248366,12.810359477124184,False,Correctly Predicted Safe,True,False,0.5930198609421686,0.375,0.8451
25,6,6.0,5,Victoria Arlen,31.0,Valentin Chmerkovskiy,13.92,0.0,100.0,,5,0.0,5,11.0,False,Correctly Predicted Safe,True,10.130718954248366,12.025359477124184,False,Correctly Predicted Safe,True,False,0.41286977134176306,0.125,0.8608
25,6,8.0,4,Drew Scott,30.0,Emma Slater,15.49,0.0,100.0,,3,0.0,4,11.0,False,Correctly Predicted Safe,True,9.803921568627452,12.646960784313729,False,Correctly Predicted Safe,True,False,0.6878651551680623,0.5,0.8451
25,6,9.0,9,Nick Lachey,26.0,Peta Murgatroyd,1.78,0.0,13.72,,9,0.8628,9,18.0,True,Correctly Predicted Eliminated,True,8.49673202614379,5.138366013071895,True,Correctly Predicted Eliminated,True,True,0.3444122174200045,0.0,0.870262390670554
25,7,1.0,3,Frankie Muniz,30.0,Witney Carson,17.49,0.0,98.11,,1,0.0189,1,2.0,False,Correctly Predicted Safe,False,13.953488372093023,15.72174418604651,False,Correctly Predicted Safe,True,False,0.5153451122391985,0.2857142857142857,0.8217307104270717
25,7,2.0,5,Victoria Arlen,28.5,Valentin Chmerkovskiy,13.23,0.0,98.11,,5,0.0189,5,7.0,False,Correctly Predicted Safe,False,13.25581395348837,13.242906976744186,False,Correctly Predicted Safe,True,False,0.641285008222739,0.42857142857142855,0.8651513607175619
25,7,2.0,4,Drew Scott,28.5,Emma Slater,17.12,0.0,98.11,,4,0.0189,2,6.0,False,Correctly Predicted Safe,False,13.25581395348837,15.187906976744186,False,Correctly Predicted Safe,True,False,0.5165863736372451,0.2857142857142857,0.8255019875649781
25,7,4.0,1,Jordan Fisher,27.0,Lindsay Arnold,17.49,0.01,98.12,,2,0.0189,3,6.0,False,Correctly Predicted Safe,False,12.558139534883722,15.02406976744186,False,Correctly Predicted Safe,True,False,0.627030720406563,0.42857142857142855,0.8218326368362043
25,7,4.0,7,Vanessa Lachey,27.0,Maksim Chmerkoskiy,5.58,0.0,14.41,,7,0.8559,7,11.0,False,Incorrectly Predicted Safe,False,12.558139534883722,9.06906976744186,True,Correctly Predicted Eliminated,True,True,0.5568237614270155,0.42857142857142855,0.6127689104788341
25,7,6.0,2,Lindsey Stirling,25.5,Mark Ballas,17.49,0.71,98.82,,3,0.0189,4,9.0,False,Correctly Predicted Safe,False,11.86046511627907,14.675232558139534,False,Correctly Predicted Safe,True,False,0.7319989248705017,0.5714285714285714,0.8289674854754867
25,7,7.0,6,Terrell Owens,24.5,Cheryl Burke,9.67,1.17,99.28,,6,0.0189,6,13.0,True,Incorrectly Predicted Eliminated,False,11.395348837209305,10.532674418604651,False,Correctly Predicted Safe,True,False,0.4396450806225408,0.14285714285714285,0.9133625522372847
25,7,8.0,8,Nikki Bella,24.0,Artem Chigvintsev,1.93,0.0,13.82,,8,0.8618,8,16.0,True,Correctly Predicted Eliminated,False,11.16279069767442,6.546395348837209,True,Correctly Predicted Eliminated,True,True,0.34234255264373215,0.0,0.8603473227206946
25,8,1.0,1,Jordan Fisher,30.0,Lindsay Arnold,23.69,0.0,97.74,,2,0.0226,1,3.0,False,Correctly Predicted Safe,False,19.169329073482427,21.42966453674121,False,Correctly Predicted Safe,True,False,0.3222289170777317,0.0,0.757622263147125
25,8,2.0,2,Lindsey Stirling,27.0,Mark Ballas,23.69,0.0,97.74,,1,0.0226,2,3.0,False,Correctly Predicted Safe,False,17.252396166134183,20.47119808306709,False,Correctly Predicted Safe,True,False,0.3222289170777317,0.0,0.757622263147125
25,8,3.0,3,Frankie Muniz,26.5,Witney Carson,23.06,0.0,97.74,,3,0.0226,3,6.0,False,Correctly Predicted Safe,False,16.93290734824281,19.996453674121405,False,Correctly Predicted Safe,True,False,0.32342057436877325,0.0,0.7640679353386536
25,8,4.0,6,Terrell Owens,25.5,Cheryl Burke,2.91,0.0,17.03,,6,0.8297,6,10.0,False,Incorrectly Predicted Safe,False,16.293929712460063,9.601964856230031,True,Correctly Predicted Eliminated,True,True,0.6072498516826346,0.4,0.8291250733998825
25,8,5.0,5,Victoria Arlen,24.0,Valentin Chmerkovskiy,9.9,0.97,98.71,,5,0.0226,5,10.0,True,Incorrectly Predicted Eliminated,False,15.335463258785945,12.61773162939297,False,Correctly Predicted Safe,True,False,0.3526376921739606,0.0,0.9086351544915081
25,8,6.0,4,Drew Scott,23.5,Emma Slater,16.75,1.29,99.03,,4,0.0226,4,10.0,False,Correctly Predicted Safe,False,15.015974440894569,15.882987220447284,False,Correctly Predicted Safe,True,False,0.6115000972137556,0.4,0.8418252506650297
25,9,1.0,1,Jordan Fisher,29.0,Lindsay Arnold,29.19,0.0,95.17,,1,0.0483,1,2.0,False,Correctly Predicted Safe,False,21.48148148148148,25.33574074074074,False,Correctly Predicted Safe,True,False,0.31083823862581517,0.0,0.6932856992749816
25,9,2.0,2,Lindsey Stirling,28.5,Mark Ballas,29.19,0.0,95.17,,2,0.0483,2,4.0,False,Correctly Predicted Safe,False,21.11111111111111,25.15055555555556,False,Correctly Predicted Safe,True,False,0.31083823862581517,0.0,0.6932856992749816
25,9,3.0,5,Victoria Arlen,28.0,Valentin Chmerkovskiy,3.68,0.0,19.25,,5,0.8075,5,8.0,False,Incorrectly Predicted Safe,False,20.74074074074074,12.21037037037037,True,Correctly Predicted Eliminated,True,True,0.6766268354033822,0.5,0.8088311688311688
25,9,4.0,3,Frankie Muniz,25.5,Witney Carson,23.68,1.86,97.03,,3,0.0483,3,7.0,False,Correctly Predicted Safe,False,18.88888888888889,21.284444444444446,False,Correctly Predicted Safe,True,False,0.4721934224584159,0.25,0.7707260691394346
25,9,5.0,4,Drew Scott,24.0,Emma Slater,14.27,2.97,98.14,,4,0.0483,4,9.0,True,Incorrectly Predicted Eliminated,False,17.77777777777778,16.02388888888889,False,Correctly Predicted Safe,True,False,0.5075440083865825,0.25,0.881265104549753
25,10,1.0,1,Jordan Fisher,40.0,Lindsay Arnold,37.65,24.44,100.0,,1,0.2444,1,2.0,False,Correctly Predicted Safe,True,25.57729554628947,31.61364777314473,False,Correctly Predicted Safe,True,False,0.33518354678985335,0.0,0.8251720487030175
25,10,1.0,2,Lindsey Stirling,40.0,Mark Ballas,35.56,0.0,50.0,,2,0.5,2,3.0,True,Correctly Predicted Eliminated,True,25.57729554628947,30.568647773144736,True,Correctly Predicted Eliminated,True,True,0.3901068045064417,0.3333333333333333,0.28879999999999995
25,10,3.0,3,Frankie Muniz,38.8887,Witney Carson,20.76,0.0,33.8,,3,0.662,3,6.0,True,Correctly Predicted Eliminated,True,24.86669433277468,22.81334716638734,True,Correctly Predicted Eliminated,True,True,0.26799751567790925,0.0,0.38579881656804726
25,10,4.0,4,Drew Scott,37.5,Emma Slater,6.03,0.0,26.01,,4,0.7399,4,8.0,True,Correctly Predicted Eliminated,True,23.97871457464638,15.00435728732319,True,Correctly Predicted Eliminated,True,True,0.32418306983105644,0.0,0.7681660899653979
26,1,1.0,2,Josh Norman,24.0,Sharna Burgess,13.76,0.0,98.54,,1,0.0146,1,2.0,False,Correctly Predicted Safe,False,11.428571428571429,12.594285714285714,False,Correctly Predicted Safe,True,False,0.40397266645376156,0.1111111111111111,0.8603612746092957
26,1,1.0,1,Adam Rippon,24.0,Jenna Johnson,13.76,0.0,98.54,,2,0.0146,2,3.0,False,Correctly Predicted Safe,False,11.428571428571429,12.594285714285714,False,Correctly Predicted Safe,True,False,0.3423454489280966,0.0,0.8603612746092957
26,1,3.0,4,Mirai Nagasu,23.0,Alan Bersten,13.76,0.0,98.54,,3,0.0146,3,6.0,False,Correctly Predicted Safe,False,10.952380952380953,12.356190476190475,False,Correctly Predicted Safe,True,False,0.40397266645376156,0.1111111111111111,0.8603612746092957
26,1,3.0,3,Tonya Harding,23.0,Sasha Farber,13.76,0.0,98.54,,4,0.0146,4,7.0,False,Correctly Predicted Safe,False,10.952380952380953,12.356190476190475,False,Correctly Predicted Safe,True,False,0.3423454489280966,0.0,0.8603612746092957
26,1,5.0,6,Jennie Finch Daigle,21.0,Keo Motsepe,11.14,0.0,98.54,,6,0.0146,6,11.0,False,Correctly Predicted Safe,False,10.0,10.57,False,Correctly Predicted Safe,True,False,0.4111566987464437,0.1111111111111111,0.8869494621473514
26,1,5.0,5,Chris Mazdzer,21.0,Witney Carson,13.64,0.0,98.54,,5,0.0146,5,10.0,False,Correctly Predicted Safe,False,10.0,11.82,False,Correctly Predicted Safe,True,False,0.34259842270569063,0.0,0.8615790541911914
26,1,7.0,7,Arike Ogunbowale,20.0,Gleb Savchenko,8.7,0.0,98.54,,7,0.0146,7,14.0,False,Correctly Predicted Safe,False,9.523809523809524,9.11190476190476,False,Correctly Predicted Safe,True,False,0.3533118862702871,0.0,0.9117109803125635
26,1,8.0,10,Jamie Anderson,19.0,Artem Chigvintsev,1.26,0.0,10.94,,10,0.8906,10,18.0,False,Incorrectly Predicted Safe,False,9.047619047619047,5.153809523809524,True,Correctly Predicted Eliminated,True,True,0.48775612599914503,0.2222222222222222,0.8848263254113345
26,1,9.0,9,Johnny Damon,18.0,Emma Slater,3.83,0.49,12.64,,9,0.8785,9,18.0,True,Correctly Predicted Eliminated,False,8.571428571428571,6.200714285714286,True,Correctly Predicted Eliminated,True,True,0.3163577705471894,0.0,0.7251028806584363
26,1,10.0,8,Kareem Abdul-Jabbar,17.0,Lindsay Arnold,6.39,0.97,99.51,,8,0.0146,8,18.0,True,Incorrectly Predicted Eliminated,False,8.095238095238095,7.242619047619048,False,Correctly Predicted Safe,True,False,0.5071903969813392,0.2222222222222222,0.9449969555510452
26,2,1.0,4,Mirai Nagasu,37.0,Alan Bersten,17.03,0.0,95.85,,4,0.0415,2,5.0,False,Correctly Predicted Safe,False,13.831775700934578,15.43088785046729,False,Correctly Predicted Safe,True,False,0.6271941975488082,0.42857142857142855,0.8223265519040167
26,2,1.0,1,Adam Rippon,37.0,Jenna Johnson,17.5,0.0,95.85,,1,0.0415,1,2.0,False,Correctly Predicted Safe,False,13.831775700934578,15.66588785046729,False,Correctly Predicted Safe,True,False,0.33364473287624397,0.0,0.8174230568596765
26,2,3.0,7,Arike Ogunbowale,35.0,Gleb Savchenko,5.49,0.0,13.9,,7,0.861,7,10.0,False,Incorrectly Predicted Safe,False,13.084112149532707,9.287056074766356,True,Correctly Predicted Eliminated,True,True,0.664914564638318,0.5714285714285714,0.6050359712230216
26,2,4.0,5,Chris Mazdzer,33.0,Witney Carson,13.4,0.76,96.61,,5,0.0415,5,9.0,False,Correctly Predicted Safe,False,12.33644859813084,12.86822429906542,False,Correctly Predicted Safe,True,False,0.42656659496080296,0.14285714285714285,0.8681272822117893
26,2,4.0,3,Tonya Harding,33.0,Sasha Farber,17.5,0.76,96.61,,2,0.0415,3,6.0,False,Correctly Predicted Safe,False,12.33644859813084,14.91822429906542,False,Correctly Predicted Safe,True,False,0.4145804073626533,0.14285714285714285,0.8253521126760563
26,2,6.0,6,Jennie Finch Daigle,31.5,Keo Motsepe,9.61,1.32,97.17,,6,0.0415,6,12.0,True,Incorrectly Predicted Eliminated,False,11.775700934579438,10.69285046728972,False,Correctly Predicted Safe,True,False,0.35370739265461926,0.0,0.9135106937923839
26,2,6.0,2,Josh Norman,31.5,Sharna Burgess,17.5,1.32,97.17,,3,0.0415,4,9.0,False,Correctly Predicted Safe,False,11.775700934579438,14.63785046728972,False,Correctly Predicted Safe,True,False,0.7326182994934496,0.5714285714285714,0.8311945748565467
26,2,8.0,8,Kareem Abdul-Jabbar,29.5,Lindsay Arnold,1.96,0.0,13.96,,8,0.8604,8,16.0,True,Correctly Predicted Eliminated,False,11.02803738317757,6.494018691588785,True,Correctly Predicted Eliminated,True,True,0.34218724350311935,0.0,0.8595988538681949
26,3,1.0,1,Adam Rippon,41.0,Jenna Johnson,23.63,0.0,99.99,,2,0.0001,1,3.0,False,Correctly Predicted Safe,True,19.431279620853083,21.530639810426543,False,Correctly Predicted Safe,True,False,0.3233479170924619,0.0,0.7636763676367637
26,3,2.0,2,Josh Norman,38.0,Sharna Burgess,23.63,0.0,99.99,,1,0.0001,2,3.0,False,Correctly Predicted Safe,True,18.009478672985782,20.81973933649289,False,Correctly Predicted Safe,True,False,0.3233479170924619,0.0,0.7636763676367637
26,3,3.0,4,Mirai Nagasu,35.0,Alan Bersten,16.34,0.0,26.06,,4,0.7394,4,7.0,True,Correctly Predicted Eliminated,True,16.587677725118482,16.463838862559243,True,Correctly Predicted Eliminated,True,True,0.33809600730810097,0.2,0.372985418265541
26,3,3.0,3,Tonya Harding,35.0,Sasha Farber,23.09,0.01,100.0,,3,0.0001,3,6.0,False,Correctly Predicted Safe,True,16.587677725118482,19.838838862559243,False,Correctly Predicted Safe,True,False,0.3243717222187864,0.0,0.7691769176917692
26,3,5.0,5,Chris Mazdzer,33.0,Witney Carson,9.81,0.0,21.6,,5,0.784,5,10.0,True,Correctly Predicted Eliminated,True,15.639810426540285,12.724905213270144,True,Correctly Predicted Eliminated,True,True,0.2880333078140371,0.0,0.5458333333333334
26,3,6.0,6,Jennie Finch Daigle,29.0,Keo Motsepe,3.5,0.0,19.57,,6,0.8043,6,12.0,True,Correctly Predicted Eliminated,True,13.744075829383888,8.622037914691944,True,Correctly Predicted Eliminated,True,True,0.33438407842950213,0.0,0.8211548288196219
26,4,1.0,1,Adam Rippon,29.0,Jenna Johnson,54.37,32.76,100.0,,1,0.3276,1,2.0,False,Correctly Predicted Safe,True,33.91812865497076,44.14406432748538,False,Correctly Predicted Safe,True,False,0.3083668081891509,0.0,0.6786139202855443
26,4,2.0,2,Josh Norman,28.5,Sharna Burgess,36.25,0.0,50.29,,2,0.4971,2,4.0,True,Correctly Predicted Eliminated,True,33.33333333333333,34.791666666666664,True,Correctly Predicted Eliminated,True,True,0.25702655478738445,0.0,0.27918075164048517
26,4,3.0,3,Tonya Harding,28.0,Sasha Farber,9.38,0.0,33.91,,3,0.6609,3,6.0,True,Correctly Predicted Eliminated,True,32.748538011695906,21.064269005847954,True,Correctly Predicted Eliminated,True,True,0.31605419177053684,0.0,0.723385432025951
27,1,1.0,7,DeMarcus Ware,23.0,Lindsay Arnold,9.62,0.0,98.62,,7,0.0138,3,8.0,False,Correctly Predicted Safe,True,9.019607843137257,9.319803921568628,False,Correctly Predicted Safe,True,False,0.7051841884170931,0.5,0.9024538633137295
27,1,1.0,10,Tinashe,23.0,Brandon Armstrong,5.09,0.0,98.62,,10,0.0138,10,11.0,False,Correctly Predicted Safe,True,9.019607843137257,7.054803921568627,False,Correctly Predicted Safe,True,False,0.8487187489761432,0.75,0.9483877509632934
27,1,3.0,5,Juan Pablo Di Pace,22.0,Cheryl Burke,10.58,0.0,98.62,,3,0.0138,1,6.0,False,Correctly Predicted Safe,True,8.627450980392156,9.603725490196078,False,Correctly Predicted Safe,True,False,0.4500070556619316,0.16666666666666666,0.8927195295071993
27,1,3.0,4,Alexis Ren,22.0,Alan Bersten,10.58,0.0,98.62,,4,0.0138,2,7.0,False,Correctly Predicted Safe,True,8.627450980392156,9.603725490196078,False,Correctly Predicted Safe,True,False,0.3954135170305797,0.08333333333333333,0.8927195295071993
27,1,5.0,2,Milo Manheim,20.0,Witney Carson,10.58,0.0,98.62,,5,0.0138,4,10.0,False,Correctly Predicted Safe,True,7.84313725490196,9.21156862745098,False,Correctly Predicted Safe,True,False,0.5112916027525567,0.25,0.8927195295071993
27,1,5.0,9,Mary Lou Retton,20.0,Sasha Farber,6.73,0.0,98.62,,9,0.0138,9,14.0,False,Correctly Predicted Safe,True,7.84313725490196,7.286568627450981,False,Correctly Predicted Safe,True,False,0.5894612391382763,0.3333333333333333,0.9317582640438045
27,1,5.0,1,Bobby Bones,20.0,Sharna Burgess,10.58,0.0,98.62,,6,0.0138,5,11.0,False,Correctly Predicted Safe,True,7.84313725490196,9.21156862745098,False,Correctly Predicted Safe,True,False,0.5762928360865602,0.3333333333333333,0.8927195295071993
27,1,8.0,11,Nancy McKeon,19.5,Valentin Chmerkovskiy,3.72,0.0,98.62,,11,0.0138,11,19.0,False,Correctly Predicted Safe,True,7.647058823529412,5.683529411764706,False,Correctly Predicted Safe,True,False,0.5343052019757646,0.25,0.9622794564996958
27,1,9.0,3,Evanna Lynch,18.0,Keo Motsepe,10.58,0.0,98.62,,1,0.0138,6,10.0,False,Correctly Predicted Safe,True,7.0588235294117645,8.819411764705883,False,Correctly Predicted Safe,True,False,0.7022860546495397,0.5,0.8927195295071993
27,1,9.0,8,John Schneider,18.0,Emma Slater,8.32,0.0,98.62,,8,0.0138,8,17.0,False,Correctly Predicted Safe,True,7.0588235294117645,7.689411764705882,False,Correctly Predicted Safe,True,False,0.4014325574578564,0.08333333333333333,0.915635773676739
27,1,9.0,12,Danelle Umstead,18.0,Artem Chigvintsev,2.28,0.0,98.62,,12,0.0138,12,21.0,False,Correctly Predicted Safe,True,7.0588235294117645,4.669411764705882,False,Correctly Predicted Safe,True,False,0.5391818477533996,0.25,0.976880957209491
27,1,12.0,13,Nikki Glaser,17.5,Gleb Savchenko,0.79,0.0,8.51,,13,0.9149,13,25.0,True,Correctly Predicted Eliminated,True,6.862745098039216,3.826372549019608,True,Correctly Predicted Eliminated,True,True,0.3991948636239265,0.08333333333333333,0.9071680376028202
27,1,13.0,6,Joe Amabile,14.0,Jenna Johnson,10.58,1.38,100.0,,2,0.0138,7,15.0,False,Correctly Predicted Safe,True,5.490196078431373,8.035098039215686,False,Correctly Predicted Safe,True,False,0.7601659403835479,0.5833333333333334,0.9067126343540864
27,2,1.0,5,Juan Pablo Di Pace,26.0,Cheryl Burke,11.44,0.0,99.62,,1,0.0038,1,2.0,False,Correctly Predicted Safe,True,9.611829944547134,10.525914972273569,False,Correctly Predicted Safe,True,False,0.5975790137535955,0.36363636363636365,0.8851636217626982
27,2,1.0,2,Milo Manheim,26.0,Witney Carson,11.44,0.0,99.62,,2,0.0038,2,3.0,False,Correctly Predicted Safe,True,9.611829944547134,10.525914972273569,False,Correctly Predicted Safe,True,False,0.3980573808597599,0.09090909090909091,0.8851636217626982
27,2,1.0,10,Tinashe,26.0,Brandon Armstrong,4.18,0.0,99.62,,10,0.0038,10,11.0,False,Correctly Predicted Safe,True,9.611829944547134,6.895914972273567,False,Correctly Predicted Safe,True,False,0.872507814589512,0.8181818181818182,0.9580405541056013
27,2,4.0,4,Alexis Ren,24.5,Alan Bersten,11.44,0.0,99.62,,3,0.0038,3,7.0,False,Correctly Predicted Safe,True,9.057301293900183,10.248650646950091,False,Correctly Predicted Safe,True,False,0.34756565645290194,0.0,0.8851636217626982
27,2,5.0,3,Evanna Lynch,24.0,Keo Motsepe,11.44,0.0,99.62,,5,0.0038,4,10.0,False,Correctly Predicted Safe,True,8.872458410351202,10.1562292051756,False,Correctly Predicted Safe,True,False,0.45841481837078507,0.18181818181818182,0.8851636217626982
27,2,6.0,7,DeMarcus Ware,23.5,Lindsay Arnold,9.57,0.0,99.62,,7,0.0038,6,13.0,False,Correctly Predicted Safe,True,8.687615526802219,9.12880776340111,False,Correctly Predicted Safe,True,False,0.4030213087717154,0.09090909090909091,0.9039349528207188
27,2,7.0,9,Mary Lou Retton,23.0,Sasha Farber,6.07,0.0,99.62,,9,0.0038,9,16.0,False,Correctly Predicted Safe,True,8.502772643253234,7.286386321626617,False,Correctly Predicted Safe,True,False,0.4750876636632927,0.18181818181818182,0.9390684601485646
27,2,8.0,8,John Schneider,21.5,Emma Slater,7.89,0.0,99.62,,8,0.0038,8,16.0,False,Correctly Predicted Safe,True,7.948243992606285,7.919121996303142,False,Correctly Predicted Safe,True,False,0.35531682341867166,0.0,0.9207990363380847
27,2,9.0,11,Nancy McKeon,20.5,Valentin Chmerkovskiy,2.65,0.0,99.62,,11,0.0038,11,20.0,False,Correctly Predicted Safe,True,7.578558225508318,5.114279112754159,False,Correctly Predicted Safe,True,False,0.48593757044793373,0.18181818181818182,0.9733989158803453
27,2,10.0,1,Bobby Bones,19.5,Sharna Burgess,11.44,0.0,99.62,,6,0.0038,5,16.0,False,Correctly Predicted Safe,True,7.208872458410351,9.324436229205176,False,Correctly Predicted Safe,True,False,0.8629069969144985,0.8181818181818182,0.8851636217626982
27,2,11.0,12,Danelle Umstead,18.5,Artem Chigvintsev,0.98,0.0,9.82,,12,0.9018,12,23.0,True,Correctly Predicted Eliminated,True,6.839186691312385,3.9095933456561927,True,Correctly Predicted Eliminated,True,True,0.4020283940669853,0.09090909090909091,0.90020366598778
27,2,12.0,6,Joe Amabile,17.5,Jenna Johnson,11.44,0.38,100.0,,4,0.0038,7,16.0,False,Correctly Predicted Safe,True,6.469500924214418,8.954750462107208,False,Correctly Predicted Safe,True,False,0.7318331540092171,0.5454545454545454,0.8889781168440073
27,3,1.0,5,Juan Pablo Di Pace,30.0,Cheryl Burke,12.51,0.0,98.13,,5,0.0187,1,6.0,False,Correctly Predicted Safe,True,11.07011070110701,11.790055350553503,False,Correctly Predicted Safe,True,False,0.6217300058885245,0.4,0.8725160501375726
27,3,2.0,3,Evanna Lynch,27.0,Keo Motsepe,12.51,0.0,98.13,,2,0.0187,2,4.0,False,Correctly Predicted Safe,True,9.96309963099631,11.236549815498154,False,Correctly Predicted Safe,True,False,0.40031252614207513,0.1,0.8725160501375726
27,3,2.0,2,Milo Manheim,27.0,Witney Carson,12.51,0.0,98.13,,1,0.0187,3,3.0,False,Correctly Predicted Safe,True,9.96309963099631,11.236549815498154,False,Correctly Predicted Safe,True,False,0.34488582862696887,0.0,0.8725160501375726
27,3,2.0,10,Tinashe,27.0,Brandon Armstrong,2.92,0.0,98.13,,10,0.0187,10,12.0,False,Correctly Predicted Safe,True,9.96309963099631,6.4415498154981545,False,Correctly Predicted Safe,True,False,0.8686455378891191,0.8,0.9702435544685621
27,3,5.0,7,DeMarcus Ware,26.0,Lindsay Arnold,9.23,0.0,98.13,,7,0.0187,6,12.0,False,Correctly Predicted Safe,True,9.59409594095941,9.412047970479705,False,Correctly Predicted Safe,True,False,0.4780090713329053,0.2,0.9059410985427494
27,3,5.0,4,Alexis Ren,26.0,Alan Bersten,12.51,0.0,98.13,,3,0.0187,4,8.0,False,Correctly Predicted Safe,True,9.59409594095941,11.052047970479704,False,Correctly Predicted Safe,True,False,0.40031252614207513,0.1,0.8725160501375726
27,3,7.0,9,Mary Lou Retton,24.0,Sasha Farber,5.15,0.0,98.13,,9,0.0187,9,16.0,False,Correctly Predicted Safe,True,8.856088560885608,7.003044280442804,False,Correctly Predicted Safe,True,False,0.49122450218356634,0.2,0.9475185977784572
27,3,8.0,1,Bobby Bones,23.0,Sharna Burgess,12.51,0.0,98.13,,4,0.0187,5,12.0,False,Correctly Predicted Safe,True,8.487084870848708,10.498542435424357,False,Correctly Predicted Safe,True,False,0.8143546813458513,0.7,0.8725160501375726
27,3,9.0,11,Nancy McKeon,22.0,Valentin Chmerkovskiy,1.07,0.0,10.05,,11,0.8995,11,20.0,True,Correctly Predicted Eliminated,True,8.118081180811808,4.594040590405904,True,Correctly Predicted Eliminated,True,True,0.47411268865239375,0.2,0.8935323383084577
27,3,10.0,8,John Schneider,21.0,Emma Slater,7.37,0.38,98.51,,8,0.0187,8,18.0,False,Correctly Predicted Safe,True,7.7490774907749085,7.559538745387455,False,Correctly Predicted Safe,True,False,0.48523514655792294,0.2,0.928767960868236
27,3,11.0,6,Joe Amabile,18.0,Jenna Johnson,11.68,1.49,99.62,,6,0.0187,7,17.0,False,Correctly Predicted Safe,True,6.642066420664207,9.161033210332103,False,Correctly Predicted Safe,True,False,0.7033118026208689,0.5,0.8961581575461123
27,4,1.0,2,Milo Manheim,29.0,Witney Carson,13.81,0.0,86.56,,2,0.1344,1,3.0,False,Correctly Predicted Safe,False,12.5,13.155,False,Correctly Predicted Safe,True,False,0.39869607366405957,0.1111111111111111,0.8404574861367837
27,4,2.0,9,Mary Lou Retton,26.0,Sasha Farber,3.47,0.01,86.57,,9,0.1344,9,11.0,False,Correctly Predicted Safe,False,11.20689655172414,7.33844827586207,False,Correctly Predicted Safe,True,False,0.8601809263626683,0.7777777777777778,0.9600277264325323
27,4,2.0,10,Tinashe,26.0,Brandon Armstrong,0.96,0.0,8.78,,10,0.9122,10,12.0,False,Incorrectly Predicted Safe,False,11.20689655172414,6.08344827586207,True,Correctly Predicted Eliminated,True,True,0.8838927328473591,0.8888888888888888,0.8906605922551253
27,4,4.0,4,Alexis Ren,25.0,Alan Bersten,13.81,0.44,87.0,,3,0.1344,2,7.0,False,Correctly Predicted Safe,False,10.775862068965516,12.29293103448276,False,Correctly Predicted Safe,True,False,0.3392942331311043,0.0,0.8455406654343808
27,4,5.0,5,Juan Pablo Di Pace,24.0,Cheryl Burke,13.64,0.87,87.43,,5,0.1344,4,10.0,False,Correctly Predicted Safe,False,10.344827586206897,11.992413793103449,False,Correctly Predicted Safe,True,False,0.3407149614432753,0.0,0.8524722735674677
27,4,5.0,3,Evanna Lynch,24.0,Keo Motsepe,13.81,0.87,87.43,,1,0.1344,3,6.0,False,Correctly Predicted Safe,False,10.344827586206897,12.07741379310345,False,Correctly Predicted Safe,True,False,0.4768822989892154,0.2222222222222222,0.8505083179297597
27,4,7.0,7,DeMarcus Ware,22.0,Lindsay Arnold,8.74,1.73,88.29,,7,0.1344,6,14.0,False,Correctly Predicted Safe,False,9.482758620689657,9.111379310344828,False,Correctly Predicted Safe,True,False,0.35492187780433726,0.0,0.9190157116451017
27,4,8.0,8,John Schneider,21.0,Emma Slater,6.28,2.17,88.72,,8,0.1344,8,16.0,True,Incorrectly Predicted Eliminated,False,9.051724137931034,7.665862068965517,False,Correctly Predicted Safe,True,False,0.362464570029903,0.0,0.9525129982668977
27,4,9.0,1,Bobby Bones,20.0,Sharna Burgess,13.81,2.6,89.15,,4,0.1344,5,13.0,False,Correctly Predicted Safe,False,8.620689655172415,11.215344827586208,False,Correctly Predicted Safe,True,False,0.88166997871521,0.8888888888888888,0.8704794916233392
27,4,10.0,6,Joe Amabile,15.0,Jenna Johnson,11.66,4.75,91.31,,6,0.1344,7,16.0,False,Correctly Predicted Safe,False,6.465517241379311,9.062758620689657,False,Correctly Predicted Safe,True,False,0.670882268068091,0.4444444444444444,0.9201709796672828
27,6,1.0,5,Juan Pablo Di Pace,59.0,Cheryl Burke,13.45,0.0,95.09,,5,0.0491,4,6.0,False,Correctly Predicted Safe,False,13.082039911308204,13.266019955654102,False,Correctly Predicted Safe,True,False,0.6919796837705481,0.5,0.8585550531075823
27,6,2.0,2,Milo Manheim,57.0,Witney Carson,15.47,0.0,95.09,,2,0.0491,1,4.0,False,Correctly Predicted Safe,False,12.638580931263856,14.05429046563193,False,Correctly Predicted Safe,True,False,0.3376220650402731,0.0,0.8373120201913976
27,6,4.0,3,Evanna Lynch,53.0,Keo Motsepe,15.47,0.0,95.09,,3,0.0491,3,7.0,False,Correctly Predicted Safe,False,11.751662971175168,13.610831485587584,False,Correctly Predicted Safe,True,False,0.4064836788407551,0.125,0.8373120201913976
27,6,3.0,4,Alexis Ren,56.0,Alan Bersten,15.47,0.0,95.09,,1,0.0491,2,4.0,False,Correctly Predicted Safe,False,12.416851441241686,13.943425720620844,False,Correctly Predicted Safe,True,False,0.4064836788407551,0.125,0.8373120201913976
27,6,5.0,7,DeMarcus Ware,52.0,Lindsay Arnold,7.5,0.0,95.09,,7,0.0491,7,12.0,False,Correctly Predicted Safe,False,11.529933481152993,9.514966740576495,False,Correctly Predicted Safe,True,False,0.5206410949125345,0.25,0.9211273530339679
27,6,6.0,9,Mary Lou Retton,49.0,Sasha Farber,1.41,0.0,11.35,,9,0.8865,9,15.0,False,Incorrectly Predicted Safe,False,10.864745011086471,6.137372505543237,True,Correctly Predicted Eliminated,True,True,0.6033310996709931,0.375,0.8757709251101322
27,6,7.0,1,Bobby Bones,43.0,Sharna Burgess,15.47,1.34,96.43,,4,0.0491,5,11.0,False,Correctly Predicted Safe,False,9.534368070953436,12.502184035476718,False,Correctly Predicted Safe,True,False,0.8324291511580209,0.75,0.8514039331159954
27,6,9.0,6,Joe Amabile,39.0,Jenna Johnson,11.04,2.23,97.32,,6,0.0491,6,15.0,True,Incorrectly Predicted Eliminated,False,8.647450110864744,9.843725055432373,False,Correctly Predicted Safe,True,False,0.6139029697989462,0.375,0.9073509306972342
27,6,7.0,8,John Schneider,43.0,Emma Slater,4.71,1.34,96.43,,8,0.0491,8,15.0,False,Correctly Predicted Safe,False,9.534368070953436,7.122184035476717,False,Correctly Predicted Safe,True,False,0.44245123512000045,0.125,0.9645598906299295
27,7,1.0,3,Evanna Lynch,29.5,Keo Motsepe,17.47,0.0,97.88,,1,0.0212,1,2.0,False,Correctly Predicted Safe,False,13.563218390804598,15.5166091954023,False,Correctly Predicted Safe,True,False,0.515274530241026,0.2857142857142857,0.8215161422149571
27,7,2.0,2,Milo Manheim,29.0,Witney Carson,17.47,0.0,97.88,,2,0.0212,2,4.0,False,Correctly Predicted Safe,False,13.333333333333334,15.401666666666667,False,Correctly Predicted Safe,True,False,0.3344558320096913,0.0,0.8215161422149571
27,7,3.0,5,Juan Pablo Di Pace,28.0,Cheryl Burke,13.28,0.0,97.88,,5,0.0212,5,8.0,False,Correctly Predicted Safe,False,12.873563218390805,13.076781609195402,False,Correctly Predicted Safe,True,False,0.5294354748317502,0.2857142857142857,0.8643236616264814
27,7,4.0,4,Alexis Ren,27.5,Alan Bersten,17.2,0.0,97.88,,4,0.0212,3,8.0,False,Correctly Predicted Safe,False,12.643678160919542,14.92183908045977,False,Correctly Predicted Safe,True,False,0.3350046283119197,0.0,0.8242746219861055
27,7,5.0,8,John Schneider,27.0,Emma Slater,1.71,0.0,12.57,,8,0.8743,8,13.0,True,Correctly Predicted Eliminated,False,12.413793103448276,7.061896551724137,True,Correctly Predicted Eliminated,True,True,0.6408960063227795,0.42857142857142855,0.863961813842482
27,7,6.0,7,DeMarcus Ware,26.5,Lindsay Arnold,5.64,0.24,14.61,,7,0.8563,7,13.0,False,Incorrectly Predicted Safe,False,12.183908045977011,8.911954022988505,True,Correctly Predicted Eliminated,True,True,0.3636215596231015,0.14285714285714285,0.6242171189979123
27,7,6.0,1,Bobby Bones,26.5,Sharna Burgess,17.47,0.25,98.13,,3,0.0212,4,9.0,False,Correctly Predicted Safe,False,12.183908045977011,14.826954022988506,False,Correctly Predicted Safe,True,False,0.8113058799101787,0.7142857142857143,0.8240702901512056
27,7,8.0,6,Joe Amabile,23.5,Jenna Johnson,9.76,1.63,99.51,,6,0.0212,6,14.0,True,Incorrectly Predicted Eliminated,False,10.804597701149426,10.282298850574712,False,Correctly Predicted Safe,True,False,0.5470190517128399,0.2857142857142857,0.9169391091131999
27,8,1.0,5,Juan Pablo Di Pace,30.0,Cheryl Burke,9.24,0.0,18.5,,5,0.815,5,6.0,False,Incorrectly Predicted Safe,False,18.633540372670808,13.936770186335403,True,Correctly Predicted Eliminated,True,True,0.7843951656398158,0.8,0.5005405405405405
27,8,2.0,3,Evanna Lynch,29.0,Keo Motsepe,23.1,0.63,93.14,,3,0.0749,1,5.0,False,Correctly Predicted Safe,False,18.012422360248447,20.556211180124222,False,Correctly Predicted Safe,True,False,0.432967498054844,0.2,0.7571073397470544
27,8,2.0,4,Alexis Ren,29.0,Alan Bersten,16.25,0.63,93.14,,4,0.0749,4,6.0,False,Correctly Predicted Safe,False,18.012422360248447,17.131211180124225,False,Correctly Predicted Safe,True,False,0.607929237792814,0.4,0.83115338882283
27,8,4.0,2,Milo Manheim,27.5,Witney Carson,23.99,1.56,94.07,,1,0.0749,2,5.0,False,Correctly Predicted Safe,False,17.080745341614907,20.53537267080745,False,Correctly Predicted Safe,True,False,0.583168365088061,0.4,0.7575397254350881
27,8,5.0,6,Joe Amabile,23.0,Jenna Johnson,3.43,0.0,19.03,,6,0.8097,6,11.0,True,Correctly Predicted Eliminated,False,14.285714285714285,8.857857142857142,True,Correctly Predicted Eliminated,True,True,0.45145411521193585,0.2,0.8197582764056752
27,8,6.0,1,Bobby Bones,22.5,Sharna Burgess,23.99,4.67,97.17,,2,0.0749,3,8.0,True,Incorrectly Predicted Eliminated,False,13.975155279503104,18.98257763975155,False,Correctly Predicted Safe,True,False,0.8992947675682663,1.0,0.7911351351351351
27,9,1.0,3,Evanna Lynch,30.0,Keo Motsepe,20.51,0.0,32.46,,3,0.6754,3,4.0,True,Correctly Predicted Eliminated,False,25.97402597402597,23.242012987012984,True,Correctly Predicted Eliminated,True,True,0.6602340680033878,0.6666666666666666,0.3681454097350585
27,9,1.0,2,Milo Manheim,30.0,Witney Carson,35.53,0.01,48.7,,2,0.5131,2,3.0,False,Incorrectly Predicted Safe,False,25.97402597402597,30.752012987012986,True,Correctly Predicted Eliminated,True,True,0.3854667246073423,0.3333333333333333,0.270486752926679
27,9,3.0,4,Alexis Ren,28.5,Alan Bersten,5.82,0.0,25.31,,4,0.7469,4,7.0,True,Correctly Predicted Eliminated,False,24.675324675324678,15.247662337662335,True,Correctly Predicted Eliminated,True,True,0.5350445704999374,0.3333333333333333,0.7700513630975898
27,9,4.0,1,Bobby Bones,27.0,Sharna Burgess,38.14,26.64,99.99,,1,0.2665,1,5.0,True,Incorrectly Predicted Eliminated,False,23.37662337662337,30.75831168831169,False,Correctly Predicted Safe,True,False,0.9035512605160179,1.0,0.8432174505794138
28,2,1.0,1,Hannah Brown,44.0,Alan Bersten,32.22,2.69,32.22,1.0,1,0.7046,1,2.0,False,Correctly Predicted Safe,False,10.576923076923077,21.39846153846154,False,Correctly Predicted Safe,False,False,0.2355694048831751,0.0,0.0
28,2,4.0,7,Kate Flannery,36.0,Pasha Pashkov,3.22,2.69,32.22,10.0,10,0.7046,7,14.0,False,Correctly Predicted Safe,False,8.653846153846153,5.936923076923077,False,Correctly Predicted Safe,False,False,0.5587255568435837,0.2727272727272727,0.9820521503555706
28,2,2.0,5,James Van Der Beek,41.0,Emma Slater,4.03,2.69,32.22,8.0,8,0.7046,5,10.0,False,Correctly Predicted Safe,False,9.85576923076923,6.942884615384616,False,Correctly Predicted Safe,False,False,0.5494972196313104,0.2727272727272727,0.9546224178801219
28,2,4.0,2,Kel Mitchell,36.0,Witney Carson,16.11,2.69,32.22,2.0,2,0.7046,2,6.0,False,Correctly Predicted Safe,False,8.653846153846153,12.381923076923076,False,Correctly Predicted Safe,False,False,0.36645724745969044,0.18181818181818182,0.5455469014561463
28,2,4.0,3,Ally Brooke,36.0,Sasha Farber,8.06,2.69,32.22,4.0,4,0.7046,3,8.0,False,Correctly Predicted Safe,False,8.653846153846153,8.356923076923078,False,Correctly Predicted Safe,False,False,0.3809826220409499,0.09090909090909091,0.8181510328479512
28,2,3.0,4,Lauren Alaina,38.0,Gleb Savchenko,6.44,2.69,32.22,5.0,5,0.7046,4,8.0,False,Correctly Predicted Safe,False,9.134615384615383,7.787307692307692,False,Correctly Predicted Safe,False,False,0.39488539470280376,0.09090909090909091,0.8730104977988487
28,2,4.0,8,Karamo Brown,36.0,Jenna Johnson,3.58,2.69,32.22,9.0,9,0.7046,6,13.0,False,Correctly Predicted Safe,False,8.653846153846153,6.116923076923077,False,Correctly Predicted Safe,False,False,0.6258761373872623,0.36363636363636365,0.9698611581442601
28,2,4.0,9,Sailor Brinkley-Cook,36.0,Valentin Chmerkovskiy,2.93,2.69,32.22,11.0,11,0.7046,9,15.0,False,Correctly Predicted Safe,False,8.653846153846153,5.7919230769230765,False,Correctly Predicted Safe,False,False,0.7002190416249374,0.45454545454545453,0.9918726718591263
28,2,11.0,6,Sean Spicer,28.0,Lindsay Arnold,10.74,2.69,32.22,3.0,3,0.7046,8,14.0,False,Correctly Predicted Safe,False,6.730769230769231,8.735384615384616,False,Correctly Predicted Safe,False,False,0.6157886447372206,0.45454545454545453,0.7273958686081949
28,2,10.0,11,Ray Lewis,30.0,Cheryl Burke,5.37,2.93,10.74,6.0,6,0.9219,10,16.0,False,Incorrectly Predicted Safe,False,7.211538461538461,6.2907692307692304,False,Incorrectly Predicted Safe,False,True,0.3506919838129367,0.09090909090909091,0.6875800256081946
28,2,9.0,12,Mary Wilson,32.0,Brandon Armstrong,2.69,2.69,8.06,12.0,12,0.9463,12,21.0,True,Correctly Predicted Eliminated,False,7.6923076923076925,5.191153846153847,True,Correctly Predicted Eliminated,False,True,0.5647752622059878,0.2727272727272727,1.0
28,2,12.0,10,Lamar Odom,23.0,Peta Murgatroyd,4.6,2.69,32.22,7.0,7,0.7046,11,19.0,True,Incorrectly Predicted Eliminated,False,5.528846153846153,5.0644230769230765,True,Incorrectly Predicted Eliminated,False,False,0.47391342789624397,0.18181818181818182,0.935320013545547
28,4,4.0,2,Kel Mitchell,52.0,Witney Carson,17.07,3.41,34.14,2.0,2,0.6927,2,6.0,False,Correctly Predicted Safe,True,10.833333333333334,13.951666666666668,False,Correctly Predicted Safe,True,False,0.39200953636287134,0.2222222222222222,0.5554832411324439
28,4,4.0,4,Lauren Alaina,52.0,Gleb Savchenko,6.83,3.41,34.14,5.0,5,0.6927,4,9.0,False,Correctly Predicted Safe,True,10.833333333333334,8.831666666666667,False,Correctly Predicted Safe,True,False,0.34832335856642127,0.0,0.8887081028311097
28,4,1.0,3,Ally Brooke,56.0,Sasha Farber,5.69,3.41,34.14,6.0,6,0.6927,3,7.0,False,Correctly Predicted Safe,True,11.666666666666666,8.678333333333333,False,Correctly Predicted Safe,True,False,0.5009451635389903,0.2222222222222222,0.9258054018874065
28,4,3.0,1,Hannah Brown,53.0,Alan Bersten,34.14,3.41,34.14,1.0,1,0.6927,1,4.0,False,Correctly Predicted Safe,True,11.041666666666666,22.59083333333333,False,Correctly Predicted Safe,True,False,0.2842843320060176,0.2222222222222222,0.0
28,4,2.0,9,Sailor Brinkley-Cook,54.0,Valentin Chmerkovskiy,3.41,3.41,34.14,10.0,10,0.6927,6,12.0,False,Correctly Predicted Safe,True,11.25,7.33,False,Correctly Predicted Safe,True,False,0.8657156679939824,0.7777777777777778,1.0
28,4,6.0,5,James Van Der Beek,51.0,Emma Slater,8.54,3.41,34.14,4.0,4,0.6927,5,10.0,False,Correctly Predicted Safe,True,10.625,9.5825,False,Correctly Predicted Safe,True,False,0.3967579297408271,0.1111111111111111,0.8330621542466645
28,4,8.0,8,Karamo Brown,44.0,Jenna Johnson,4.27,3.41,34.14,8.0,8,0.6927,9,16.0,False,Correctly Predicted Safe,True,9.166666666666666,6.718333333333333,False,Correctly Predicted Safe,True,False,0.3669765237789169,0.0,0.9720143182557761
28,4,7.0,7,Kate Flannery,50.0,Pasha Pashkov,4.88,3.41,34.14,7.0,7,0.6927,8,14.0,False,Correctly Predicted Safe,True,10.416666666666668,7.648333333333333,False,Correctly Predicted Safe,True,False,0.36238463473496135,0.0,0.9521640091116174
28,4,9.0,6,Sean Spicer,36.0,Lindsay Arnold,11.38,3.41,34.14,3.0,3,0.6927,7,12.0,False,Correctly Predicted Safe,True,7.5,9.44,False,Correctly Predicted Safe,True,False,0.5252622349581646,0.3333333333333333,0.7406443215099252
28,4,10.0,10,Lamar Odom,32.0,Peta Murgatroyd,3.79,3.41,34.14,9.0,9,0.6927,10,19.0,True,Correctly Predicted Eliminated,True,6.666666666666667,5.2283333333333335,True,Correctly Predicted Eliminated,True,True,0.37065444646447443,0.0,0.987634233647901
28,6,4.0,7,Kate Flannery,51.0,Pasha Pashkov,5.89,3.93,35.35,6.0,6,0.6858,6,10.0,False,Correctly Predicted Safe,False,11.512415349887132,8.701207674943566,False,Correctly Predicted Safe,False,False,0.623977654983159,0.375,0.9376193507320179
28,6,1.0,5,James Van Der Beek,53.0,Emma Slater,5.05,3.93,35.35,7.0,7,0.6858,4,8.0,False,Correctly Predicted Safe,False,11.96388261851016,8.50694130925508,False,Correctly Predicted Safe,False,False,0.7231907946176119,0.5,0.9643539147040102
28,6,4.0,9,Sailor Brinkley-Cook,51.0,Valentin Chmerkovskiy,3.93,3.93,5.89,9.0,9,0.9804,8,13.0,False,Incorrectly Predicted Safe,False,11.512415349887132,7.7212076749435665,False,Incorrectly Predicted Safe,False,True,0.8045907966321051,0.625,1.0
28,6,2.0,2,Kel Mitchell,52.0,Witney Carson,7.07,3.93,35.35,5.0,5,0.6858,2,7.0,False,Correctly Predicted Safe,False,11.738148984198643,9.404074492099324,False,Correctly Predicted Safe,False,False,0.35077055142607055,0.0,0.9000636537237429
28,6,6.0,4,Lauren Alaina,49.0,Gleb Savchenko,17.67,3.93,35.35,2.0,2,0.6858,5,8.0,False,Correctly Predicted Safe,False,11.060948081264108,14.365474040632057,False,Correctly Predicted Safe,False,False,0.41110851286596667,0.25,0.5626989178866963
28,6,2.0,3,Ally Brooke,52.0,Sasha Farber,8.84,3.93,35.35,4.0,4,0.6858,1,6.0,False,Correctly Predicted Safe,False,11.738148984198643,10.289074492099322,False,Correctly Predicted Safe,False,False,0.4082168408562705,0.125,0.8437301082113304
28,6,8.0,8,Karamo Brown,46.0,Jenna Johnson,4.42,3.93,35.35,8.0,8,0.6858,9,16.0,True,Incorrectly Predicted Eliminated,False,10.383747178329571,7.4018735891647855,True,Incorrectly Predicted Eliminated,False,False,0.36988937973131597,0.0,0.9844048376830045
28,6,6.0,1,Hannah Brown,49.0,Alan Bersten,35.35,3.93,35.35,1.0,1,0.6858,3,7.0,False,Correctly Predicted Safe,False,11.060948081264108,23.20547404063205,False,Correctly Predicted Safe,False,False,0.5055000500344478,0.625,0.0
28,6,9.0,6,Sean Spicer,40.0,Lindsay Arnold,11.78,3.93,35.35,3.0,3,0.6858,7,12.0,False,Correctly Predicted Safe,False,9.029345372460496,10.40467268623025,False,Correctly Predicted Safe,False,False,0.560997720752169,0.375,0.7501591343093571
28,7,1.0,5,James Van Der Beek,27.0,Emma Slater,5.26,4.6,36.79,7.0,7,0.6781,5,8.0,False,Correctly Predicted Safe,True,13.366336633663368,9.313168316831684,False,Correctly Predicted Safe,True,False,0.7714208595869736,0.5714285714285714,0.9794967381174278
28,7,1.0,4,Lauren Alaina,27.0,Gleb Savchenko,6.13,4.6,36.79,6.0,6,0.6781,3,7.0,False,Correctly Predicted Safe,True,13.366336633663368,9.748168316831684,False,Correctly Predicted Safe,True,False,0.6693860143675193,0.42857142857142855,0.9524697110904007
28,7,1.0,3,Ally Brooke,27.0,Sasha Farber,12.26,4.6,36.79,3.0,3,0.6781,1,4.0,False,Correctly Predicted Safe,True,13.366336633663368,12.813168316831684,False,Correctly Predicted Safe,True,False,0.4958935680236657,0.2857142857142857,0.7620378999689345
28,7,4.0,1,Hannah Brown,26.0,Alan Bersten,36.79,4.6,36.79,1.0,1,0.6781,2,5.0,False,Correctly Predicted Safe,True,12.871287128712872,24.83064356435644,False,Correctly Predicted Safe,True,False,0.3736064123757368,0.42857142857142855,0.0
28,7,5.0,2,Kel Mitchell,25.5,Witney Carson,18.4,4.6,36.79,2.0,2,0.6781,4,7.0,False,Correctly Predicted Safe,True,12.623762376237623,15.51188118811881,False,Correctly Predicted Safe,True,False,0.5428910242903802,0.42857142857142855,0.5712954333643989
28,7,6.0,8,Karamo Brown,24.5,Jenna Johnson,4.6,4.6,12.26,8.0,8,0.9233,8,14.0,True,Correctly Predicted Eliminated,True,12.128712871287128,8.364356435643565,True,Correctly Predicted Eliminated,True,True,0.575,0.2857142857142857,1.0
28,7,7.0,7,Kate Flannery,24.0,Pasha Pashkov,7.36,4.6,36.79,5.0,5,0.6781,6,12.0,False,Correctly Predicted Safe,True,11.88118811881188,9.62059405940594,False,Correctly Predicted Safe,True,False,0.3538720828174342,0.0,0.9142590866728797
28,7,8.0,6,Sean Spicer,21.0,Lindsay Arnold,9.2,4.6,36.79,4.0,4,0.6781,7,12.0,False,Correctly Predicted Safe,True,10.396039603960396,9.798019801980198,False,Correctly Predicted Safe,True,False,0.5270349067723532,0.2857142857142857,0.857098477788133
28,8,1.0,5,James Van Der Beek,31.9998,Emma Slater,5.51,5.51,38.57,7.0,7,0.6694,4,8.0,False,Correctly Predicted Safe,False,16.58027598041857,11.045137990209284,False,Correctly Predicted Safe,False,False,0.8240137888504433,0.6666666666666666,1.0
28,8,2.0,1,Hannah Brown,30.9998,Alan Bersten,9.64,5.51,38.57,4.0,4,0.6694,2,6.0,False,Correctly Predicted Safe,False,16.062139117675102,12.851069558837551,False,Correctly Predicted Safe,False,False,0.44474211732572844,0.16666666666666666,0.8750756200846945
28,8,3.0,3,Ally Brooke,30.0,Sasha Farber,12.86,5.51,38.57,3.0,3,0.6694,3,6.0,False,Correctly Predicted Safe,False,15.544105882304176,14.202052941152086,False,Correctly Predicted Safe,False,False,0.3259671881862738,0.0,0.7776769509981851
28,8,4.0,2,Kel Mitchell,29.9998,Witney Carson,38.57,5.51,38.57,1.0,1,0.6694,1,5.0,False,Correctly Predicted Safe,False,15.544002254931629,27.057001127465814,False,Correctly Predicted Safe,False,False,0.3259862111495566,0.3333333333333333,0.0
28,8,5.0,7,Kate Flannery,25.9998,Pasha Pashkov,6.43,5.51,12.86,6.0,6,0.9265,6,11.0,False,Incorrectly Predicted Safe,False,13.471454803957736,9.950727401978869,False,Incorrectly Predicted Safe,False,True,0.5702553552439231,0.3333333333333333,0.8748299319727891
28,8,6.0,4,Lauren Alaina,24.0,Gleb Savchenko,19.28,5.51,38.57,2.0,2,0.6694,5,8.0,False,Correctly Predicted Safe,False,12.43528470584334,15.85764235292167,False,Correctly Predicted Safe,False,False,0.4744456784530363,0.3333333333333333,0.5834845735027223
28,8,7.0,6,Sean Spicer,20.0,Lindsay Arnold,7.71,5.51,38.57,5.0,5,0.6694,7,12.0,True,Incorrectly Predicted Eliminated,False,10.362737254869453,9.036368627434726,True,Incorrectly Predicted Eliminated,False,False,0.46237323877740993,0.16666666666666666,0.9334543254688445
28,9,1.0,3,Ally Brooke,40.0,Sasha Farber,8.16,6.8,40.82,5.0,5,0.6599,3,6.0,False,Correctly Predicted Safe,True,19.18465227817746,13.67232613908873,False,Correctly Predicted Safe,True,False,0.6504637798051891,0.4,0.9600235155790712
28,9,2.0,2,Kel Mitchell,37.0,Witney Carson,20.41,6.8,40.82,2.0,2,0.6599,1,4.0,False,Correctly Predicted Safe,True,17.74580335731415,19.077901678657074,False,Correctly Predicted Safe,True,False,0.29588732485082725,0.0,0.5999412110523222
28,9,3.0,5,James Van Der Beek,36.0,Emma Slater,6.8,6.8,40.82,6.0,6,0.6599,5,9.0,False,Correctly Predicted Safe,True,17.26618705035971,12.033093525179856,False,Correctly Predicted Safe,True,False,0.6633109060769367,0.4,1.0
28,9,4.0,1,Hannah Brown,35.5,Alan Bersten,40.82,6.8,40.82,1.0,1,0.6599,2,5.0,False,Correctly Predicted Safe,True,17.026378896882495,28.92318944844125,False,Correctly Predicted Safe,True,False,0.4866890939230633,0.6,0.0
28,9,5.0,4,Lauren Alaina,35.0,Gleb Savchenko,13.61,6.8,40.82,3.0,3,0.6599,4,8.0,False,Correctly Predicted Safe,True,16.786570743405278,15.19828537170264,False,Correctly Predicted Safe,True,False,0.44549230987774036,0.2,0.7998236331569666
28,9,6.0,6,Sean Spicer,25.0,Lindsay Arnold,10.2,6.8,40.82,4.0,4,0.6599,6,10.0,True,Correctly Predicted Eliminated,True,11.990407673860911,11.095203836930455,True,Correctly Predicted Eliminated,True,True,0.35076949659568946,0.0,0.9000587889476779
28,10,1.0,3,Ally Brooke,29.5,Sasha Farber,14.6,8.76,43.8,3.0,3,0.6496,1,4.0,False,Correctly Predicted Safe,True,21.454545454545453,18.027272727272727,False,Correctly Predicted Safe,True,False,0.6842422296693466,0.5,0.8333333333333334
28,10,2.0,2,Kel Mitchell,28.5,Witney Carson,21.9,8.76,43.8,2.0,2,0.6496,2,4.0,False,Correctly Predicted Safe,True,20.727272727272727,21.313636363636363,False,Correctly Predicted Safe,True,False,0.29972318014837196,0.0,0.625
28,10,3.0,4,Lauren Alaina,27.0,Gleb Savchenko,10.95,8.76,43.8,4.0,4,0.6496,4,7.0,False,Correctly Predicted Safe,True,19.63636363636364,15.293181818181818,False,Correctly Predicted Safe,True,False,0.526061939324675,0.25,0.9375
28,10,3.0,1,Hannah Brown,27.0,Alan Bersten,43.8,8.76,43.8,1.0,1,0.6496,3,4.0,False,Correctly Predicted Safe,True,19.63636363636364,31.71818181818182,False,Correctly Predicted Safe,True,False,0.416787873031247,0.5,0.0
28,10,5.0,5,James Van Der Beek,25.5,Emma Slater,8.76,8.76,43.8,5.0,5,0.6496,5,10.0,True,Correctly Predicted Eliminated,True,18.545454545454547,13.652727272727272,True,Correctly Predicted Eliminated,True,True,0.3736064123757368,0.0,1.0
28,11,1.0,3,Ally Brooke,30.0,Sasha Farber,16.0,12.0,16.0,3.0,3,0.96,1,4.0,True,Correctly Predicted Eliminated,True,25.64102564102564,20.820512820512818,True,Correctly Predicted Eliminated,True,True,0.5376245020156416,0.6666666666666666,0.0
28,11,2.0,2,Kel Mitchell,29.5,Witney Carson,24.0,16.0,24.0,2.0,2,0.92,2,4.0,True,Correctly Predicted Eliminated,True,25.213675213675213,24.60683760683761,True,Correctly Predicted Eliminated,True,True,0.2355694048831751,0.0,0.0
28,11,3.0,1,Hannah Brown,29.0,Alan Bersten,48.0,24.0,48.0,1.0,1,0.76,3,4.0,False,Correctly Predicted Safe,True,24.786324786324787,36.39316239316239,False,Correctly Predicted Safe,True,False,0.5376245020156416,0.6666666666666666,0.0
28,11,4.0,4,Lauren Alaina,28.5,Gleb Savchenko,12.0,12.0,48.0,4.0,4,0.64,4,8.0,True,Correctly Predicted Eliminated,True,24.35897435897436,18.17948717948718,True,Correctly Predicted Eliminated,True,True,0.3736064123757368,0.0,1.0
29,2,1.0,1,Kaitlyn Bristowe,42.0,Artem Chigvintsev,15.07,2.01,30.14,2.0,2,0.7187,1,3.0,False,Correctly Predicted Safe,False,7.879924953095685,11.474962476547844,False,Correctly Predicted Safe,False,False,0.28662963951457243,0.0,0.5357269818698898
29,2,1.0,4,Justina Machado,42.0,Sasha Farber,4.31,2.01,30.14,7.0,7,0.7187,3,8.0,False,Correctly Predicted Safe,False,7.879924953095685,6.094962476547842,False,Correctly Predicted Safe,False,False,0.4925246912343231,0.21428571428571427,0.9182367579097049
29,2,3.0,2,Nev Schulman,41.0,Jenna Johnson,7.53,2.01,30.14,4.0,4,0.7187,2,7.0,False,Correctly Predicted Safe,False,7.6923076923076925,7.611153846153846,False,Correctly Predicted Safe,False,False,0.3666077914789138,0.07142857142857142,0.8037682189832919
29,2,4.0,12,Jesse Metcalfe,38.0,Sharna Burgess,2.32,2.01,30.14,13.0,13,0.7187,9,17.0,False,Correctly Predicted Safe,False,7.129455909943714,4.724727954971857,False,Correctly Predicted Safe,False,False,0.7737329037401808,0.5714285714285714,0.9889797369356559
29,2,5.0,7,AJ McLean,37.0,Cheryl Burke,3.77,2.01,30.14,8.0,8,0.7187,6,13.0,False,Correctly Predicted Safe,False,6.941838649155723,5.355919324577862,False,Correctly Predicted Safe,False,False,0.44676513451370753,0.14285714285714285,0.9374333451830785
29,2,6.0,13,Anne Heche,36.0,Keo Motsepe,2.01,2.01,30.14,15.0,15,0.7187,13,21.0,False,Correctly Predicted Safe,False,6.75422138836773,4.382110694183865,False,Correctly Predicted Safe,False,False,0.7332121269687528,0.5,1.0
29,2,13.0,8,Chrishell Stause,31.0,Gleb Savchenko,10.05,2.01,30.14,3.0,3,0.7187,8,16.0,False,Correctly Predicted Safe,False,5.816135084427768,7.933067542213884,False,Correctly Predicted Safe,False,False,0.5349405816347913,0.35714285714285715,0.7141841450408817
29,2,10.0,11,Veron Davis,35.0,Peta Murgatroyd,3.35,2.01,30.14,9.0,9,0.7187,11,19.0,False,Correctly Predicted Safe,False,6.566604127579738,4.958302063789869,False,Correctly Predicted Safe,False,False,0.40381504008383606,0.07142857142857142,0.9523640241734803
29,2,6.0,6,Johnny Weir,36.0,Britt Stewart,5.02,2.01,30.14,6.0,6,0.7187,5,12.0,False,Correctly Predicted Safe,False,6.75422138836773,5.887110694183865,False,Correctly Predicted Safe,False,False,0.3492440660664921,0.0,0.8929968005687878
29,2,12.0,3,Nelly,34.0,Daniella Karagach,30.14,2.01,30.14,1.0,1,0.7187,7,13.0,False,Correctly Predicted Safe,False,6.378986866791744,18.25949343339587,False,Correctly Predicted Safe,False,False,0.5191681123912558,0.6428571428571429,0.0
29,2,6.0,9,Jeannie Mai,36.0,Brandon Armstrong,2.51,2.01,30.14,12.0,12,0.7187,10,18.0,False,Correctly Predicted Safe,False,6.75422138836773,4.632110694183865,False,Correctly Predicted Safe,False,False,0.5133165916752609,0.21428571428571427,0.9822253821542837
29,2,14.0,14,Carole Baskin,27.0,Pasha Pashkov,2.15,2.01,30.14,14.0,14,0.7187,15,28.0,True,Incorrectly Predicted Eliminated,False,5.065666041275797,3.607833020637899,True,Incorrectly Predicted Eliminated,False,False,0.3724140504869821,0.0,0.9950231070031994
29,2,10.0,10,Monica Aldama,35.0,Valentin Chmerkovskiy,3.01,2.01,30.14,10.0,10,0.7187,12,20.0,False,Correctly Predicted Safe,False,6.566604127579738,4.788302063789869,False,Correctly Predicted Safe,False,False,0.3652160277400805,0.0,0.9644507643085674
29,2,6.0,5,Skai Jackson,36.0,Alan Bersten,6.03,2.01,30.14,5.0,5,0.7187,4,11.0,False,Correctly Predicted Safe,False,6.75422138836773,6.392110694183865,False,Correctly Predicted Safe,False,False,0.37937764698670207,0.07142857142857142,0.8570920725204408
29,2,14.0,15,Charles Oakley,27.0,Emma Slater,2.74,2.01,15.07,11.0,11,0.8694,14,25.0,False,Incorrectly Predicted Safe,False,5.065666041275797,3.9028330206378983,False,Incorrectly Predicted Safe,False,True,0.40161575173810604,0.07142857142857142,0.944104134762634
29,3,1.0,6,Johnny Weir,24.0,Britt Stewart,2.8,2.2,30.75,11.0,11,0.7144,5,12.0,False,Correctly Predicted Safe,True,8.540925266903916,5.670462633451958,False,Correctly Predicted Safe,True,False,0.6449626728339927,0.38461538461538464,0.978984238178634
29,3,1.0,2,Nev Schulman,24.0,Jenna Johnson,7.69,2.2,30.75,4.0,4,0.7144,1,5.0,False,Correctly Predicted Safe,True,8.540925266903916,8.115462633451958,False,Correctly Predicted Safe,True,False,0.3705497621337659,0.07692307692307693,0.8077057793345008
29,3,3.0,1,Kaitlyn Bristowe,23.0,Artem Chigvintsev,6.15,2.2,30.75,5.0,5,0.7144,2,8.0,False,Correctly Predicted Safe,True,8.185053380782918,7.167526690391459,False,Correctly Predicted Safe,True,False,0.4320568774071888,0.15384615384615385,0.861646234676007
29,3,4.0,8,Chrishell Stause,22.0,Gleb Savchenko,2.56,2.2,30.75,12.0,12,0.7144,9,16.0,False,Correctly Predicted Safe,True,7.829181494661921,5.1945907473309605,False,Correctly Predicted Safe,True,False,0.5880467326443817,0.3076923076923077,0.9873905429071804
29,3,4.0,11,Veron Davis,22.0,Peta Murgatroyd,4.39,2.2,30.75,7.0,7,0.7144,3,11.0,False,Correctly Predicted Safe,True,7.829181494661921,6.1095907473309605,False,Correctly Predicted Safe,True,False,0.7368106834275867,0.5384615384615384,0.923292469352014
29,3,4.0,9,Jeannie Mai,22.0,Brandon Armstrong,2.2,2.2,30.75,14.0,14,0.7144,10,18.0,False,Correctly Predicted Safe,True,7.829181494661921,5.014590747330961,False,Correctly Predicted Safe,True,False,0.6517837273141156,0.38461538461538464,1.0
29,3,7.0,7,AJ McLean,21.0,Cheryl Burke,5.13,2.2,30.75,6.0,6,0.7144,6,13.0,False,Correctly Predicted Safe,True,7.473309608540925,6.301654804270463,False,Correctly Predicted Safe,True,False,0.35018798603219004,0.0,0.8973730297723292
29,3,7.0,10,Monica Aldama,21.0,Valentin Chmerkovskiy,2.37,2.2,30.75,13.0,13,0.7144,12,20.0,False,Correctly Predicted Safe,True,7.473309608540925,4.921654804270462,False,Correctly Predicted Safe,True,False,0.5299399019066757,0.23076923076923078,0.9940455341506129
29,3,9.0,12,Jesse Metcalfe,20.0,Sharna Burgess,3.08,2.2,30.75,10.0,10,0.7144,11,19.0,False,Correctly Predicted Safe,True,7.11743772241993,5.098718861209965,False,Correctly Predicted Safe,True,False,0.5216914773274391,0.23076923076923078,0.9691768826619965
29,3,10.0,4,Justina Machado,19.0,Sasha Farber,30.75,2.2,30.75,1.0,1,0.7144,4,11.0,False,Correctly Predicted Safe,True,6.761565836298933,18.755782918149468,False,Correctly Predicted Safe,True,False,0.3927616718652764,0.46153846153846156,0.0
29,3,11.0,5,Skai Jackson,18.0,Alan Bersten,10.25,2.2,30.75,3.0,3,0.7144,8,14.0,False,Correctly Predicted Safe,True,6.405693950177936,8.327846975088967,False,Correctly Predicted Safe,True,False,0.6181081356041858,0.46153846153846156,0.7180385288966724
29,3,11.0,3,Nelly,18.0,Daniella Karagach,15.38,2.2,30.75,2.0,2,0.7144,7,13.0,False,Correctly Predicted Safe,True,6.405693950177936,10.892846975088968,False,Correctly Predicted Safe,True,False,0.6762368785426476,0.6153846153846154,0.538353765323993
29,3,13.0,13,Anne Heche,15.0,Keo Motsepe,3.42,2.2,30.75,9.0,9,0.7144,13,22.0,False,Correctly Predicted Safe,True,5.338078291814947,4.379039145907473,False,Correctly Predicted Safe,True,False,0.36355651849382936,0.0,0.9572679509632225
29,3,14.0,14,Carole Baskin,12.0,Pasha Pashkov,3.84,2.2,30.75,8.0,8,0.7144,14,22.0,True,Correctly Predicted Eliminated,True,4.270462633451958,4.055231316725979,True,Correctly Predicted Eliminated,True,True,0.36019532785569397,0.0,0.9425569176882662
29,4,1.0,5,Skai Jackson,28.0,Alan Bersten,3.49,2.42,31.45,9.0,9,0.7097,5,10.0,False,Correctly Predicted Safe,True,9.30232558139535,6.396162790697675,False,Correctly Predicted Safe,True,False,0.6000230433818017,0.3333333333333333,0.9631415776782638
29,4,2.0,1,Kaitlyn Bristowe,25.0,Artem Chigvintsev,31.45,2.42,31.45,1.0,1,0.7097,1,3.0,False,Correctly Predicted Safe,True,8.305647840531561,19.87782392026578,False,Correctly Predicted Safe,True,False,0.2494917571184141,0.08333333333333333,0.0
29,4,3.0,4,Justina Machado,24.0,Sasha Farber,6.29,2.42,31.45,5.0,5,0.7097,4,8.0,False,Correctly Predicted Safe,True,7.973421926910299,7.131710963455149,False,Correctly Predicted Safe,True,False,0.38871954681083615,0.08333333333333333,0.8666896314157768
29,4,3.0,6,Johnny Weir,24.0,Britt Stewart,7.86,2.42,31.45,4.0,4,0.7097,3,7.0,False,Correctly Predicted Safe,True,7.973421926910299,7.91671096345515,False,Correctly Predicted Safe,True,False,0.4853962661467937,0.25,0.8126076472614536
29,4,3.0,2,Nev Schulman,24.0,Jenna Johnson,10.48,2.42,31.45,3.0,3,0.7097,2,6.0,False,Correctly Predicted Safe,True,7.973421926910299,9.22671096345515,False,Correctly Predicted Safe,True,False,0.3544323472841944,0.08333333333333333,0.7223561832586979
29,4,3.0,7,AJ McLean,24.0,Cheryl Burke,4.49,2.42,31.45,7.0,7,0.7097,6,10.0,False,Correctly Predicted Safe,True,7.973421926910299,6.23171096345515,False,Correctly Predicted Safe,True,False,0.5884286338115137,0.3333333333333333,0.9286944540130899
29,4,3.0,10,Monica Aldama,24.0,Valentin Chmerkovskiy,2.86,2.42,31.45,11.0,11,0.7097,8,14.0,False,Correctly Predicted Safe,True,7.973421926910299,5.41671096345515,False,Correctly Predicted Safe,True,False,0.7794061188340158,0.5833333333333334,0.9848432655873235
29,4,8.0,8,Chrishell Stause,22.0,Gleb Savchenko,3.93,2.42,31.45,8.0,8,0.7097,9,16.0,False,Correctly Predicted Safe,True,7.308970099667775,5.619485049833887,False,Correctly Predicted Safe,True,False,0.3614296163776263,0.0,0.9479848432655873
29,4,8.0,11,Veron Davis,22.0,Peta Murgatroyd,2.62,2.42,31.45,12.0,12,0.7097,11,20.0,False,Correctly Predicted Safe,True,7.308970099667775,4.964485049833888,False,Correctly Predicted Safe,True,False,0.5446165677233704,0.25,0.9931105752669652
29,4,10.0,13,Anne Heche,21.0,Keo Motsepe,2.42,2.42,7.86,13.0,13,0.9456,13,23.0,True,Correctly Predicted Eliminated,True,6.976744186046512,4.698372093023256,True,Correctly Predicted Eliminated,True,True,0.5469276159921878,0.25,1.0
29,4,10.0,12,Jesse Metcalfe,21.0,Sharna Burgess,3.14,2.42,31.45,10.0,10,0.7097,12,20.0,False,Correctly Predicted Safe,True,6.976744186046512,5.058372093023256,False,Correctly Predicted Safe,True,False,0.47533104121322983,0.16666666666666666,0.9751980709610747
29,4,10.0,3,Nelly,21.0,Daniella Karagach,15.72,2.42,31.45,2.0,2,0.7097,7,12.0,False,Correctly Predicted Safe,True,6.976744186046512,11.348372093023256,False,Correctly Predicted Safe,True,False,0.6535695248779303,0.5833333333333334,0.5418532552531863
29,4,10.0,9,Jeannie Mai,21.0,Brandon Armstrong,5.24,2.42,31.45,6.0,6,0.7097,10,16.0,False,Correctly Predicted Safe,True,6.976744186046512,6.108372093023256,False,Correctly Predicted Safe,True,False,0.3980622927407039,0.08333333333333333,0.9028591112642095
29,5,1.0,6,Johnny Weir,29.0,Britt Stewart,2.93,2.69,32.22,11.0,11,0.7046,7,12.0,False,Correctly Predicted Safe,False,10.104529616724738,6.517264808362369,False,Correctly Predicted Safe,False,False,0.7002190416249374,0.45454545454545453,0.9918726718591263
29,5,2.0,1,Kaitlyn Bristowe,27.0,Artem Chigvintsev,10.74,2.69,32.22,3.0,3,0.7046,1,5.0,False,Correctly Predicted Safe,False,9.40766550522648,10.07383275261324,False,Correctly Predicted Safe,False,False,0.3595070901829409,0.09090909090909091,0.7273958686081949
29,5,3.0,2,Nev Schulman,26.0,Jenna Johnson,16.11,2.69,32.22,2.0,2,0.7046,2,5.0,False,Correctly Predicted Safe,False,9.059233449477352,12.584616724738677,False,Correctly Predicted Safe,False,False,0.3222373609568566,0.09090909090909091,0.5455469014561463
29,5,3.0,10,Monica Aldama,26.0,Valentin Chmerkovskiy,4.03,2.69,32.22,8.0,8,0.7046,5,11.0,False,Correctly Predicted Safe,False,9.059233449477352,6.544616724738676,False,Correctly Predicted Safe,False,False,0.8005695783757134,0.6363636363636364,0.9546224178801219
29,5,5.0,5,Skai Jackson,24.0,Alan Bersten,5.37,2.69,32.22,6.0,6,0.7046,6,11.0,False,Correctly Predicted Safe,False,8.362369337979095,6.866184668989547,False,Correctly Predicted Safe,False,False,0.3527711533619471,0.0,0.9092448357602438
29,5,5.0,4,Justina Machado,24.0,Sasha Farber,8.06,2.69,32.22,4.0,4,0.7046,4,9.0,False,Correctly Predicted Safe,False,8.362369337979095,8.211184668989548,False,Correctly Predicted Safe,False,False,0.3809826220409499,0.09090909090909091,0.8181510328479512
29,5,5.0,7,AJ McLean,24.0,Cheryl Burke,4.6,2.69,32.22,7.0,7,0.7046,8,12.0,False,Correctly Predicted Safe,False,8.362369337979095,6.481184668989547,False,Correctly Predicted Safe,False,False,0.47391342789624397,0.18181818181818182,0.935320013545547
29,5,5.0,3,Nelly,24.0,Daniella Karagach,32.22,2.69,32.22,1.0,1,0.7046,3,6.0,False,Correctly Predicted Safe,False,8.362369337979095,20.291184668989548,False,Correctly Predicted Safe,False,False,0.2723991632396707,0.18181818181818182,0.0
29,5,5.0,9,Jeannie Mai,24.0,Brandon Armstrong,3.22,2.69,32.22,10.0,10,0.7046,9,15.0,False,Correctly Predicted Safe,False,8.362369337979095,5.791184668989548,False,Correctly Predicted Safe,False,False,0.6299087009083566,0.36363636363636365,0.9820521503555706
29,5,10.0,11,Veron Davis,21.0,Peta Murgatroyd,2.69,2.69,32.22,12.0,12,0.7046,12,22.0,True,Incorrectly Predicted Eliminated,False,7.317073170731707,5.003536585365853,True,Incorrectly Predicted Eliminated,False,False,0.4296123092520298,0.09090909090909091,1.0
29,5,11.0,12,Jesse Metcalfe,19.0,Sharna Burgess,3.58,2.69,16.11,9.0,9,0.8657,11,20.0,False,Incorrectly Predicted Safe,False,6.620209059233449,5.100104529616725,False,Incorrectly Predicted Safe,False,True,0.4110457297606145,0.09090909090909091,0.9336810730253353
29,5,11.0,8,Chrishell Stause,19.0,Gleb Savchenko,6.44,2.69,32.22,5.0,5,0.7046,10,16.0,False,Correctly Predicted Safe,False,6.620209059233449,6.530104529616725,False,Correctly Predicted Safe,False,False,0.52226556938605,0.2727272727272727,0.8730104977988487
29,6,1.0,4,Justina Machado,27.0,Sasha Farber,4.73,3.01,33.11,7.0,7,0.699,4,8.0,False,Correctly Predicted Safe,True,10.07462686567164,7.402313432835821,False,Correctly Predicted Safe,True,False,0.5669655154446857,0.3,0.9428571428571428
29,6,1.0,7,AJ McLean,27.0,Cheryl Burke,3.31,3.01,33.11,10.0,10,0.699,5,11.0,False,Correctly Predicted Safe,True,10.07462686567164,6.692313432835821,False,Correctly Predicted Safe,True,False,0.7896360800133686,0.6,0.9900332225913622
29,6,1.0,1,Kaitlyn Bristowe,27.0,Artem Chigvintsev,16.56,3.01,33.11,2.0,2,0.699,1,3.0,False,Correctly Predicted Safe,True,10.07462686567164,13.31731343283582,False,Correctly Predicted Safe,True,False,0.2885943698329587,0.0,0.5498338870431894
29,6,1.0,10,Monica Aldama,27.0,Valentin Chmerkovskiy,5.52,3.01,33.11,6.0,6,0.699,3,7.0,False,Correctly Predicted Safe,True,10.07462686567164,7.7973134328358205,False,Correctly Predicted Safe,True,False,0.8893093404002019,0.9,0.9166112956810631
29,6,5.0,2,Nev Schulman,26.0,Jenna Johnson,33.11,3.01,33.11,1.0,1,0.699,2,6.0,False,Correctly Predicted Safe,True,9.701492537313433,21.40574626865672,False,Correctly Predicted Safe,True,False,0.3119847008981328,0.3,0.0
29,6,6.0,9,Jeannie Mai,25.0,Brandon Armstrong,3.01,3.01,33.11,11.0,11,0.699,10,17.0,False,Correctly Predicted Safe,True,9.328358208955224,6.169179104477612,False,Correctly Predicted Safe,True,False,0.5862466262145576,0.3,1.0
29,6,7.0,8,Chrishell Stause,24.0,Gleb Savchenko,3.68,3.01,33.11,9.0,9,0.699,9,16.0,False,Correctly Predicted Safe,True,8.955223880597014,6.317611940298507,False,Correctly Predicted Safe,True,False,0.42931216670446526,0.1,0.9777408637873755
29,6,7.0,3,Nelly,24.0,Daniella Karagach,8.28,3.01,33.11,4.0,4,0.699,6,11.0,False,Correctly Predicted Safe,True,8.955223880597014,8.617611940298506,False,Correctly Predicted Safe,True,False,0.6058396593073843,0.4,0.8249169435215947
29,6,9.0,6,Johnny Weir,22.0,Britt Stewart,6.62,3.01,33.11,5.0,5,0.699,7,14.0,False,Correctly Predicted Safe,True,8.208955223880597,7.414477611940299,False,Correctly Predicted Safe,True,False,0.5458314644650651,0.3,0.8800664451827243
29,6,10.0,11,Veron Davis,21.0,Peta Murgatroyd,4.14,3.01,16.56,8.0,8,0.8645,11,18.0,True,Correctly Predicted Eliminated,True,7.835820895522389,5.987910447761195,True,Correctly Predicted Eliminated,True,True,0.41217669214405583,0.1,0.9166051660516605
29,6,11.0,5,Skai Jackson,18.0,Alan Bersten,11.04,3.01,33.11,3.0,3,0.699,8,14.0,False,Correctly Predicted Safe,True,6.7164179104477615,8.87820895522388,False,Correctly Predicted Safe,True,False,0.7238174239785256,0.6,0.7332225913621262
29,7,1.0,2,Nev Schulman,30.0,Jenna Johnson,11.38,3.41,34.14,3.0,3,0.6927,1,4.0,False,Correctly Predicted Safe,False,11.538461538461538,11.45923076923077,False,Correctly Predicted Safe,False,False,0.3735832576539607,0.1111111111111111,0.7406443215099252
29,7,2.0,5,Skai Jackson,27.0,Alan Bersten,4.27,3.41,34.14,8.0,8,0.6927,5,10.0,False,Correctly Predicted Safe,False,10.384615384615383,7.327307692307692,False,Correctly Predicted Safe,False,False,0.6030026086598819,0.3333333333333333,0.9720143182557761
29,7,2.0,6,Johnny Weir,27.0,Britt Stewart,5.69,3.41,34.14,6.0,6,0.6927,4,8.0,False,Correctly Predicted Safe,False,10.384615384615383,8.037307692307692,False,Correctly Predicted Safe,False,False,0.6726572500293686,0.4444444444444444,0.9258054018874065
29,7,2.0,3,Nelly,27.0,Daniella Karagach,8.54,3.41,34.14,4.0,4,0.6927,2,6.0,False,Correctly Predicted Safe,False,10.384615384615383,9.462307692307691,False,Correctly Predicted Safe,False,False,0.3967579297408271,0.1111111111111111,0.8330621542466645
29,7,5.0,8,Chrishell Stause,26.0,Gleb Savchenko,4.88,3.41,34.14,7.0,7,0.6927,7,12.0,False,Correctly Predicted Safe,False,10.0,7.439999999999999,False,Correctly Predicted Safe,False,False,0.5963322976317122,0.3333333333333333,0.9521640091116174
29,7,5.0,4,Justina Machado,26.0,Sasha Farber,17.07,3.41,34.14,2.0,2,0.6927,3,7.0,False,Correctly Predicted Safe,False,10.0,13.535,False,Correctly Predicted Safe,False,False,0.3331156246602574,0.1111111111111111,0.5554832411324439
29,7,5.0,7,AJ McLean,26.0,Cheryl Burke,3.79,3.41,34.14,9.0,9,0.6927,9,14.0,True,Incorrectly Predicted Eliminated,False,10.0,6.895,True,Incorrectly Predicted Eliminated,False,False,0.5212002904432153,0.2222222222222222,0.987634233647901
29,7,8.0,9,Jeannie Mai,25.0,Brandon Armstrong,6.83,3.41,17.07,5.0,5,0.8634,8,13.0,False,Incorrectly Predicted Safe,False,9.615384615384617,8.22269230769231,False,Incorrectly Predicted Safe,False,True,0.37575136175228185,0.1111111111111111,0.7496339677891655
29,7,9.0,1,Kaitlyn Bristowe,24.0,Artem Chigvintsev,34.14,3.41,34.14,1.0,1,0.6927,6,10.0,False,Correctly Predicted Safe,False,9.230769230769232,21.685384615384617,False,Correctly Predicted Safe,False,False,0.7066522422420907,0.8888888888888888,0.0
29,7,10.0,10,Monica Aldama,22.0,Valentin Chmerkovskiy,3.41,3.41,34.14,10.0,10,0.6927,10,20.0,True,Correctly Predicted Eliminated,False,8.461538461538462,5.935769230769231,True,Correctly Predicted Eliminated,False,True,0.3736064123757368,0.0,1.0
29,8,1.0,6,Johnny Weir,30.0,Britt Stewart,6.13,4.6,36.79,6.0,6,0.6781,3,7.0,False,Correctly Predicted Safe,False,13.513537862230384,9.82176893111519,False,Correctly Predicted Safe,False,False,0.8355589960923915,0.7142857142857143,0.9524697110904007
29,8,1.0,2,Nev Schulman,30.0,Jenna Johnson,9.2,4.6,36.79,4.0,4,0.6781,1,5.0,False,Correctly Predicted Safe,False,13.513537862230384,11.356768931115193,False,Correctly Predicted Safe,False,False,0.4234399409494518,0.14285714285714285,0.857098477788133
29,8,3.0,4,Justina Machado,28.9998,Sasha Farber,7.36,4.6,36.79,5.0,5,0.6781,4,8.0,False,Correctly Predicted Safe,False,13.062996509903623,10.211498254951811,False,Correctly Predicted Safe,False,False,0.43990831672332853,0.14285714285714285,0.9142590866728797
29,8,4.0,1,Kaitlyn Bristowe,28.0,Artem Chigvintsev,36.79,4.6,36.79,1.0,1,0.6781,2,5.0,False,Correctly Predicted Safe,False,12.61263533808169,24.701317669040844,False,Correctly Predicted Safe,False,False,0.3736064123757368,0.42857142857142855,0.0
29,8,5.0,8,Chrishell Stause,27.0,Gleb Savchenko,5.26,4.6,9.2,7.0,7,0.954,7,12.0,False,Incorrectly Predicted Safe,False,12.162184076007344,8.711092038003672,False,Incorrectly Predicted Safe,False,True,0.6384596874186312,0.42857142857142855,0.8565217391304347
29,8,5.0,7,AJ McLean,27.0,Cheryl Burke,4.6,4.6,36.79,8.0,8,0.6781,8,13.0,True,Incorrectly Predicted Eliminated,False,12.162184076007344,8.381092038003672,True,Incorrectly Predicted Eliminated,False,False,0.575,0.2857142857142857,1.0
29,8,7.0,5,Skai Jackson,26.9998,Alan Bersten,12.26,4.6,36.79,3.0,3,0.6781,5,10.0,False,Correctly Predicted Safe,False,12.16209398575493,12.211046992877463,False,Correctly Predicted Safe,False,False,0.4958935680236657,0.2857142857142857,0.7620378999689345
29,8,8.0,3,Nelly,24.0,Daniella Karagach,18.4,4.6,36.79,2.0,2,0.6781,6,10.0,False,Correctly Predicted Safe,False,10.810830289784306,14.605415144892152,False,Correctly Predicted Safe,False,False,0.7524442616009535,0.7142857142857143,0.5712954333643989
29,9,1.0,6,Johnny Weir,30.0,Britt Stewart,7.71,5.51,38.57,5.0,5,0.6694,3,6.0,False,Correctly Predicted Safe,True,15.544105882304176,11.627052941152089,False,Correctly Predicted Safe,True,False,0.8738442068988188,0.8333333333333334,0.9334543254688445
29,9,1.0,1,Kaitlyn Bristowe,30.0,Artem Chigvintsev,9.64,5.51,38.57,4.0,4,0.6694,1,5.0,False,Correctly Predicted Safe,True,15.544105882304176,12.592052941152089,False,Correctly Predicted Safe,True,False,0.34542515921712946,0.0,0.8750756200846945
29,9,3.0,5,Skai Jackson,28.9998,Alan Bersten,5.51,5.51,38.57,7.0,7,0.6694,6,10.0,False,Correctly Predicted Safe,True,15.025865392188155,10.267932696094078,False,Correctly Predicted Safe,True,False,0.6123754979843583,0.3333333333333333,1.0
29,9,3.0,2,Nev Schulman,28.9998,Jenna Johnson,19.28,5.51,38.57,2.0,2,0.6694,2,5.0,False,Correctly Predicted Safe,True,15.025865392188155,17.15293269609408,False,Correctly Predicted Safe,True,False,0.3670604503234118,0.16666666666666666,0.5834845735027223
29,9,5.0,4,Justina Machado,25.9998,Sasha Farber,12.86,5.51,38.57,3.0,3,0.6694,4,8.0,False,Correctly Predicted Safe,True,13.47145480395774,13.16572740197887,False,Correctly Predicted Safe,True,False,0.4167599021910204,0.16666666666666666,0.7776769509981851
29,9,6.0,7,AJ McLean,24.9998,Cheryl Burke,6.43,5.51,19.28,6.0,6,0.8623,7,12.0,True,Correctly Predicted Eliminated,True,12.953317941214266,9.691658970607133,True,Correctly Predicted Eliminated,True,True,0.4622914953432122,0.16666666666666666,0.9331880900508351
29,9,7.0,3,Nelly,24.0,Daniella Karagach,38.57,5.51,38.57,1.0,1,0.6694,5,8.0,False,Correctly Predicted Safe,True,12.43528470584334,25.50264235292167,False,Correctly Predicted Safe,True,False,0.5376245020156416,0.6666666666666666,0.0
29,10,1.0,2,Nev Schulman,30.0,Jenna Johnson,13.61,6.8,40.82,3.0,3,0.6599,2,4.0,False,Correctly Predicted Safe,True,17.24137931034483,15.425689655172414,False,Correctly Predicted Safe,True,False,0.44549230987774036,0.2,0.7998236331569666
29,10,1.0,1,Kaitlyn Bristowe,30.0,Artem Chigvintsev,20.41,6.8,40.82,2.0,2,0.6599,1,3.0,False,Correctly Predicted Safe,True,17.24137931034483,18.82568965517241,False,Correctly Predicted Safe,True,False,0.29588732485082725,0.0,0.5999412110523222
29,10,3.0,4,Justina Machado,29.0,Sasha Farber,10.2,6.8,40.82,4.0,4,0.6599,3,7.0,False,Correctly Predicted Safe,True,16.666666666666664,13.433333333333332,False,Correctly Predicted Safe,True,False,0.4761591492956312,0.2,0.9000587889476779
29,10,4.0,5,Skai Jackson,28.5,Alan Bersten,8.16,8.16,20.41,5.0,5,0.8776,5,9.0,True,Correctly Predicted Eliminated,True,16.379310344827587,12.269655172413794,True,Correctly Predicted Eliminated,True,True,0.5082196744560011,0.2,1.0
29,10,4.0,6,Johnny Weir,28.5,Britt Stewart,6.8,6.8,10.2,6.0,6,0.966,6,10.0,True,Correctly Predicted Eliminated,True,16.379310344827587,11.589655172413794,True,Correctly Predicted Eliminated,True,True,0.6633109060769367,0.4,1.0
29,10,6.0,3,Nelly,28.0,Daniella Karagach,40.82,6.8,40.82,1.0,1,0.6599,4,7.0,False,Correctly Predicted Safe,True,16.091954022988507,28.45597701149425,False,Correctly Predicted Safe,True,False,0.4866890939230633,0.6,0.0
29,11,1.0,4,Justina Machado,30.0,Sasha Farber,12.0,12.0,12.0,4.0,4,1.0,3,5.0,True,Correctly Predicted Eliminated,True,25.31645569620253,18.658227848101262,True,Correctly Predicted Eliminated,False,True,0.7763935876242631,1.0,0.0
29,11,1.0,2,Nev Schulman,30.0,Jenna Johnson,16.0,16.0,16.0,3.0,3,1.0,2,4.0,True,Correctly Predicted Eliminated,True,25.31645569620253,20.658227848101262,True,Correctly Predicted Eliminated,False,True,0.3259862111495566,0.3333333333333333,0.0
29,11,1.0,1,Kaitlyn Bristowe,30.0,Artem Chigvintsev,24.0,24.0,24.0,2.0,2,1.0,1,3.0,False,Correctly Predicted Safe,True,25.31645569620253,24.658227848101262,True,Incorrectly Predicted Eliminated,False,False,0.28182261589670976,0.0,0.5
29,11,4.0,3,Nelly,28.5,Daniella Karagach,48.0,48.0,48.0,1.0,1,1.0,4,5.0,True,Correctly Predicted Eliminated,True,24.050632911392405,36.0253164556962,False,Incorrectly Predicted Safe,False,True,0.3259862111495566,0.3333333333333333,0.0
30,2,1.0,4,Amanda Kloots,60.0,Alan Bersten,6.03,2.01,30.14,5.0,5,0.7187,2,6.0,False,Correctly Predicted Safe,True,7.989347536617843,7.009673768308922,False,Correctly Predicted Safe,True,False,0.473140728190302,0.21428571428571427,0.8570920725204408
30,2,1.0,2,JoJo Siwa,60.0,Jenna Johnson,10.05,2.01,30.14,3.0,3,0.7187,1,4.0,False,Correctly Predicted Safe,True,7.989347536617843,9.01967376830892,False,Correctly Predicted Safe,True,False,0.34664765528035946,0.07142857142857142,0.7141841450408817
30,2,3.0,11,Melanie C,57.0,Gleb Savchenko,2.01,2.01,30.14,15.0,15,0.7187,9,18.0,False,Correctly Predicted Safe,True,7.589880159786951,4.799940079893475,False,Correctly Predicted Safe,True,False,0.7763935876242631,0.5714285714285714,1.0
30,2,4.0,5,Suni Lee,56.0,Sasha Farber,5.02,2.01,30.14,6.0,6,0.7187,3,10.0,False,Correctly Predicted Safe,True,7.456724367509987,6.238362183754994,False,Correctly Predicted Safe,True,False,0.38834593597948874,0.07142857142857142,0.8929968005687878
30,2,5.0,6,Melora Hardin,53.0,Artem Chigvintsev,4.31,2.01,30.14,7.0,7,0.7187,4,12.0,False,Correctly Predicted Safe,True,7.057256990679095,5.683628495339548,False,Correctly Predicted Safe,True,False,0.3948261283287729,0.07142857142857142,0.9182367579097049
30,2,9.0,7,Jimmie Allen,49.0,Emma Slater,7.53,2.01,30.14,4.0,4,0.7187,6,13.0,False,Correctly Predicted Safe,True,6.524633821571238,7.027316910785619,False,Correctly Predicted Safe,True,False,0.4086787072915508,0.14285714285714285,0.8037682189832919
30,2,6.0,8,Olivia Jade,52.0,Valentin Chmerkovskiy,3.35,2.01,30.14,9.0,9,0.7187,7,15.0,False,Correctly Predicted Safe,True,6.92410119840213,5.137050599201065,False,Correctly Predicted Safe,True,False,0.4512352556858671,0.14285714285714285,0.9523640241734803
30,2,7.0,9,"Mike ""The Miz"" Mizanin",50.0,Witney Carson,2.74,2.01,30.14,11.0,11,0.7187,10,18.0,False,Correctly Predicted Safe,True,6.657789613848203,4.698894806924102,False,Correctly Predicted Safe,True,False,0.4577981984735631,0.14285714285714285,0.9740490579452542
30,2,13.0,1,Iman Shumpert,46.0,Daniella Karagach,15.07,2.01,30.14,2.0,2,0.7187,8,15.0,False,Correctly Predicted Safe,True,6.125166444740346,10.597583222370172,False,Correctly Predicted Safe,True,False,0.8202280514592939,0.8571428571428571,0.5357269818698898
30,2,11.0,3,Cody Rigsby,48.0,Cheryl Burke,30.14,2.01,30.14,1.0,1,0.7187,5,12.0,False,Correctly Predicted Safe,True,6.391478029294275,18.26573901464714,False,Correctly Predicted Safe,True,False,0.4657577703306534,0.5714285714285714,0.0
30,2,9.0,14,Christine Chiu,49.0,Pasha Pashkov,2.15,2.01,30.14,14.0,14,0.7187,14,23.0,False,Correctly Predicted Safe,True,6.524633821571238,4.337316910785619,False,Correctly Predicted Safe,True,False,0.6291883346770473,0.35714285714285715,0.9950231070031994
30,2,7.0,10,Kenya Moore,50.0,Brandon Armstrong,2.51,2.01,30.14,12.0,12,0.7187,11,19.0,False,Correctly Predicted Safe,True,6.657789613848203,4.583894806924102,False,Correctly Predicted Safe,True,False,0.5133165916752609,0.21428571428571427,0.9822253821542837
30,2,12.0,13,Brian Austin Green,47.0,Sharna Burgess,3.01,2.01,30.14,10.0,10,0.7187,13,22.0,False,Correctly Predicted Safe,True,6.25832223701731,4.634161118508655,False,Correctly Predicted Safe,True,False,0.4070602377346383,0.07142857142857142,0.9644507643085674
30,2,13.0,12,Matt James,46.0,Lindsay Arnold,3.77,2.01,30.14,8.0,8,0.7187,12,21.0,False,Correctly Predicted Safe,True,6.125166444740346,4.947583222370173,False,Correctly Predicted Safe,True,False,0.3998505723853497,0.07142857142857142,0.9374333451830785
30,2,15.0,15,Martin Kove,28.0,Britt Stewart,2.32,2.01,30.14,13.0,13,0.7187,15,28.0,True,Correctly Predicted Eliminated,True,3.7283621837549936,3.0241810918774967,True,Correctly Predicted Eliminated,True,True,0.370973922107928,0.0,0.9889797369356559
30,3,1.0,8,Olivia Jade,24.0,Valentin Chmerkovskiy,3.08,2.2,30.75,10.0,10,0.7144,4,11.0,False,Correctly Predicted Safe,False,8.053691275167784,5.566845637583892,False,Correctly Predicted Safe,False,False,0.7491858198525652,0.5384615384615384,0.9691768826619965
30,3,1.0,2,JoJo Siwa,24.0,Jenna Johnson,7.69,2.2,30.75,4.0,4,0.7144,1,5.0,False,Correctly Predicted Safe,False,8.053691275167784,7.871845637583892,False,Correctly Predicted Safe,False,False,0.3705497621337659,0.07692307692307693,0.8077057793345008
30,3,1.0,4,Amanda Kloots,24.0,Alan Bersten,4.39,2.2,30.75,7.0,7,0.7144,2,8.0,False,Correctly Predicted Safe,False,8.053691275167784,6.221845637583892,False,Correctly Predicted Safe,False,False,0.5066155061372704,0.23076923076923078,0.923292469352014
30,3,4.0,6,Melora Hardin,23.0,Artem Chigvintsev,3.84,2.2,30.75,8.0,8,0.7144,5,12.0,False,Correctly Predicted Safe,False,7.718120805369128,5.779060402684564,False,Correctly Predicted Safe,False,False,0.45601928538507014,0.15384615384615385,0.9425569176882662
30,3,5.0,9,"Mike ""The Miz"" Mizanin",22.0,Witney Carson,2.37,2.2,30.75,13.0,13,0.7144,11,18.0,False,Correctly Predicted Safe,False,7.38255033557047,4.876275167785235,False,Correctly Predicted Safe,False,False,0.5902895792938854,0.3076923076923077,0.9940455341506129
30,3,5.0,11,Melanie C,22.0,Gleb Savchenko,2.56,2.2,30.75,12.0,12,0.7144,10,17.0,False,Correctly Predicted Safe,False,7.38255033557047,4.971275167785235,False,Correctly Predicted Safe,False,False,0.70375524018864,0.46153846153846156,0.9873905429071804
30,3,7.0,5,Suni Lee,21.0,Sasha Farber,10.25,2.2,30.75,3.0,3,0.7144,3,10.0,False,Correctly Predicted Safe,False,7.046979865771812,8.648489932885905,False,Correctly Predicted Safe,False,False,0.39278482550364463,0.15384615384615385,0.7180385288966724
30,3,7.0,14,Christine Chiu,21.0,Pasha Pashkov,2.2,2.2,3.84,14.0,14,0.9835,13,21.0,False,Incorrectly Predicted Safe,False,7.046979865771812,4.6234899328859065,False,Incorrectly Predicted Safe,False,True,0.7572383281347237,0.5384615384615384,1.0
30,3,7.0,10,Kenya Moore,21.0,Brandon Armstrong,5.13,2.2,30.75,6.0,6,0.7144,6,13.0,False,Correctly Predicted Safe,False,7.046979865771812,6.088489932885906,False,Correctly Predicted Safe,False,False,0.4981959446484332,0.23076923076923078,0.8973730297723292
30,3,10.0,12,Matt James,20.0,Lindsay Arnold,3.42,2.2,30.75,9.0,9,0.7144,12,19.0,False,Correctly Predicted Safe,False,6.711409395973154,5.065704697986577,False,Correctly Predicted Safe,False,False,0.46050301933045384,0.15384615384615385,0.9572679509632225
30,3,10.0,7,Jimmie Allen,20.0,Emma Slater,6.15,2.2,30.75,5.0,5,0.7144,8,15.0,False,Correctly Predicted Safe,False,6.711409395973154,6.430704697986577,False,Correctly Predicted Safe,False,False,0.4867234509347427,0.23076923076923078,0.861646234676007
30,3,12.0,13,Brian Austin Green,19.0,Sharna Burgess,2.8,2.2,30.75,11.0,11,0.7144,14,23.0,True,Incorrectly Predicted Eliminated,False,6.375838926174497,4.587919463087248,True,Incorrectly Predicted Eliminated,False,False,0.4145213966219412,0.07692307692307693,0.978984238178634
30,3,12.0,1,Iman Shumpert,19.0,Daniella Karagach,15.38,2.2,30.75,2.0,2,0.7144,7,14.0,False,Correctly Predicted Safe,False,6.375838926174497,10.877919463087249,False,Correctly Predicted Safe,False,False,0.8157219609995119,0.8461538461538461,0.538353765323993
30,3,14.0,3,Cody Rigsby,18.0,Cheryl Burke,30.75,2.2,30.75,1.0,1,0.7144,9,15.0,False,Correctly Predicted Safe,False,6.04026845637584,18.39513422818792,False,Correctly Predicted Safe,False,False,0.6762706001573416,0.8461538461538461,0.0
30,4,1.0,6,Melora Hardin,36.5,Artem Chigvintsev,3.49,2.42,31.45,9.0,9,0.7097,3,10.0,False,Correctly Predicted Safe,True,8.752997601918464,6.121498800959232,False,Correctly Predicted Safe,False,False,0.663957904822469,0.4166666666666667,0.9631415776782638
30,4,2.0,8,Olivia Jade,35.0,Valentin Chmerkovskiy,2.62,2.42,31.45,12.0,12,0.7097,8,14.0,False,Correctly Predicted Safe,True,8.393285371702639,5.50664268585132,False,Correctly Predicted Safe,False,False,0.7312958370405565,0.5,0.9931105752669652
30,4,2.0,2,JoJo Siwa,35.0,Jenna Johnson,10.48,2.42,31.45,3.0,3,0.7097,1,5.0,False,Correctly Predicted Safe,True,8.393285371702639,9.43664268585132,False,Correctly Predicted Safe,False,False,0.31587257049033,0.0,0.7223561832586979
30,4,4.0,5,Suni Lee,34.0,Sasha Farber,5.24,2.42,31.45,6.0,6,0.7097,4,10.0,False,Correctly Predicted Safe,True,8.15347721822542,6.69673860911271,False,Correctly Predicted Safe,False,False,0.3980622927407039,0.08333333333333333,0.9028591112642095
30,4,4.0,4,Amanda Kloots,34.0,Alan Bersten,7.86,2.42,31.45,4.0,4,0.7097,2,8.0,False,Correctly Predicted Safe,True,8.15347721822542,8.00673860911271,False,Correctly Predicted Safe,False,False,0.3326954076636887,0.0,0.8126076472614536
30,4,6.0,11,Melanie C,33.0,Gleb Savchenko,2.86,2.42,31.45,11.0,11,0.7097,9,17.0,False,Correctly Predicted Safe,True,7.913669064748201,5.386834532374101,True,Incorrectly Predicted Eliminated,False,False,0.6708373078752601,0.4166666666666667,0.9848432655873235
30,4,7.0,9,"Mike ""The Miz"" Mizanin",32.5,Witney Carson,3.14,2.42,31.45,10.0,10,0.7097,10,17.0,False,Correctly Predicted Safe,True,7.793764988009593,5.466882494004796,False,Correctly Predicted Safe,False,False,0.47533104121322983,0.16666666666666666,0.9751980709610747
30,4,7.0,7,Jimmie Allen,32.5,Emma Slater,6.29,2.42,31.45,5.0,5,0.7097,6,12.0,False,Correctly Predicted Safe,True,7.793764988009593,7.041882494004796,False,Correctly Predicted Safe,False,False,0.343663812383286,0.0,0.8666896314157768
30,4,9.0,1,Iman Shumpert,31.5,Daniella Karagach,31.45,2.42,31.45,1.0,1,0.7097,5,10.0,False,Correctly Predicted Safe,True,7.553956834532374,19.501978417266187,False,Correctly Predicted Safe,False,False,0.5376245020156416,0.6666666666666666,0.0
30,4,10.0,10,Kenya Moore,29.5,Brandon Armstrong,3.93,2.42,31.45,8.0,8,0.7097,11,18.0,False,Correctly Predicted Safe,True,7.074340527577938,5.502170263788969,False,Correctly Predicted Safe,False,False,0.3614296163776263,0.0,0.9479848432655873
30,4,11.0,3,Cody Rigsby,29.0,Cheryl Burke,15.72,2.42,31.45,2.0,2,0.7097,7,13.0,False,Correctly Predicted Safe,True,6.954436450839328,11.337218225419663,False,Correctly Predicted Safe,False,False,0.7135055115262161,0.6666666666666666,0.5418532552531863
30,4,12.0,12,Matt James,28.5,Lindsay Arnold,4.49,2.42,31.45,7.0,7,0.7097,12,19.0,True,Correctly Predicted Eliminated,True,6.83453237410072,5.66226618705036,False,Incorrectly Predicted Safe,False,True,0.35707432129058514,0.0,0.9286944540130899
30,4,13.0,13,Brian Austin Green,26.0,Sharna Burgess,2.42,2.42,31.45,13.0,13,0.7097,13,26.0,True,Correctly Predicted Eliminated,True,6.235011990407674,4.327505995203837,True,Correctly Predicted Eliminated,False,True,0.3736064123757368,0.0,1.0
30,5,1.0,2,JoJo Siwa,40.0,Jenna Johnson,11.04,3.01,33.11,3.0,3,0.699,1,4.0,False,Correctly Predicted Safe,True,10.38961038961039,10.714805194805194,False,Correctly Predicted Safe,True,False,0.3657046847181562,0.1,0.7332225913621262
30,5,2.0,4,Amanda Kloots,39.0,Alan Bersten,6.62,3.01,33.11,5.0,5,0.699,2,7.0,False,Correctly Predicted Safe,True,10.129870129870133,8.374935064935066,False,Correctly Predicted Safe,True,False,0.46991079779808737,0.2,0.8800664451827243
30,5,3.0,6,Melora Hardin,36.0,Artem Chigvintsev,4.14,3.01,33.11,8.0,8,0.699,4,11.0,False,Correctly Predicted Safe,True,9.35064935064935,6.7453246753246745,False,Correctly Predicted Safe,True,False,0.5735797410100949,0.3,0.9624584717607974
30,5,3.0,5,Suni Lee,36.0,Sasha Farber,4.73,3.01,33.11,7.0,7,0.699,3,10.0,False,Correctly Predicted Safe,True,9.35064935064935,7.040324675324675,False,Correctly Predicted Safe,True,False,0.4897311870544722,0.2,0.9428571428571428
30,5,3.0,11,Melanie C,36.0,Gleb Savchenko,3.01,3.01,3.68,11.0,11,0.9933,10,14.0,True,Correctly Predicted Eliminated,True,9.35064935064935,6.180324675324675,True,Correctly Predicted Eliminated,True,True,0.8724496614063129,0.8,1.0
30,5,3.0,8,Olivia Jade,36.0,Valentin Chmerkovskiy,3.31,3.01,33.11,10.0,10,0.699,8,13.0,False,Correctly Predicted Safe,True,9.35064935064935,6.330324675324675,False,Correctly Predicted Safe,True,False,0.7304366603638204,0.5,0.9900332225913622
30,5,3.0,10,Kenya Moore,36.0,Brandon Armstrong,3.68,3.01,33.11,9.0,9,0.699,6,12.0,False,Correctly Predicted Safe,True,9.35064935064935,6.515324675324675,False,Correctly Predicted Safe,True,False,0.8341445424458749,0.7,0.9777408637873755
30,5,8.0,7,Jimmie Allen,34.0,Emma Slater,5.52,3.01,33.11,6.0,6,0.699,11,14.0,False,Correctly Predicted Safe,True,8.831168831168831,7.175584415584416,False,Correctly Predicted Safe,True,False,0.41217837088542847,0.1,0.9166112956810631
30,5,9.0,9,"Mike ""The Miz"" Mizanin",32.0,Witney Carson,8.28,3.01,33.11,4.0,4,0.699,9,13.0,False,Correctly Predicted Safe,True,8.311688311688311,8.295844155844154,False,Correctly Predicted Safe,True,False,0.3351326680824077,0.0,0.8249169435215947
30,5,9.0,3,Cody Rigsby,32.0,Cheryl Burke,16.56,3.01,33.11,2.0,2,0.699,5,11.0,False,Correctly Predicted Safe,True,8.311688311688311,12.435844155844157,False,Correctly Predicted Safe,True,False,0.6685522838708683,0.6,0.5498338870431894
30,5,11.0,1,Iman Shumpert,28.0,Daniella Karagach,33.11,3.01,33.11,1.0,1,0.699,7,12.0,False,Correctly Predicted Safe,True,7.272727272727272,20.19136363636364,False,Correctly Predicted Safe,True,False,0.7763935876242631,1.0,0.0
30,6,1.0,1,Iman Shumpert,40.0,Daniella Karagach,17.07,3.41,34.14,2.0,2,0.6927,1,3.0,False,Correctly Predicted Safe,True,10.989010989010987,14.029505494505496,False,Correctly Predicted Safe,True,False,0.2893919420813801,0.0,0.5554832411324439
30,6,1.0,2,JoJo Siwa,40.0,Jenna Johnson,11.38,3.41,34.14,3.0,3,0.6927,2,4.0,False,Correctly Predicted Safe,True,10.989010989010987,11.184505494505494,False,Correctly Predicted Safe,True,False,0.3735832576539607,0.1111111111111111,0.7406443215099252
30,6,3.0,7,Jimmie Allen,38.0,Emma Slater,4.88,3.41,34.14,7.0,7,0.6927,5,10.0,False,Correctly Predicted Safe,True,10.43956043956044,7.65978021978022,False,Correctly Predicted Safe,True,False,0.6808975140280952,0.4444444444444444,0.9521640091116174
30,6,3.0,4,Amanda Kloots,38.0,Alan Bersten,5.69,3.41,34.14,6.0,6,0.6927,4,9.0,False,Correctly Predicted Safe,True,10.43956043956044,8.06478021978022,False,Correctly Predicted Safe,True,False,0.4219273785860014,0.1111111111111111,0.9258054018874065
30,6,5.0,5,Suni Lee,36.0,Sasha Farber,6.83,3.41,34.14,5.0,5,0.6927,6,10.0,False,Correctly Predicted Safe,True,9.89010989010989,8.360054945054944,False,Correctly Predicted Safe,True,False,0.34832335856642127,0.0,0.8887081028311097
30,6,5.0,3,Cody Rigsby,36.0,Cheryl Burke,34.14,3.41,34.14,1.0,1,0.6927,3,6.0,False,Correctly Predicted Safe,True,9.89010989010989,22.015054945054946,False,Correctly Predicted Safe,True,False,0.2842843320060176,0.2222222222222222,0.0
30,6,5.0,8,Olivia Jade,36.0,Valentin Chmerkovskiy,4.27,3.41,34.14,8.0,8,0.6927,8,13.0,False,Correctly Predicted Safe,True,9.89010989010989,7.080054945054945,False,Correctly Predicted Safe,True,False,0.6030026086598819,0.3333333333333333,0.9720143182557761
30,6,8.0,6,Melora Hardin,34.0,Artem Chigvintsev,8.54,3.41,34.14,4.0,4,0.6927,7,12.0,False,Correctly Predicted Safe,True,9.34065934065934,8.940329670329671,False,Correctly Predicted Safe,True,False,0.4714202009711251,0.2222222222222222,0.8330621542466645
30,6,8.0,9,"Mike ""The Miz"" Mizanin",34.0,Witney Carson,3.41,3.41,34.14,10.0,10,0.6927,9,18.0,False,Correctly Predicted Safe,True,9.34065934065934,6.375329670329671,False,Correctly Predicted Safe,True,False,0.44334775775790936,0.1111111111111111,1.0
30,6,10.0,10,Kenya Moore,32.0,Brandon Armstrong,3.79,3.41,34.14,9.0,9,0.6927,10,19.0,True,Correctly Predicted Eliminated,True,8.791208791208792,6.290604395604396,True,Correctly Predicted Eliminated,True,True,0.37065444646447443,0.0,0.987634233647901
30,7,1.0,8,Olivia Jade,42.0,Valentin Chmerkovskiy,5.05,3.93,35.35,7.0,7,0.6858,3,8.0,False,Correctly Predicted Safe,True,12.844036697247708,8.947018348623853,False,Correctly Predicted Safe,False,False,0.8882374687592125,0.875,0.9643539147040102
30,7,2.0,2,JoJo Siwa,39.0,Jenna Johnson,11.78,3.93,35.35,3.0,3,0.6858,1,5.0,False,Correctly Predicted Safe,True,11.926605504587156,11.853302752293578,False,Correctly Predicted Safe,False,False,0.32086075006714576,0.0,0.7501591343093571
30,7,3.0,6,Melora Hardin,38.0,Artem Chigvintsev,4.42,3.93,35.35,8.0,8,0.6858,6,11.0,False,Correctly Predicted Safe,True,11.62079510703364,8.020397553516819,False,Correctly Predicted Safe,False,False,0.6394044507254746,0.375,0.9844048376830045
30,7,3.0,7,Jimmie Allen,38.0,Emma Slater,3.93,3.93,35.35,9.0,9,0.6858,8,12.0,False,Correctly Predicted Safe,True,11.62079510703364,7.77539755351682,True,Incorrectly Predicted Eliminated,False,False,0.7332121269687528,0.5,1.0
30,7,5.0,3,Cody Rigsby,36.0,Cheryl Burke,35.35,3.93,35.35,1.0,1,0.6858,2,6.0,False,Correctly Predicted Safe,True,11.009174311926609,23.179587155963304,False,Correctly Predicted Safe,False,False,0.2934150186405623,0.25,0.0
30,7,6.0,5,Suni Lee,34.0,Sasha Farber,8.84,3.93,35.35,4.0,4,0.6858,5,10.0,False,Correctly Predicted Safe,True,10.397553516819572,9.618776758409789,False,Correctly Predicted Safe,False,False,0.4082168408562705,0.125,0.8437301082113304
30,7,6.0,1,Iman Shumpert,34.0,Daniella Karagach,7.07,3.93,35.35,5.0,5,0.6858,7,11.0,False,Correctly Predicted Safe,True,10.397553516819572,8.733776758409785,False,Correctly Predicted Safe,False,False,0.7823397691012952,0.625,0.9000636537237429
30,7,6.0,4,Amanda Kloots,34.0,Alan Bersten,17.67,3.93,35.35,2.0,2,0.6858,4,8.0,False,Correctly Predicted Safe,True,10.397553516819572,14.033776758409786,False,Correctly Predicted Safe,False,False,0.41110851286596667,0.25,0.5626989178866963
30,7,9.0,9,"Mike ""The Miz"" Mizanin",32.0,Witney Carson,5.89,3.93,35.35,6.0,6,0.6858,9,15.0,True,Correctly Predicted Eliminated,True,9.785932721712538,7.837966360856269,False,Incorrectly Predicted Safe,False,True,0.35907852796341744,0.0,0.9376193507320179
30,8,1.0,6,Melora Hardin,42.0,Artem Chigvintsev,5.26,4.6,36.79,7.0,7,0.6781,4,8.0,False,Correctly Predicted Safe,True,13.636363636363637,9.448181818181816,True,Incorrectly Predicted Eliminated,False,False,0.8401975659462826,0.7142857142857143,0.9794967381174278
30,8,1.0,5,Suni Lee,42.0,Sasha Farber,7.36,4.6,36.79,5.0,5,0.6781,2,6.0,False,Correctly Predicted Safe,True,13.636363636363637,10.498181818181818,False,Correctly Predicted Safe,False,False,0.7549563894969098,0.5714285714285714,0.9142590866728797
30,8,1.0,4,Amanda Kloots,42.0,Alan Bersten,6.13,4.6,36.79,6.0,6,0.6781,3,7.0,False,Correctly Predicted Safe,True,13.636363636363637,9.883181818181818,False,Correctly Predicted Safe,False,False,0.6693860143675193,0.42857142857142855,0.9524697110904007
30,8,4.0,2,JoJo Siwa,41.0,Jenna Johnson,36.79,4.6,36.79,1.0,1,0.6781,1,5.0,False,Correctly Predicted Safe,True,13.311688311688313,25.050844155844157,False,Correctly Predicted Safe,False,False,0.3063882986753658,0.2857142857142857,0.0
30,8,5.0,3,Cody Rigsby,38.0,Cheryl Burke,12.26,4.6,36.79,3.0,3,0.6781,5,8.0,False,Correctly Predicted Safe,True,12.337662337662335,12.298831168831168,False,Correctly Predicted Safe,False,False,0.4958935680236657,0.2857142857142857,0.7620378999689345
30,8,6.0,8,Olivia Jade,36.0,Valentin Chmerkovskiy,4.6,4.6,12.26,8.0,8,0.9233,8,14.0,True,Correctly Predicted Eliminated,True,11.688311688311687,8.144155844155843,True,Correctly Predicted Eliminated,False,True,0.575,0.2857142857142857,1.0
30,8,7.0,1,Iman Shumpert,35.0,Daniella Karagach,18.4,4.6,36.79,2.0,2,0.6781,6,9.0,False,Correctly Predicted Safe,True,11.363636363636363,14.88181818181818,False,Correctly Predicted Safe,False,False,0.8269557358930015,0.8571428571428571,0.5712954333643989
30,8,8.0,7,Jimmie Allen,32.0,Emma Slater,9.2,6.13,36.79,4.0,4,0.6934,7,12.0,True,Correctly Predicted Eliminated,True,10.38961038961039,9.794805194805194,False,Incorrectly Predicted Safe,False,True,0.4357019571789214,0.14285714285714285,0.8998695368558383
30,9,1.0,2,JoJo Siwa,40.0,Jenna Johnson,13.61,6.8,40.82,3.0,3,0.6599,1,4.0,False,Correctly Predicted Safe,True,17.699115044247787,15.654557522123891,False,Correctly Predicted Safe,True,False,0.44549230987774036,0.2,0.7998236331569666
30,9,2.0,4,Amanda Kloots,39.5,Alan Bersten,10.2,6.8,40.82,4.0,4,0.6599,3,6.0,False,Correctly Predicted Safe,True,17.47787610619469,13.838938053097344,False,Correctly Predicted Safe,True,False,0.6308512889092008,0.4,0.9000587889476779
30,9,3.0,5,Suni Lee,37.5,Sasha Farber,8.16,6.8,13.61,5.0,5,0.932,5,8.0,True,Correctly Predicted Eliminated,True,16.5929203539823,12.37646017699115,True,Correctly Predicted Eliminated,True,True,0.5975718002259269,0.4,0.8002936857562408
30,9,3.0,1,Iman Shumpert,37.5,Daniella Karagach,20.41,6.8,40.82,2.0,2,0.6599,2,5.0,False,Correctly Predicted Safe,True,16.5929203539823,18.501460176991152,False,Correctly Predicted Safe,True,False,0.530195204897012,0.4,0.5999412110523222
30,9,5.0,6,Melora Hardin,36.0,Artem Chigvintsev,6.8,6.8,20.41,6.0,6,0.8639,6,11.0,True,Correctly Predicted Eliminated,True,15.929203539823009,11.364601769911504,True,Correctly Predicted Eliminated,True,True,0.5082196744560011,0.2,1.0
30,9,6.0,3,Cody Rigsby,35.5,Cheryl Burke,40.82,6.8,40.82,1.0,1,0.6599,4,7.0,False,Correctly Predicted Safe,True,15.70796460176991,28.263982300884955,False,Correctly Predicted Safe,True,False,0.4866890939230633,0.6,0.0
30,10,1.0,1,Iman Shumpert,40.0,Daniella Karagach,48.0,16.0,48.0,1.0,1,0.68,1,2.0,False,Correctly Predicted Safe,True,25.477707006369428,36.73885350318472,False,Correctly Predicted Safe,True,False,0.2355694048831751,0.0,0.0
30,10,1.0,2,JoJo Siwa,40.0,Jenna Johnson,16.0,12.0,24.0,3.0,3,0.88,2,4.0,True,Correctly Predicted Eliminated,True,25.477707006369428,20.738853503184718,True,Correctly Predicted Eliminated,True,True,0.500984254915661,0.3333333333333333,0.6666666666666667
30,10,3.0,4,Amanda Kloots,39.0,Alan Bersten,12.0,12.0,24.0,4.0,4,0.88,4,7.0,True,Correctly Predicted Eliminated,True,24.840764331210192,18.420382165605098,True,Correctly Predicted Eliminated,True,True,0.6123754979843583,0.3333333333333333,1.0
30,10,4.0,3,Cody Rigsby,38.0,Cheryl Burke,24.0,16.0,48.0,2.0,2,0.68,3,6.0,True,Correctly Predicted Eliminated,True,24.203821656050955,24.10191082802548,True,Correctly Predicted Eliminated,True,True,0.5283676243356514,0.3333333333333333,0.75
31,1,1.0,1,Charli D'Amelio,32.0,Mark Ballas,29.58,1.85,29.58,1.0,1,0.7227,1,2.0,False,Correctly Predicted Safe,True,8.37696335078534,18.97848167539267,False,Correctly Predicted Safe,True,False,0.2355694048831751,0.0,0.0
31,1,2.0,3,Wayne Brady,29.0,Witney Carson,5.92,1.85,29.58,5.0,5,0.7227,3,7.0,False,Correctly Predicted Safe,True,7.591623036649215,6.755811518324608,False,Correctly Predicted Safe,True,False,0.37572468987042285,0.06666666666666667,0.853227551388388
31,1,3.0,12,Selma Blair,28.0,Sasha Farber,2.28,1.85,29.58,13.0,13,0.7227,7,16.0,False,Correctly Predicted Safe,True,7.329842931937172,4.804921465968586,False,Correctly Predicted Safe,True,False,0.7883752952688912,0.6,0.9844933285250631
31,1,3.0,4,Shangela,28.0,Gleb Savchenko,4.93,1.85,29.58,6.0,6,0.7227,4,9.0,False,Correctly Predicted Safe,True,7.329842931937172,6.129921465968586,False,Correctly Predicted Safe,True,False,0.3845184965505859,0.06666666666666667,0.8889289578074288
31,1,3.0,2,Gabby Windey,28.0,Valentin Chmerkovskiy,9.86,1.85,29.58,3.0,3,0.7227,2,6.0,False,Correctly Predicted Safe,True,7.329842931937172,8.594921465968586,False,Correctly Predicted Safe,True,False,0.3436657128340428,0.06666666666666667,0.711143166245943
31,1,6.0,5,Daniel Durant,27.0,Britt Stewart,7.39,1.85,29.58,4.0,4,0.7227,5,10.0,False,Correctly Predicted Safe,True,7.068062827225131,7.229031413612565,False,Correctly Predicted Safe,True,False,0.36321239544601835,0.06666666666666667,0.8002163721601154
31,1,7.0,9,Jordin Sparks,26.0,Brandon Armstrong,2.69,1.85,29.58,11.0,11,0.7227,9,18.0,False,Correctly Predicted Safe,True,6.806282722513089,4.748141361256544,False,Correctly Predicted Safe,True,False,0.4497702855190684,0.13333333333333333,0.9697078975838442
31,1,8.0,8,Heidi D'Amelio,24.0,Artem Chigvintsev,3.7,1.85,29.58,8.0,8,0.7227,8,16.0,False,Correctly Predicted Safe,True,6.282722513089005,4.991361256544503,False,Correctly Predicted Safe,True,False,0.35810292077193145,0.0,0.9332852506310855
31,1,9.0,11,Joseph Baena,23.0,Daniella Karagach,2.46,1.85,29.58,12.0,12,0.7227,10,21.0,False,Correctly Predicted Safe,True,6.020942408376963,4.240471204188482,False,Correctly Predicted Safe,True,False,0.45226359025131974,0.13333333333333333,0.9780021637216012
31,1,10.0,14,Cheryl Ladd,21.0,Louis van Amstel,1.97,1.85,29.58,15.0,15,0.7227,14,25.0,False,Correctly Predicted Safe,True,5.49738219895288,3.73369109947644,False,Correctly Predicted Safe,True,False,0.5585500515121574,0.26666666666666666,0.9956725567976921
31,1,10.0,6,Trevor Donovan,21.0,Emma Slater,14.79,1.85,29.58,2.0,2,0.7227,6,12.0,False,Correctly Predicted Safe,True,5.49738219895288,10.14369109947644,False,Correctly Predicted Safe,True,False,0.4137250338836518,0.26666666666666666,0.5333573746844572
31,1,12.0,13,Sam Champion,20.0,Cheryl Burke,2.11,1.85,29.58,14.0,14,0.7227,15,26.0,False,Correctly Predicted Safe,True,5.235602094240837,3.6728010471204176,False,Correctly Predicted Safe,True,False,0.4111486997718015,0.06666666666666667,0.9906238730616661
31,1,12.0,10,Jessie James Decker,20.0,Alan Bersten,3.29,1.85,29.58,9.0,9,0.7227,11,21.0,False,Correctly Predicted Safe,True,5.235602094240837,4.262801047120419,False,Correctly Predicted Safe,True,False,0.4433248357694891,0.13333333333333333,0.9480706815723043
31,1,12.0,15,Teresa Giudice,20.0,Pasha Pashkov,2.96,1.85,29.58,10.0,10,0.7227,12,22.0,False,Correctly Predicted Safe,True,5.235602094240837,4.097801047120418,False,Correctly Predicted Safe,True,False,0.49522734229158905,0.2,0.9599711503786513
31,1,15.0,16,Jason Lewis,18.0,Peta Murgatroyd,1.85,1.85,14.79,16.0,16,0.8706,16,31.0,True,Correctly Predicted Eliminated,True,4.712041884816754,3.281020942408377,True,Correctly Predicted Eliminated,True,True,0.4137184207242577,0.06666666666666667,1.0
31,1,16.0,7,Vinny Guadagnino,17.0,Koko Iwasaki,4.23,1.85,29.58,7.0,7,0.7227,13,23.0,False,Correctly Predicted Safe,True,4.450261780104712,4.340130890052356,False,Correctly Predicted Safe,True,False,0.7717493890655904,0.6,0.9141723764875586
31,2,1.0,3,Wayne Brady,32.0,Witney Carson,6.03,2.01,30.14,5.0,5,0.7187,3,6.0,False,Correctly Predicted Safe,True,7.766990291262135,6.898495145631068,False,Correctly Predicted Safe,False,False,0.4234381322923577,0.14285714285714285,0.8570920725204408
31,2,1.0,1,Charli D'Amelio,32.0,Mark Ballas,30.14,2.01,30.14,1.0,1,0.7187,1,2.0,False,Correctly Predicted Safe,True,7.766990291262135,18.953495145631067,False,Correctly Predicted Safe,False,False,0.2355694048831751,0.0,0.0
31,2,1.0,2,Gabby Windey,32.0,Valentin Chmerkovskiy,10.05,2.01,30.14,3.0,3,0.7187,2,4.0,False,Correctly Predicted Safe,True,7.766990291262135,8.908495145631068,False,Correctly Predicted Safe,False,False,0.34664765528035946,0.07142857142857142,0.7141841450408817
31,2,4.0,6,Trevor Donovan,30.0,Emma Slater,3.77,2.01,30.14,8.0,8,0.7187,6,12.0,False,Correctly Predicted Safe,True,7.281553398058252,5.525776699029126,False,Correctly Predicted Safe,False,False,0.44676513451370753,0.14285714285714285,0.9374333451830785
31,2,5.0,5,Daniel Durant,29.0,Britt Stewart,7.53,2.01,30.14,4.0,4,0.7187,5,9.0,False,Correctly Predicted Safe,True,7.038834951456311,7.284417475728155,False,Correctly Predicted Safe,False,False,0.3309665669801535,0.0,0.8037682189832919
31,2,6.0,12,Selma Blair,28.0,Sasha Farber,2.01,2.01,30.14,15.0,15,0.7187,11,21.0,False,Correctly Predicted Safe,True,6.796116504854369,4.403058252427185,False,Correctly Predicted Safe,False,False,0.6842422296693466,0.42857142857142855,1.0
31,2,6.0,8,Heidi D'Amelio,28.0,Artem Chigvintsev,3.01,2.01,30.14,10.0,10,0.7187,8,16.0,False,Correctly Predicted Safe,True,6.796116504854369,4.903058252427185,False,Correctly Predicted Safe,False,False,0.45488314431774207,0.14285714285714285,0.9644507643085674
31,2,6.0,4,Shangela,28.0,Gleb Savchenko,15.07,2.01,30.14,2.0,2,0.7187,4,8.0,False,Correctly Predicted Safe,True,6.796116504854369,10.933058252427184,False,Correctly Predicted Safe,False,False,0.3441600813187404,0.14285714285714285,0.5357269818698898
31,2,9.0,9,Jordin Sparks,27.0,Brandon Armstrong,3.35,2.01,30.14,9.0,9,0.7187,9,18.0,False,Correctly Predicted Safe,True,6.553398058252427,4.951699029126214,False,Correctly Predicted Safe,False,False,0.3624304443183069,0.0,0.9523640241734803
31,2,9.0,7,Vinny Guadagnino,27.0,Koko Iwasaki,5.02,2.01,30.14,6.0,6,0.7187,7,15.0,False,Correctly Predicted Safe,True,6.553398058252427,5.786699029126213,False,Correctly Predicted Safe,False,False,0.43370707734892194,0.14285714285714285,0.8929968005687878
31,2,11.0,13,Sam Champion,26.0,Cheryl Burke,2.51,2.01,30.14,12.0,12,0.7187,12,23.0,False,Correctly Predicted Safe,True,6.310679611650485,4.4103398058252425,False,Correctly Predicted Safe,False,False,0.4602938534127024,0.14285714285714285,0.9822253821542837
31,2,12.0,10,Jessie James Decker,25.0,Alan Bersten,4.31,2.01,30.14,7.0,7,0.7187,10,19.0,False,Correctly Predicted Safe,True,6.067961165048544,5.188980582524271,False,Correctly Predicted Safe,False,False,0.4410780645865664,0.14285714285714285,0.9182367579097049
31,2,13.0,11,Joseph Baena,24.0,Daniella Karagach,2.74,2.01,30.14,11.0,11,0.7187,13,24.0,False,Correctly Predicted Safe,True,5.825242718446602,4.282621359223301,False,Correctly Predicted Safe,False,False,0.4577981984735631,0.14285714285714285,0.9740490579452542
31,2,14.0,15,Teresa Giudice,23.0,Pasha Pashkov,2.15,2.01,15.07,14.0,14,0.8694,14,28.0,True,Correctly Predicted Eliminated,True,5.582524271844661,3.86626213592233,False,Incorrectly Predicted Safe,False,True,0.4138260880680339,0.07142857142857142,0.9892802450229708
31,2,15.0,14,Cheryl Ladd,21.0,Louis van Amstel,2.32,2.01,30.14,13.0,13,0.7187,15,28.0,False,Correctly Predicted Safe,True,5.097087378640777,3.708543689320388,True,Incorrectly Predicted Eliminated,False,False,0.4137434113392263,0.07142857142857142,0.9889797369356559
31,3,1.0,3,Wayne Brady,33.0,Witney Carson,6.15,2.2,30.75,5.0,5,0.7144,3,6.0,False,Correctly Predicted Safe,True,8.188585607940446,7.169292803970223,False,Correctly Predicted Safe,True,False,0.4320568774071888,0.15384615384615385,0.861646234676007
31,3,1.0,1,Charli D'Amelio,33.0,Mark Ballas,15.38,2.2,30.75,2.0,2,0.7144,1,3.0,False,Correctly Predicted Safe,True,8.188585607940446,11.784292803970224,False,Correctly Predicted Safe,True,False,0.2869925901202573,0.0,0.538353765323993
31,3,1.0,2,Gabby Windey,33.0,Valentin Chmerkovskiy,10.25,2.2,30.75,3.0,3,0.7144,2,4.0,False,Correctly Predicted Safe,True,8.188585607940446,9.219292803970225,False,Correctly Predicted Safe,True,False,0.3502209983161558,0.07692307692307693,0.7180385288966724
31,3,4.0,8,Heidi D'Amelio,32.0,Artem Chigvintsev,2.56,2.2,30.75,12.0,12,0.7144,8,16.0,False,Correctly Predicted Safe,True,7.94044665012407,5.250223325062035,False,Correctly Predicted Safe,True,False,0.5880467326443817,0.3076923076923077,0.9873905429071804
31,3,5.0,5,Daniel Durant,31.0,Britt Stewart,4.39,2.2,30.75,7.0,7,0.7144,4,12.0,False,Correctly Predicted Safe,True,7.6923076923076925,6.041153846153846,False,Correctly Predicted Safe,True,False,0.3558702801635146,0.0,0.923292469352014
31,3,6.0,4,Shangela,30.0,Gleb Savchenko,5.13,2.2,30.75,6.0,6,0.7144,5,12.0,False,Correctly Predicted Safe,True,7.444168734491314,6.287084367245657,False,Correctly Predicted Safe,True,False,0.44248692212466034,0.15384615384615385,0.8973730297723292
31,3,7.0,11,Joseph Baena,29.0,Daniella Karagach,3.08,2.2,30.75,10.0,10,0.7144,9,17.0,False,Correctly Predicted Safe,True,7.196029776674938,5.138014888337469,False,Correctly Predicted Safe,True,False,0.581904109967127,0.3076923076923077,0.9691768826619965
31,3,7.0,9,Jordin Sparks,29.0,Brandon Armstrong,2.8,2.2,30.75,11.0,11,0.7144,10,18.0,False,Correctly Predicted Safe,True,7.196029776674938,4.998014888337469,False,Correctly Predicted Safe,True,False,0.4671880495930146,0.15384615384615385,0.978984238178634
31,3,9.0,12,Selma Blair,28.0,Sasha Farber,2.2,2.2,30.75,14.0,14,0.7144,13,23.0,False,Correctly Predicted Safe,True,6.9478908188585615,4.573945409429281,False,Correctly Predicted Safe,True,False,0.5319217753165195,0.23076923076923078,1.0
31,3,10.0,6,Trevor Donovan,27.0,Emma Slater,7.69,2.2,30.75,4.0,4,0.7144,6,14.0,False,Correctly Predicted Safe,True,6.699751861042183,7.194875930521092,False,Correctly Predicted Safe,True,False,0.5276622670193434,0.3076923076923077,0.8077057793345008
31,3,11.0,10,Jessie James Decker,26.0,Alan Bersten,3.42,2.2,30.75,9.0,9,0.7144,11,20.0,False,Correctly Predicted Safe,True,6.451612903225806,4.935806451612903,False,Correctly Predicted Safe,True,False,0.4085848020742889,0.07692307692307693,0.9572679509632225
31,3,12.0,13,Sam Champion,25.0,Cheryl Burke,3.84,2.2,30.75,8.0,8,0.7144,12,20.0,False,Correctly Predicted Safe,True,6.20347394540943,5.021736972704715,False,Correctly Predicted Safe,True,False,0.4046211269499861,0.07692307692307693,0.9425569176882662
31,3,13.0,14,Cheryl Ladd,24.0,Louis van Amstel,2.37,2.2,15.38,13.0,13,0.8682,14,26.0,True,Correctly Predicted Eliminated,True,5.955334987593052,4.162667493796526,True,Correctly Predicted Eliminated,True,True,0.4167662849827446,0.07692307692307693,0.9871016691957512
31,3,14.0,7,Vinny Guadagnino,23.0,Koko Iwasaki,30.75,2.2,30.75,1.0,1,0.7144,7,15.0,False,Correctly Predicted Safe,True,5.707196029776675,18.228598014888338,False,Correctly Predicted Safe,True,False,0.44250549088042257,0.5384615384615384,0.0
31,4,1.0,3,Wayne Brady,36.0,Witney Carson,4.49,2.42,31.45,7.0,7,0.7097,3,8.0,False,Correctly Predicted Safe,False,8.780487804878048,6.635243902439024,False,Correctly Predicted Safe,False,False,0.4609135762088203,0.16666666666666666,0.9286944540130899
31,4,1.0,1,Charli D'Amelio,36.0,Mark Ballas,31.45,2.42,31.45,1.0,1,0.7097,1,2.0,False,Correctly Predicted Safe,False,8.780487804878048,20.115243902439023,False,Correctly Predicted Safe,False,False,0.2355694048831751,0.0,0.0
31,4,1.0,2,Gabby Windey,36.0,Valentin Chmerkovskiy,7.86,2.42,31.45,4.0,4,0.7097,2,5.0,False,Correctly Predicted Safe,False,8.780487804878048,8.320243902439024,False,Correctly Predicted Safe,False,False,0.37530579473339887,0.08333333333333333,0.8126076472614536
31,4,4.0,9,Jordin Sparks,34.0,Brandon Armstrong,2.42,2.42,31.45,13.0,13,0.7097,9,17.0,False,Correctly Predicted Safe,False,8.292682926829269,5.356341463414634,False,Correctly Predicted Safe,False,False,0.6756016932581006,0.4166666666666667,1.0
31,4,4.0,8,Heidi D'Amelio,34.0,Artem Chigvintsev,2.62,2.42,31.45,12.0,12,0.7097,8,16.0,False,Correctly Predicted Safe,False,8.292682926829269,5.456341463414635,False,Correctly Predicted Safe,False,False,0.6100720208019439,0.3333333333333333,0.9931105752669652
31,4,6.0,12,Selma Blair,32.0,Sasha Farber,3.49,2.42,31.45,9.0,9,0.7097,7,15.0,False,Correctly Predicted Safe,False,7.804878048780488,5.647439024390244,False,Correctly Predicted Safe,False,False,0.7228453785721438,0.5,0.9631415776782638
31,4,6.0,4,Shangela,32.0,Gleb Savchenko,15.72,2.42,31.45,2.0,2,0.7097,4,8.0,False,Correctly Predicted Safe,False,7.804878048780488,11.762439024390243,False,Correctly Predicted Safe,False,False,0.35753251150544824,0.16666666666666666,0.5418532552531863
31,4,8.0,10,Jessie James Decker,31.0,Alan Bersten,3.14,2.42,31.45,10.0,10,0.7097,11,18.0,False,Correctly Predicted Safe,False,7.560975609756097,5.350487804878049,False,Correctly Predicted Safe,False,False,0.47533104121322983,0.16666666666666666,0.9751980709610747
31,4,9.0,5,Daniel Durant,29.0,Britt Stewart,10.48,2.42,31.45,3.0,3,0.7097,5,12.0,False,Correctly Predicted Safe,False,7.073170731707316,8.77658536585366,False,Correctly Predicted Safe,False,False,0.5192123228345253,0.3333333333333333,0.7223561832586979
31,4,9.0,7,Vinny Guadagnino,29.0,Koko Iwasaki,6.29,2.42,31.45,5.0,5,0.7097,6,14.0,False,Correctly Predicted Safe,False,7.073170731707316,6.681585365853659,False,Correctly Predicted Safe,False,False,0.44225988724446547,0.16666666666666666,0.8666896314157768
31,4,11.0,11,Joseph Baena,28.0,Daniella Karagach,2.86,2.42,31.45,11.0,11,0.7097,13,22.0,True,Incorrectly Predicted Eliminated,False,6.829268292682928,4.844634146341464,True,Incorrectly Predicted Eliminated,False,False,0.36999310395537216,0.0,0.9848432655873235
31,4,11.0,6,Trevor Donovan,28.0,Emma Slater,5.24,2.42,31.45,6.0,6,0.7097,10,17.0,False,Correctly Predicted Safe,False,6.829268292682928,6.034634146341464,False,Correctly Predicted Safe,False,False,0.6445264567923559,0.4166666666666667,0.9028591112642095
31,4,13.0,13,Sam Champion,25.0,Cheryl Burke,3.93,2.42,31.45,8.0,8,0.7097,12,21.0,False,Incorrectly Predicted Safe,False,6.097560975609756,5.013780487804878,False,Incorrectly Predicted Safe,False,True,0.3614296163776263,0.0,0.9479848432655873
31,5,1.0,1,Charli D'Amelio,42.0,Mark Ballas,4.6,2.69,32.22,7.0,7,0.7046,3,8.0,False,Correctly Predicted Safe,False,9.364548494983277,6.982274247491638,False,Correctly Predicted Safe,False,False,0.3585603995038886,0.0,0.935320013545547
31,5,2.0,3,Wayne Brady,41.0,Witney Carson,8.06,2.69,32.22,4.0,4,0.7046,2,6.0,False,Correctly Predicted Safe,False,9.141583054626532,8.600791527313266,False,Correctly Predicted Safe,False,False,0.3809826220409499,0.09090909090909091,0.8181510328479512
31,5,2.0,2,Gabby Windey,41.0,Valentin Chmerkovskiy,16.11,2.69,32.22,2.0,2,0.7046,1,4.0,False,Correctly Predicted Safe,False,9.141583054626532,12.625791527313266,False,Correctly Predicted Safe,False,False,0.28799325527297504,0.0,0.5455469014561463
31,5,4.0,12,Selma Blair,40.0,Sasha Farber,2.69,2.69,3.58,12.0,12,0.991,10,16.0,True,Correctly Predicted Eliminated,False,8.918617614269788,5.804308807134894,True,Correctly Predicted Eliminated,False,True,0.8484949314775121,0.7272727272727273,1.0
31,5,5.0,8,Heidi D'Amelio,39.0,Artem Chigvintsev,3.22,2.69,32.22,10.0,10,0.7046,6,15.0,False,Correctly Predicted Safe,False,8.695652173913043,5.957826086956522,False,Correctly Predicted Safe,False,False,0.5587255568435837,0.2727272727272727,0.9820521503555706
31,5,6.0,4,Shangela,38.5,Gleb Savchenko,3.58,2.69,32.22,9.0,9,0.7046,7,15.0,False,Correctly Predicted Safe,False,8.58416945373467,6.082084726867335,False,Correctly Predicted Safe,False,False,0.48481178090729715,0.18181818181818182,0.9698611581442601
31,5,7.0,6,Trevor Donovan,36.0,Emma Slater,6.44,2.69,32.22,5.0,5,0.7046,4,12.0,False,Correctly Predicted Safe,False,8.02675585284281,7.233377926421404,False,Correctly Predicted Safe,False,False,0.39488539470280376,0.09090909090909091,0.8730104977988487
31,5,7.0,10,Jessie James Decker,36.0,Alan Bersten,4.03,2.69,32.22,8.0,8,0.7046,8,15.0,False,Correctly Predicted Safe,False,8.02675585284281,6.028377926421404,False,Correctly Predicted Safe,False,False,0.5494972196313104,0.2727272727272727,0.9546224178801219
31,5,9.0,9,Jordin Sparks,35.5,Brandon Armstrong,2.93,2.69,32.22,11.0,11,0.7046,12,20.0,True,Incorrectly Predicted Eliminated,False,7.915273132664437,5.422636566332218,True,Incorrectly Predicted Eliminated,False,False,0.3716622455534252,0.0,0.9918726718591263
31,5,10.0,11,Joseph Baena,35.0,Daniella Karagach,5.37,5.37,10.74,6.0,6,0.9463,11,16.0,False,Incorrectly Predicted Safe,False,7.803790412486064,6.586895206243032,False,Incorrectly Predicted Safe,False,True,0.4296123092520298,0.09090909090909091,1.0
31,5,11.0,5,Daniel Durant,33.5,Britt Stewart,32.22,2.69,32.22,1.0,1,0.7046,5,12.0,False,Correctly Predicted Safe,False,7.469342251950947,19.844671125975477,False,Correctly Predicted Safe,False,False,0.4473498103690048,0.5454545454545454,0.0
31,5,12.0,7,Vinny Guadagnino,31.0,Koko Iwasaki,10.74,2.69,32.22,3.0,3,0.7046,9,15.0,False,Correctly Predicted Safe,False,6.911928651059086,8.825964325529544,False,Correctly Predicted Safe,False,False,0.6157886447372206,0.45454545454545453,0.7273958686081949
31,6,1.0,1,Charli D'Amelio,40.0,Mark Ballas,17.07,3.41,34.14,2.0,2,0.6927,1,3.0,False,Correctly Predicted Safe,True,11.594202898550725,14.332101449275363,False,Correctly Predicted Safe,True,False,0.2893919420813801,0.0,0.5554832411324439
31,6,2.0,2,Gabby Windey,37.0,Valentin Chmerkovskiy,11.38,3.41,34.14,3.0,3,0.6927,2,5.0,False,Correctly Predicted Safe,True,10.72463768115942,11.05231884057971,False,Correctly Predicted Safe,True,False,0.31913443565046806,0.0,0.7406443215099252
31,6,3.0,8,Heidi D'Amelio,36.0,Artem Chigvintsev,4.27,3.41,34.14,8.0,8,0.6927,6,11.0,False,Correctly Predicted Safe,True,10.434782608695652,7.352391304347826,False,Correctly Predicted Safe,True,False,0.7602901686123336,0.5555555555555556,0.9720143182557761
31,6,3.0,4,Shangela,36.0,Gleb Savchenko,5.69,3.41,34.14,6.0,6,0.6927,4,9.0,False,Correctly Predicted Safe,True,10.434782608695652,8.062391304347827,False,Correctly Predicted Safe,True,False,0.4219273785860014,0.1111111111111111,0.9258054018874065
31,6,5.0,6,Trevor Donovan,34.0,Emma Slater,4.88,3.41,34.14,7.0,7,0.6927,7,12.0,False,Correctly Predicted Safe,True,9.855072463768115,7.367536231884058,False,Correctly Predicted Safe,True,False,0.4294122088153357,0.1111111111111111,0.9521640091116174
31,6,5.0,5,Daniel Durant,34.0,Britt Stewart,6.83,3.41,34.14,5.0,5,0.6927,5,10.0,False,Correctly Predicted Safe,True,9.855072463768115,8.342536231884058,False,Correctly Predicted Safe,True,False,0.34832335856642127,0.0,0.8887081028311097
31,6,5.0,3,Wayne Brady,34.0,Witney Carson,34.14,3.41,34.14,1.0,1,0.6927,3,6.0,False,Correctly Predicted Safe,True,9.855072463768115,21.99753623188406,False,Correctly Predicted Safe,True,False,0.2842843320060176,0.2222222222222222,0.0
31,6,5.0,9,Jordin Sparks,34.0,Brandon Armstrong,3.41,3.41,34.14,10.0,10,0.6927,9,15.0,False,Correctly Predicted Safe,True,9.855072463768115,6.632536231884059,False,Correctly Predicted Safe,True,False,0.6955672765743628,0.4444444444444444,1.0
31,6,9.0,10,Jessie James Decker,32.0,Alan Bersten,3.79,3.41,17.07,9.0,9,0.8634,10,18.0,True,Correctly Predicted Eliminated,True,9.27536231884058,6.5326811594202905,True,Correctly Predicted Eliminated,True,True,0.4351896226662719,0.1111111111111111,0.972181551976574
31,6,10.0,7,Vinny Guadagnino,28.0,Koko Iwasaki,8.54,3.41,34.14,4.0,4,0.6927,8,14.0,False,Correctly Predicted Safe,True,8.115942028985506,8.327971014492753,False,Correctly Predicted Safe,True,False,0.5561743159905366,0.3333333333333333,0.8330621542466645
31,7,1.0,6,Trevor Donovan,39.0,Emma Slater,5.05,3.93,35.35,7.0,7,0.6858,3,8.0,False,Correctly Predicted Safe,True,11.981566820276496,8.515783410138248,False,Correctly Predicted Safe,False,False,0.7969217795147563,0.625,0.9643539147040102
31,7,1.0,1,Charli D'Amelio,39.0,Mark Ballas,35.35,3.93,35.35,1.0,1,0.6858,1,2.0,False,Correctly Predicted Safe,True,11.981566820276496,23.66578341013825,False,Correctly Predicted Safe,False,False,0.2355694048831751,0.0,0.0
31,7,3.0,3,Wayne Brady,38.0,Witney Carson,11.78,3.93,35.35,3.0,3,0.6858,2,6.0,False,Correctly Predicted Safe,True,11.674347158218126,11.727173579109063,False,Correctly Predicted Safe,False,False,0.32086075006714576,0.0,0.7501591343093571
31,7,4.0,5,Daniel Durant,36.5,Britt Stewart,5.89,3.93,35.35,6.0,6,0.6858,6,10.0,False,Correctly Predicted Safe,True,11.213517665130569,8.551758832565284,False,Correctly Predicted Safe,False,False,0.43456392004283145,0.125,0.9376193507320179
31,7,4.0,4,Shangela,36.5,Gleb Savchenko,8.84,3.93,35.35,4.0,4,0.6858,4,8.0,False,Correctly Predicted Safe,True,11.213517665130569,10.026758832565283,False,Correctly Predicted Safe,False,False,0.33892496342147344,0.0,0.8437301082113304
31,7,6.0,2,Gabby Windey,35.5,Valentin Chmerkovskiy,17.67,3.93,35.35,2.0,2,0.6858,5,8.0,False,Correctly Predicted Safe,True,10.906298003072196,14.288149001536098,False,Correctly Predicted Safe,False,False,0.5961384529477318,0.5,0.5626989178866963
31,7,7.0,8,Heidi D'Amelio,35.0,Artem Chigvintsev,3.93,3.93,35.35,9.0,9,0.6858,8,16.0,False,Correctly Predicted Safe,True,10.75268817204301,7.341344086021505,True,Incorrectly Predicted Eliminated,False,False,0.4530336221224381,0.125,1.0
31,7,8.0,9,Jordin Sparks,34.5,Brandon Armstrong,4.42,3.93,17.67,8.0,8,0.8625,9,16.0,True,Correctly Predicted Eliminated,True,10.599078341013826,7.509539170506913,False,Incorrectly Predicted Safe,False,True,0.4423856193587373,0.125,0.9643377001455604
31,7,9.0,7,Vinny Guadagnino,31.5,Koko Iwasaki,7.07,3.93,35.35,5.0,5,0.6858,7,14.0,False,Correctly Predicted Safe,True,9.67741935483871,8.373709677419356,False,Correctly Predicted Safe,False,False,0.5137013762720309,0.25,0.9000636537237429
31,8,1.0,3,Wayne Brady,45.0,Witney Carson,12.26,4.6,36.79,3.0,3,0.6781,2,4.0,False,Correctly Predicted Safe,True,14.331210191082802,13.2956050955414,False,Correctly Predicted Safe,True,False,0.4958935680236657,0.2857142857142857,0.7620378999689345
31,8,1.0,1,Charli D'Amelio,45.0,Mark Ballas,36.79,4.6,36.79,1.0,1,0.6781,1,2.0,False,Correctly Predicted Safe,True,14.331210191082802,25.5606050955414,False,Correctly Predicted Safe,True,False,0.2355694048831751,0.0,0.0
31,8,3.0,4,Shangela,42.0,Gleb Savchenko,7.36,4.6,36.79,5.0,5,0.6781,4,8.0,False,Correctly Predicted Safe,True,13.375796178343949,10.367898089171977,False,Correctly Predicted Safe,True,False,0.43990831672332853,0.14285714285714285,0.9142590866728797
31,8,4.0,2,Gabby Windey,40.0,Valentin Chmerkovskiy,18.4,4.6,36.79,2.0,2,0.6781,3,6.0,False,Correctly Predicted Safe,True,12.738853503184714,15.569426751592356,False,Correctly Predicted Safe,True,False,0.43708876049036893,0.2857142857142857,0.5712954333643989
31,8,5.0,6,Trevor Donovan,39.0,Emma Slater,5.26,4.6,36.79,7.0,7,0.6781,6,12.0,False,Correctly Predicted Safe,True,12.420382165605096,8.840191082802548,False,Correctly Predicted Safe,True,False,0.45945972942731916,0.14285714285714285,0.9794967381174278
31,8,5.0,5,Daniel Durant,39.0,Britt Stewart,9.2,4.6,36.79,4.0,4,0.6781,5,9.0,False,Correctly Predicted Safe,True,12.420382165605096,10.810191082802548,False,Correctly Predicted Safe,True,False,0.34166935059121795,0.0,0.857098477788133
31,8,7.0,8,Heidi D'Amelio,35.0,Artem Chigvintsev,4.6,4.6,18.4,8.0,8,0.862,8,15.0,True,Correctly Predicted Eliminated,True,11.146496815286625,7.873248407643312,True,Correctly Predicted Eliminated,True,True,0.4657577703306534,0.14285714285714285,1.0
31,8,8.0,7,Vinny Guadagnino,29.0,Koko Iwasaki,6.13,5.26,36.79,6.0,6,0.6846,7,14.0,True,Correctly Predicted Eliminated,True,9.235668789808916,7.682834394904459,True,Correctly Predicted Eliminated,True,True,0.45729843926288277,0.14285714285714285,0.972407231208373
31,9,1.0,1,Charli D'Amelio,40.0,Mark Ballas,40.82,6.8,40.82,1.0,1,0.6599,1,2.0,False,Correctly Predicted Safe,True,18.181818181818183,29.50090909090909,False,Correctly Predicted Safe,False,False,0.2355694048831751,0.0,0.0
31,9,1.0,2,Gabby Windey,40.0,Valentin Chmerkovskiy,20.41,6.8,40.82,2.0,2,0.6599,2,3.0,False,Correctly Predicted Safe,True,18.181818181818183,19.29590909090909,False,Correctly Predicted Safe,False,False,0.39011449378405716,0.2,0.5999412110523222
31,9,3.0,3,Wayne Brady,36.5,Witney Carson,13.61,6.8,40.82,3.0,3,0.6599,3,6.0,False,Correctly Predicted Safe,True,16.590909090909093,15.100454545454546,False,Correctly Predicted Safe,False,False,0.3302008236873968,0.0,0.7998236331569666
31,9,3.0,4,Shangela,36.5,Gleb Savchenko,8.16,6.8,40.82,5.0,5,0.6599,4,8.0,False,Correctly Predicted Safe,True,16.590909090909093,12.375454545454549,True,Incorrectly Predicted Eliminated,False,False,0.49524421595136464,0.2,0.9600235155790712
31,9,5.0,5,Daniel Durant,34.5,Britt Stewart,10.2,6.8,40.82,4.0,4,0.6599,5,9.0,True,Correctly Predicted Eliminated,True,15.681818181818183,12.940909090909091,False,Incorrectly Predicted Safe,False,True,0.35076949659568946,0.0,0.9000587889476779
31,9,6.0,6,Trevor Donovan,32.5,Emma Slater,6.8,6.8,40.82,6.0,6,0.6599,6,12.0,True,Correctly Predicted Eliminated,True,14.772727272727272,10.786363636363635,True,Correctly Predicted Eliminated,False,True,0.3736064123757368,0.0,1.0
31,10,1.0,1,Charli D'Amelio,40.0,Mark Ballas,48.0,24.0,48.0,1.0,1,0.76,1,2.0,False,Correctly Predicted Safe,True,25.64102564102564,36.82051282051282,False,Correctly Predicted Safe,True,False,0.2355694048831751,0.0,0.0
31,10,1.0,2,Gabby Windey,40.0,Valentin Chmerkovskiy,16.0,12.0,24.0,3.0,3,0.88,2,4.0,True,Correctly Predicted Eliminated,True,25.64102564102564,20.820512820512818,True,Correctly Predicted Eliminated,True,True,0.500984254915661,0.3333333333333333,0.6666666666666667
31,10,3.0,3,Wayne Brady,38.0,Witney Carson,24.0,16.0,48.0,2.0,2,0.68,3,5.0,True,Correctly Predicted Eliminated,True,24.35897435897436,24.17948717948718,True,Correctly Predicted Eliminated,True,True,0.32083171218243894,0.0,0.75
31,10,3.0,4,Shangela,38.0,Gleb Savchenko,12.0,12.0,16.0,4.0,4,0.96,4,7.0,True,Correctly Predicted Eliminated,True,24.35897435897436,18.17948717948718,True,Correctly Predicted Eliminated,True,True,0.6123754979843583,0.3333333333333333,1.0
32,1,1.0,4,Charity Lawson,22.0,Artem Chigvintsev,4.39,2.2,30.75,7.0,7,0.7144,4,8.0,False,Correctly Predicted Safe,True,9.523809523809524,6.956904761904761,False,Correctly Predicted Safe,True,False,0.5066155061372704,0.23076923076923078,0.923292469352014
32,1,2.0,2,Jason Mraz,21.0,Daniella Karagach,7.69,2.2,30.75,4.0,4,0.7144,1,6.0,False,Correctly Predicted Safe,True,9.090909090909092,8.390454545454546,False,Correctly Predicted Safe,True,False,0.3317344832992522,0.0,0.8077057793345008
32,1,2.0,3,Ariana Madix,21.0,Pasha Pashkov,6.15,2.2,30.75,5.0,5,0.7144,2,7.0,False,Correctly Predicted Safe,True,9.090909090909092,7.620454545454546,False,Correctly Predicted Safe,True,False,0.38368059941900895,0.07692307692307693,0.861646234676007
32,1,4.0,8,Lele Pons,19.0,Brandon Armstrong,2.56,2.2,30.75,12.0,12,0.7144,9,16.0,False,Correctly Predicted Safe,True,8.225108225108226,5.392554112554113,False,Correctly Predicted Safe,True,False,0.5880467326443817,0.3076923076923077,0.9873905429071804
32,1,5.0,1,Xochitl Gomez,18.0,Valentin Chmerkovskiy,15.38,2.2,30.75,2.0,2,0.7144,3,7.0,False,Correctly Predicted Safe,True,7.792207792207792,11.586103896103896,False,Correctly Predicted Safe,True,False,0.44247365918228,0.3076923076923077,0.538353765323993
32,1,5.0,11,Adrian Peterson,18.0,Britt Stewart,3.42,2.2,30.75,9.0,9,0.7144,6,14.0,False,Correctly Predicted Safe,True,7.792207792207792,5.606103896103896,False,Correctly Predicted Safe,True,False,0.694705330748258,0.46153846153846156,0.9572679509632225
32,1,7.0,10,Mira Sorvino,17.0,Gleb Savchenko,3.08,2.2,30.75,10.0,10,0.7144,10,17.0,False,Correctly Predicted Safe,True,7.35930735930736,5.21965367965368,False,Correctly Predicted Safe,True,False,0.5216914773274391,0.23076923076923078,0.9691768826619965
32,1,8.0,7,Barry Williams,16.0,Peta Murgatroyd,5.13,2.2,30.75,6.0,6,0.7144,7,14.0,False,Correctly Predicted Safe,True,6.926406926406926,6.028203463203463,False,Correctly Predicted Safe,True,False,0.3927454654006678,0.07692307692307693,0.8973730297723292
32,1,9.0,13,Jamie Lynn Spears,15.0,Alan Bersten,2.37,2.2,30.75,13.0,13,0.7144,12,22.0,False,Correctly Predicted Safe,True,6.493506493506493,4.431753246753246,False,Correctly Predicted Safe,True,False,0.5902895792938854,0.3076923076923077,0.9940455341506129
32,1,9.0,9,Mauricio Umansky,15.0,Emma Slater,3.84,2.2,30.75,8.0,8,0.7144,11,17.0,False,Correctly Predicted Safe,True,6.493506493506493,5.166753246753246,False,Correctly Predicted Safe,True,False,0.36019532785569397,0.0,0.9425569176882662
32,1,11.0,5,Alyson Hannigan,13.0,Sasha Farber,10.25,2.2,30.75,3.0,3,0.7144,8,14.0,False,Correctly Predicted Safe,True,5.627705627705628,7.938852813852813,False,Correctly Predicted Safe,True,False,0.6181081356041858,0.46153846153846156,0.7180385288966724
32,1,12.0,14,Matt Walsh,12.0,Koko Iwasaki,2.2,2.2,10.25,14.0,14,0.9195,14,26.0,True,Correctly Predicted Eliminated,True,5.194805194805195,3.6974025974025975,True,Correctly Predicted Eliminated,True,True,0.4737293998426584,0.15384615384615385,1.0
32,1,12.0,12,Tyson Beckford,12.0,Jenna Johnson,2.8,2.2,30.75,11.0,11,0.7144,13,23.0,False,Correctly Predicted Safe,True,5.194805194805195,3.997402597402597,False,Correctly Predicted Safe,True,False,0.3686106615010247,0.0,0.978984238178634
32,1,12.0,6,Harry Jowsey,12.0,Rylee Arnold,30.75,2.2,30.75,1.0,1,0.7144,5,13.0,False,Correctly Predicted Safe,True,5.194805194805195,17.9724025974026,False,Correctly Predicted Safe,True,False,0.3927616718652764,0.46153846153846156,0.0
32,2,1.0,1,Xochitl Gomez,24.0,Valentin Chmerkovskiy,15.72,2.42,31.45,2.0,2,0.7097,1,3.0,False,Correctly Predicted Safe,True,10.084033613445378,12.902016806722688,False,Correctly Predicted Safe,True,False,0.28747817704701745,0.0,0.5418532552531863
32,2,1.0,2,Jason Mraz,24.0,Daniella Karagach,10.48,2.42,31.45,3.0,3,0.7097,2,4.0,False,Correctly Predicted Safe,True,10.084033613445378,10.28201680672269,False,Correctly Predicted Safe,True,False,0.3544323472841944,0.08333333333333333,0.7223561832586979
32,2,3.0,8,Lele Pons,21.0,Brandon Armstrong,2.86,2.42,31.45,11.0,11,0.7097,5,14.0,False,Correctly Predicted Safe,True,8.823529411764707,5.841764705882353,False,Correctly Predicted Safe,True,False,0.6708373078752601,0.4166666666666667,0.9848432655873235
32,2,3.0,4,Charity Lawson,21.0,Artem Chigvintsev,4.49,2.42,31.45,7.0,7,0.7097,4,10.0,False,Correctly Predicted Safe,True,8.823529411764707,6.656764705882353,False,Correctly Predicted Safe,True,False,0.4049144793508178,0.08333333333333333,0.9286944540130899
32,2,5.0,3,Ariana Madix,20.0,Pasha Pashkov,31.45,2.42,31.45,1.0,1,0.7097,3,6.0,False,Correctly Predicted Safe,True,8.403361344537815,19.92668067226891,False,Correctly Predicted Safe,True,False,0.2683422207611421,0.16666666666666666,0.0
32,2,6.0,5,Alyson Hannigan,19.0,Sasha Farber,3.93,2.42,31.45,8.0,8,0.7097,6,14.0,False,Correctly Predicted Safe,True,7.9831932773109235,5.956596638655462,False,Correctly Predicted Safe,True,False,0.4101261733519356,0.08333333333333333,0.9479848432655873
32,2,7.0,10,Mira Sorvino,18.0,Gleb Savchenko,3.49,2.42,31.45,9.0,9,0.7097,8,16.0,False,Correctly Predicted Safe,True,7.563025210084033,5.526512605042017,False,Correctly Predicted Safe,True,False,0.5345927654768399,0.25,0.9631415776782638
32,2,7.0,12,Tyson Beckford,18.0,Jenna Johnson,2.42,2.42,31.45,13.0,13,0.7097,11,20.0,False,Correctly Predicted Safe,True,7.563025210084033,4.991512605042017,False,Correctly Predicted Safe,True,False,0.6756016932581006,0.4166666666666667,1.0
32,2,9.0,13,Jamie Lynn Spears,16.0,Alan Bersten,2.62,2.42,6.29,12.0,12,0.9613,13,21.0,True,Correctly Predicted Eliminated,True,6.722689075630252,4.671344537815126,True,Correctly Predicted Eliminated,True,True,0.5950390325817823,0.3333333333333333,0.9483204134366925
32,2,10.0,7,Barry Williams,15.0,Peta Murgatroyd,5.24,2.42,31.45,6.0,6,0.7097,9,16.0,False,Correctly Predicted Safe,True,6.302521008403361,5.771260504201681,False,Correctly Predicted Safe,True,False,0.5146200094705646,0.25,0.9028591112642095
32,2,10.0,11,Adrian Peterson,15.0,Britt Stewart,3.14,2.42,31.45,10.0,10,0.7097,12,20.0,False,Correctly Predicted Safe,True,6.302521008403361,4.72126050420168,False,Correctly Predicted Safe,True,False,0.41761438104453197,0.08333333333333333,0.9751980709610747
32,2,10.0,6,Harry Jowsey,15.0,Rylee Arnold,7.86,2.42,31.45,4.0,4,0.7097,7,14.0,False,Correctly Predicted Safe,True,6.302521008403361,7.081260504201681,False,Correctly Predicted Safe,True,False,0.5492954522582637,0.3333333333333333,0.8126076472614536
32,2,13.0,9,Mauricio Umansky,12.0,Emma Slater,6.29,2.42,31.45,5.0,5,0.7097,10,18.0,False,Correctly Predicted Safe,True,5.042016806722689,5.666008403361344,False,Correctly Predicted Safe,True,False,0.5675087473466369,0.3333333333333333,0.8666896314157768
32,3,1.0,2,Jason Mraz,34.0,Daniella Karagach,10.74,2.69,32.22,3.0,3,0.7046,1,4.0,False,Correctly Predicted Safe,True,10.526315789473683,10.633157894736842,False,Correctly Predicted Safe,True,False,0.3595070901829409,0.09090909090909091,0.7273958686081949
32,3,1.0,3,Ariana Madix,34.0,Pasha Pashkov,6.44,2.69,32.22,5.0,5,0.7046,3,6.0,False,Correctly Predicted Safe,True,10.526315789473683,8.483157894736841,False,Correctly Predicted Safe,True,False,0.45472229039494666,0.18181818181818182,0.8730104977988487
32,3,3.0,1,Xochitl Gomez,32.0,Valentin Chmerkovskiy,32.22,2.69,32.22,1.0,1,0.7046,2,4.0,False,Correctly Predicted Safe,True,9.907120743034056,21.063560371517028,False,Correctly Predicted Safe,True,False,0.2723991632396707,0.18181818181818182,0.0
32,3,3.0,4,Charity Lawson,32.0,Artem Chigvintsev,5.37,2.69,32.22,6.0,6,0.7046,4,9.0,False,Correctly Predicted Safe,True,9.907120743034056,7.638560371517029,False,Correctly Predicted Safe,True,False,0.4044395750316267,0.09090909090909091,0.9092448357602438
32,3,5.0,8,Lele Pons,27.0,Brandon Armstrong,3.22,2.69,32.22,10.0,10,0.7046,8,15.0,False,Correctly Predicted Safe,True,8.359133126934983,5.789566563467492,False,Correctly Predicted Safe,True,False,0.5587255568435837,0.2727272727272727,0.9820521503555706
32,3,6.0,10,Mira Sorvino,26.0,Gleb Savchenko,2.69,2.69,32.22,12.0,12,0.7046,9,18.0,False,Correctly Predicted Safe,True,8.04953560371517,5.369767801857585,False,Correctly Predicted Safe,True,False,0.6358217313404393,0.36363636363636365,1.0
32,3,7.0,7,Barry Williams,25.0,Peta Murgatroyd,4.6,2.69,32.22,7.0,7,0.7046,7,14.0,False,Correctly Predicted Safe,True,7.739938080495357,6.169969040247678,False,Correctly Predicted Safe,True,False,0.3585603995038886,0.0,0.935320013545547
32,3,8.0,5,Alyson Hannigan,24.0,Sasha Farber,16.11,2.69,32.22,2.0,2,0.7046,5,10.0,False,Correctly Predicted Safe,True,7.430340557275541,11.77017027863777,False,Correctly Predicted Safe,True,False,0.42104126307864453,0.2727272727272727,0.5455469014561463
32,3,8.0,6,Harry Jowsey,24.0,Rylee Arnold,8.06,2.69,32.22,4.0,4,0.7046,6,12.0,False,Correctly Predicted Safe,True,7.430340557275541,7.74517027863777,False,Correctly Predicted Safe,True,False,0.4383839589505887,0.18181818181818182,0.8181510328479512
32,3,10.0,9,Mauricio Umansky,23.0,Emma Slater,4.03,2.69,32.22,8.0,8,0.7046,10,18.0,False,Correctly Predicted Safe,True,7.120743034055728,5.575371517027865,False,Correctly Predicted Safe,True,False,0.41680922524025615,0.09090909090909091,0.9546224178801219
32,3,11.0,11,Adrian Peterson,22.0,Britt Stewart,3.58,2.69,32.22,9.0,9,0.7046,11,20.0,False,Correctly Predicted Safe,True,6.811145510835913,5.195572755417956,False,Correctly Predicted Safe,True,False,0.3664739939150808,0.0,0.9698611581442601
32,3,12.0,12,Tyson Beckford,20.0,Jenna Johnson,2.93,2.69,32.22,11.0,11,0.7046,12,23.0,True,Correctly Predicted Eliminated,True,6.191950464396285,4.560975232198143,True,Correctly Predicted Eliminated,True,True,0.3716622455534252,0.0,0.9918726718591263
32,4,1.0,1,Xochitl Gomez,27.0,Valentin Chmerkovskiy,11.04,3.01,33.11,3.0,3,0.699,1,4.0,False,Correctly Predicted Safe,True,11.25,11.145,False,Correctly Predicted Safe,True,False,0.3178018065331121,0.0,0.7332225913621262
32,4,2.0,3,Ariana Madix,25.0,Pasha Pashkov,8.28,3.01,33.11,4.0,4,0.699,3,6.0,False,Correctly Predicted Safe,True,10.416666666666668,9.348333333333333,False,Correctly Predicted Safe,True,False,0.3879873758555457,0.1,0.8249169435215947
32,4,3.0,2,Jason Mraz,24.0,Daniella Karagach,33.11,3.01,33.11,1.0,1,0.699,2,4.0,False,Correctly Predicted Safe,True,10.0,21.555,False,Correctly Predicted Safe,True,False,0.25282754816961284,0.1,0.0
32,4,3.0,4,Charity Lawson,24.0,Artem Chigvintsev,6.62,3.01,33.11,5.0,5,0.699,4,8.0,False,Correctly Predicted Safe,True,10.0,8.31,False,Correctly Predicted Safe,True,False,0.4023141160377446,0.1,0.8800664451827243
32,4,5.0,8,Lele Pons,22.0,Brandon Armstrong,3.31,3.01,33.11,10.0,10,0.699,7,15.0,False,Correctly Predicted Safe,True,9.166666666666666,6.238333333333333,False,Correctly Predicted Safe,True,False,0.5828850502533995,0.3,0.9900332225913622
32,4,6.0,10,Mira Sorvino,21.0,Gleb Savchenko,3.68,3.01,33.11,9.0,9,0.699,8,15.0,False,Correctly Predicted Safe,True,8.75,6.215,False,Correctly Predicted Safe,True,False,0.6561823985567528,0.4,0.9777408637873755
32,4,6.0,11,Adrian Peterson,21.0,Britt Stewart,3.01,3.01,5.52,11.0,11,0.9749,10,17.0,True,Correctly Predicted Eliminated,True,8.75,5.88,True,Correctly Predicted Eliminated,True,True,0.7332121269687528,0.5,1.0
32,4,6.0,6,Harry Jowsey,21.0,Rylee Arnold,4.73,3.01,33.11,7.0,7,0.699,6,13.0,False,Correctly Predicted Safe,True,8.75,6.74,False,Correctly Predicted Safe,True,False,0.3602634178983668,0.0,0.9428571428571428
32,4,9.0,9,Mauricio Umansky,19.0,Emma Slater,4.14,3.01,33.11,8.0,8,0.699,11,17.0,False,Correctly Predicted Safe,True,7.916666666666666,6.028333333333332,False,Correctly Predicted Safe,True,False,0.3647545230598892,0.0,0.9624584717607974
32,4,10.0,7,Barry Williams,18.0,Peta Murgatroyd,5.52,3.01,33.11,6.0,6,0.699,9,16.0,False,Correctly Predicted Safe,True,7.5,6.51,False,Correctly Predicted Safe,True,False,0.5581177315318977,0.3,0.9166112956810631
32,4,10.0,5,Alyson Hannigan,18.0,Sasha Farber,16.56,3.01,33.11,2.0,2,0.699,5,12.0,False,Correctly Predicted Safe,True,7.5,12.03,False,Correctly Predicted Safe,True,False,0.5918076684699256,0.5,0.5498338870431894
32,5,1.0,1,Xochitl Gomez,28.0,Valentin Chmerkovskiy,17.07,3.41,34.14,2.0,2,0.6927,1,3.0,False,Correctly Predicted Safe,True,11.666666666666666,14.368333333333332,False,Correctly Predicted Safe,True,False,0.2893919420813801,0.0,0.5554832411324439
32,5,1.0,4,Charity Lawson,28.0,Artem Chigvintsev,5.69,3.41,34.14,6.0,6,0.6927,3,7.0,False,Correctly Predicted Safe,True,11.666666666666666,8.678333333333333,False,Correctly Predicted Safe,True,False,0.5874547405804151,0.3333333333333333,0.9258054018874065
32,5,3.0,2,Jason Mraz,27.0,Daniella Karagach,34.14,3.41,34.14,1.0,1,0.6927,2,4.0,False,Correctly Predicted Safe,True,11.25,22.695,False,Correctly Predicted Safe,True,False,0.25516563270111425,0.1111111111111111,0.0
32,5,4.0,7,Barry Williams,24.0,Peta Murgatroyd,4.27,3.41,34.14,8.0,8,0.6927,6,12.0,False,Correctly Predicted Safe,True,10.0,7.135,False,Correctly Predicted Safe,True,False,0.6030026086598819,0.3333333333333333,0.9720143182557761
32,5,4.0,8,Lele Pons,24.0,Brandon Armstrong,4.88,3.41,34.14,7.0,7,0.6927,5,11.0,False,Correctly Predicted Safe,True,10.0,7.439999999999999,False,Correctly Predicted Safe,True,False,0.6808975140280952,0.4444444444444444,0.9521640091116174
32,5,4.0,9,Mauricio Umansky,24.0,Emma Slater,3.79,3.41,34.14,9.0,9,0.6927,8,13.0,False,Correctly Predicted Safe,True,10.0,6.895,False,Correctly Predicted Safe,True,False,0.7642470963161394,0.5555555555555556,0.987634233647901
32,5,4.0,3,Ariana Madix,24.0,Pasha Pashkov,8.54,3.41,34.14,4.0,4,0.6927,4,8.0,False,Correctly Predicted Safe,True,10.0,9.27,False,Correctly Predicted Safe,True,False,0.3967579297408271,0.1111111111111111,0.8330621542466645
32,5,8.0,10,Mira Sorvino,22.0,Gleb Savchenko,3.41,3.41,11.38,10.0,10,0.9203,10,18.0,True,Correctly Predicted Eliminated,True,9.166666666666666,6.288333333333333,True,Correctly Predicted Eliminated,True,True,0.5252942043534206,0.2222222222222222,1.0
32,5,9.0,5,Alyson Hannigan,21.0,Sasha Farber,11.38,3.41,34.14,3.0,3,0.6927,7,12.0,False,Correctly Predicted Safe,True,8.75,10.065,False,Correctly Predicted Safe,True,False,0.6123432794730848,0.4444444444444444,0.7406443215099252
32,5,10.0,6,Harry Jowsey,18.0,Rylee Arnold,6.83,3.41,34.14,5.0,5,0.6927,9,15.0,False,Correctly Predicted Safe,True,7.5,7.165,False,Correctly Predicted Safe,True,False,0.6608880612375487,0.4444444444444444,0.8887081028311097
32,6,1.0,1,Xochitl Gomez,42.0,Valentin Chmerkovskiy,35.35,3.93,35.35,1.0,1,0.6858,1,2.0,False,Correctly Predicted Safe,True,13.043478260869565,24.196739130434786,False,Correctly Predicted Safe,True,False,0.2355694048831751,0.0,0.0
32,6,2.0,3,Ariana Madix,41.0,Pasha Pashkov,7.07,3.93,35.35,5.0,5,0.6858,2,7.0,False,Correctly Predicted Safe,True,12.732919254658384,9.901459627329192,False,Correctly Predicted Safe,True,False,0.4238067752997619,0.125,0.9000636537237429
32,6,3.0,2,Jason Mraz,39.0,Daniella Karagach,8.84,3.93,35.35,4.0,4,0.6858,3,7.0,False,Correctly Predicted Safe,True,12.111801242236025,10.475900621118011,False,Correctly Predicted Safe,True,False,0.4082168408562705,0.125,0.8437301082113304
32,6,4.0,4,Charity Lawson,38.0,Artem Chigvintsev,5.89,3.93,35.35,6.0,6,0.6858,4,10.0,False,Correctly Predicted Safe,True,11.801242236024844,8.845621118012422,False,Correctly Predicted Safe,True,False,0.35907852796341744,0.0,0.9376193507320179
32,6,5.0,8,Lele Pons,37.0,Brandon Armstrong,4.42,3.93,35.35,8.0,8,0.6858,7,13.0,False,Correctly Predicted Safe,True,11.490683229813664,7.955341614906832,False,Correctly Predicted Safe,True,False,0.6394044507254746,0.375,0.9844048376830045
32,6,6.0,9,Mauricio Umansky,33.0,Emma Slater,3.93,3.93,8.84,9.0,9,0.9509,9,15.0,True,Correctly Predicted Eliminated,True,10.248447204968944,7.089223602484472,True,Correctly Predicted Eliminated,True,True,0.6444999499655523,0.375,1.0
32,6,7.0,7,Barry Williams,32.0,Peta Murgatroyd,5.05,3.93,35.35,7.0,7,0.6858,8,14.0,False,Correctly Predicted Safe,True,9.937888198757763,7.493944099378881,False,Correctly Predicted Safe,True,False,0.36519357157702137,0.0,0.9643539147040102
32,6,8.0,5,Alyson Hannigan,31.0,Sasha Farber,17.67,3.93,35.35,2.0,2,0.6858,5,10.0,False,Correctly Predicted Safe,True,9.627329192546584,13.648664596273292,False,Correctly Predicted Safe,True,False,0.4987989752215734,0.375,0.5626989178866963
32,6,9.0,6,Harry Jowsey,29.0,Rylee Arnold,11.78,3.93,35.35,3.0,3,0.6858,6,12.0,False,Correctly Predicted Safe,True,9.006211180124224,10.393105590062111,False,Correctly Predicted Safe,True,False,0.560997720752169,0.375,0.7501591343093571
32,7,1.0,1,Xochitl Gomez,37.0,Valentin Chmerkovskiy,12.26,4.6,36.79,3.0,3,0.6781,1,4.0,False,Correctly Predicted Safe,False,13.120567375886525,12.690283687943262,False,Correctly Predicted Safe,False,False,0.32304426410699844,0.0,0.7620378999689345
32,7,1.0,3,Ariana Madix,37.0,Pasha Pashkov,7.36,4.6,36.79,5.0,5,0.6781,3,6.0,False,Correctly Predicted Safe,False,13.120567375886525,10.240283687943265,False,Correctly Predicted Safe,False,False,0.5461197436064145,0.2857142857142857,0.9142590866728797
32,7,3.0,8,Lele Pons,36.5,Brandon Armstrong,4.6,4.6,6.13,8.0,8,0.9847,7,11.0,False,Incorrectly Predicted Safe,False,12.943262411347517,8.771631205673758,False,Incorrectly Predicted Safe,False,True,0.8436117013246343,0.7142857142857143,1.0
32,7,4.0,2,Jason Mraz,36.0,Daniella Karagach,36.79,4.6,36.79,1.0,1,0.6781,2,5.0,False,Correctly Predicted Safe,False,12.76595744680851,24.777978723404253,False,Correctly Predicted Safe,False,False,0.3063882986753658,0.2857142857142857,0.0
32,7,4.0,4,Charity Lawson,36.0,Artem Chigvintsev,6.13,4.6,36.79,6.0,6,0.6781,4,10.0,False,Correctly Predicted Safe,False,12.76595744680851,9.447978723404256,False,Correctly Predicted Safe,False,False,0.3624546536390154,0.0,0.9524697110904007
32,7,6.0,5,Alyson Hannigan,35.0,Sasha Farber,9.2,4.6,36.79,4.0,4,0.6781,5,10.0,False,Correctly Predicted Safe,False,12.411347517730496,10.805673758865249,False,Correctly Predicted Safe,False,False,0.4234399409494518,0.14285714285714285,0.857098477788133
32,7,7.0,7,Barry Williams,32.5,Peta Murgatroyd,5.26,4.6,36.79,7.0,7,0.6781,8,14.0,True,Incorrectly Predicted Eliminated,False,11.52482269503546,8.39241134751773,True,Incorrectly Predicted Eliminated,False,False,0.3687312670772388,0.0,0.9794967381174278
32,7,8.0,6,Harry Jowsey,32.0,Rylee Arnold,18.4,4.6,36.79,2.0,2,0.6781,6,10.0,False,Correctly Predicted Safe,False,11.347517730496454,14.873758865248227,False,Correctly Predicted Safe,False,False,0.43708876049036893,0.2857142857142857,0.5712954333643989
32,8,1.0,3,Ariana Madix,42.0,Pasha Pashkov,7.71,5.51,38.57,5.0,5,0.6694,2,6.0,False,Correctly Predicted Safe,True,16.600790513833992,12.155395256916997,False,Correctly Predicted Safe,True,False,0.59003277451865,0.3333333333333333,0.9334543254688445
32,8,2.0,1,Xochitl Gomez,40.0,Valentin Chmerkovskiy,38.57,5.51,38.57,1.0,1,0.6694,1,3.0,False,Correctly Predicted Safe,True,15.810276679841898,27.19013833992095,False,Correctly Predicted Safe,True,False,0.2683422207611421,0.16666666666666666,0.0
32,8,3.0,4,Charity Lawson,39.0,Artem Chigvintsev,9.64,5.51,38.57,4.0,4,0.6694,3,7.0,False,Correctly Predicted Safe,True,15.41501976284585,12.527509881422926,False,Correctly Predicted Safe,True,False,0.44474211732572844,0.16666666666666666,0.8750756200846945
32,8,4.0,5,Alyson Hannigan,36.0,Sasha Farber,6.43,5.51,38.57,6.0,6,0.6694,5,10.0,False,Correctly Predicted Safe,True,14.229249011857709,10.329624505928855,False,Correctly Predicted Safe,True,False,0.47438251694023664,0.16666666666666666,0.9721718088324259
32,8,5.0,7,Barry Williams,35.0,Peta Murgatroyd,5.51,5.51,12.86,7.0,7,0.9265,7,12.0,True,Correctly Predicted Eliminated,True,13.83399209486166,9.67199604743083,True,Correctly Predicted Eliminated,True,True,0.6123754979843583,0.3333333333333333,1.0
32,8,6.0,2,Jason Mraz,33.0,Daniella Karagach,19.28,5.51,38.57,2.0,2,0.6694,4,8.0,False,Correctly Predicted Safe,True,13.043478260869565,16.161739130434782,False,Correctly Predicted Safe,True,False,0.7254681847207751,0.6666666666666666,0.5834845735027223
32,8,7.0,6,Harry Jowsey,28.0,Rylee Arnold,12.86,5.51,38.57,3.0,3,0.6694,6,10.0,False,Correctly Predicted Safe,True,11.067193675889328,11.963596837944664,False,Correctly Predicted Safe,True,False,0.4167599021910204,0.16666666666666666,0.7776769509981851
32,9,1.0,2,Jason Mraz,43.0,Daniella Karagach,13.61,6.8,40.82,3.0,3,0.6599,2,4.0,False,Correctly Predicted Safe,True,19.457013574660635,16.533506787330317,False,Correctly Predicted Safe,True,False,0.44549230987774036,0.2,0.7998236331569666
32,9,2.0,1,Xochitl Gomez,41.0,Valentin Chmerkovskiy,40.82,6.8,40.82,1.0,1,0.6599,1,3.0,False,Correctly Predicted Safe,True,18.552036199095024,29.68601809954751,False,Correctly Predicted Safe,True,False,0.27755033859368716,0.2,0.0
32,9,3.0,4,Charity Lawson,38.0,Artem Chigvintsev,10.2,6.8,40.82,4.0,4,0.6599,4,7.0,False,Correctly Predicted Safe,True,17.194570135746606,13.697285067873302,False,Correctly Predicted Safe,True,False,0.4761591492956312,0.2,0.9000587889476779
32,9,4.0,3,Ariana Madix,37.0,Pasha Pashkov,20.41,6.8,40.82,2.0,2,0.6599,3,6.0,False,Correctly Predicted Safe,True,16.7420814479638,18.576040723981897,False,Correctly Predicted Safe,True,False,0.39011449378405716,0.2,0.5999412110523222
32,9,5.0,5,Alyson Hannigan,32.0,Sasha Farber,8.16,6.8,40.82,5.0,5,0.6599,5,10.0,False,Correctly Predicted Safe,True,14.479638009049776,11.319819004524888,False,Correctly Predicted Safe,True,False,0.36419173634058766,0.0,0.9600235155790712
32,9,6.0,6,Harry Jowsey,30.0,Rylee Arnold,6.8,6.8,40.82,6.0,6,0.6599,6,12.0,True,Correctly Predicted Eliminated,True,13.574660633484164,10.18733031674208,True,Correctly Predicted Eliminated,True,True,0.3736064123757368,0.0,1.0
32,11,1.0,1,Xochitl Gomez,60.0,Valentin Chmerkovskiy,21.9,14.6,43.8,2.0,2,0.708,1,3.0,False,Correctly Predicted Safe,True,20.833333333333336,21.366666666666667,True,Incorrectly Predicted Eliminated,False,False,0.32083171218243894,0.0,0.75
32,11,3.0,2,Jason Mraz,58.5,Daniella Karagach,43.8,14.6,43.8,1.0,1,0.708,2,4.0,True,Correctly Predicted Eliminated,True,20.3125,32.05625,False,Incorrectly Predicted Safe,False,True,0.2934150186405623,0.25,0.0
32,11,2.0,4,Charity Lawson,59.0,Artem Chigvintsev,8.76,8.76,10.95,5.0,5,0.9781,4,7.0,True,Correctly Predicted Eliminated,True,20.48611111111111,14.623055555555556,True,Correctly Predicted Eliminated,False,True,0.7332121269687528,0.5,1.0
32,11,3.0,3,Ariana Madix,58.5,Pasha Pashkov,14.6,10.95,21.9,3.0,3,0.8905,3,6.0,True,Correctly Predicted Eliminated,True,20.3125,17.45625,True,Correctly Predicted Eliminated,False,True,0.3063882986753658,0.0,0.6666666666666666
32,11,5.0,5,Alyson Hannigan,52.0,Sasha Farber,10.95,8.76,21.9,4.0,4,0.8686,5,9.0,True,Correctly Predicted Eliminated,True,18.055555555555557,14.502777777777776,True,Correctly Predicted Eliminated,False,True,0.3368191428547673,0.0,0.8333333333333334
33,2,1.0,3,Chandler Kinney,47.0,Brandon Armstrong,7.86,2.42,31.45,4.0,4,0.7097,1,5.0,False,Correctly Predicted Safe,True,9.306930693069306,8.583465346534654,False,Correctly Predicted Safe,True,False,0.42657681888821963,0.16666666666666666,0.8126076472614536
33,2,2.0,6,Dwight Howard ,44.0,Daniella Karagach,3.49,2.42,31.45,9.0,9,0.7097,6,11.0,False,Correctly Predicted Safe,True,8.712871287128712,6.101435643564356,False,Correctly Predicted Safe,True,False,0.6000230433818017,0.3333333333333333,0.9631415776782638
33,2,3.0,4,Stephen Nedoroscik,43.0,Rylee Arnold,10.48,2.42,31.45,3.0,3,0.7097,3,6.0,False,Correctly Predicted Safe,True,8.514851485148515,9.497425742574258,False,Correctly Predicted Safe,True,False,0.3544323472841944,0.08333333333333333,0.7223561832586979
33,2,3.0,1,Joey Graziadei,43.0,Jenna Johnson,15.72,2.42,31.45,2.0,2,0.7097,2,5.0,False,Correctly Predicted Safe,True,8.514851485148515,12.11742574257426,False,Correctly Predicted Safe,True,False,0.35753251150544824,0.16666666666666666,0.5418532552531863
33,2,5.0,5,Danny Amendola,41.0,Witney Carson,6.29,2.42,31.45,5.0,5,0.7097,5,10.0,False,Correctly Predicted Safe,True,8.118811881188119,7.204405940594059,False,Correctly Predicted Safe,True,False,0.343663812383286,0.0,0.8666896314157768
33,2,7.0,2,Ilona Maher,39.0,Alan Bersten,31.45,2.42,31.45,1.0,1,0.7097,4,8.0,False,Correctly Predicted Safe,True,7.722772277227722,19.58638613861386,False,Correctly Predicted Safe,True,False,0.36702510411898165,0.4166666666666667,0.0
33,2,6.0,8,Phaedra Parks,40.0,Val Chmerkovskiy,2.86,2.42,31.45,11.0,11,0.7097,8,17.0,False,Correctly Predicted Safe,True,7.920792079207921,5.39039603960396,False,Correctly Predicted Safe,True,False,0.4783632595325044,0.16666666666666666,0.9848432655873235
33,2,8.0,9,Brooks Nader,38.0,Gleb Savchenko,3.14,2.42,31.45,10.0,10,0.7097,9,18.0,False,Correctly Predicted Safe,True,7.524752475247524,5.332376237623762,False,Correctly Predicted Safe,True,False,0.41761438104453197,0.08333333333333333,0.9751980709610747
33,2,10.0,12,Tori Spelling,36.0,Pasha Pashkov,2.42,2.42,7.86,13.0,13,0.9456,12,23.0,True,Correctly Predicted Eliminated,True,7.128712871287128,4.774356435643564,True,Correctly Predicted Eliminated,True,True,0.48315550159860904,0.16666666666666666,1.0
33,2,8.0,7,Jenn Tran,38.0,Sasha Farber,5.24,2.42,31.45,6.0,6,0.7097,7,14.0,False,Correctly Predicted Safe,True,7.524752475247524,6.382376237623762,False,Correctly Predicted Safe,True,False,0.3980622927407039,0.08333333333333333,0.9028591112642095
33,2,11.0,12,Anna Delvey,35.0,Ezra Sosa,2.62,2.42,10.48,12.0,12,0.9194,13,23.0,True,Correctly Predicted Eliminated,True,6.930693069306932,4.775346534653465,True,Correctly Predicted Eliminated,True,True,0.4176110536895209,0.08333333333333333,0.9751861042183623
33,2,13.0,10,Eric Roberts,30.0,Britt Stewart,4.49,2.42,31.45,7.0,7,0.7097,10,20.0,False,Correctly Predicted Safe,True,5.9405940594059405,5.21529702970297,False,Correctly Predicted Safe,True,False,0.5231437595746191,0.25,0.9286944540130899
33,2,12.0,10,Reginald VelJohnson,31.0,Emma Slater,3.93,2.42,31.45,8.0,8,0.7097,11,20.0,False,Correctly Predicted Safe,True,6.138613861386139,5.034306930693069,False,Correctly Predicted Safe,True,False,0.4668522656306862,0.16666666666666666,0.9479848432655873
33,3,1.0,1,Joey Graziadei,35.0,Jenna Johnson,16.56,3.01,33.11,2.0,2,0.699,1,3.0,False,Correctly Predicted Safe,True,11.0062893081761,13.78314465408805,False,Correctly Predicted Safe,True,False,0.2885943698329587,0.0,0.5498338870431894
33,3,2.0,3,Chandler Kinney,34.5,Brandon Armstrong,5.52,3.01,33.11,6.0,6,0.699,2,8.0,False,Correctly Predicted Safe,True,10.849056603773583,8.184528301886793,False,Correctly Predicted Safe,True,False,0.41217837088542847,0.1,0.9166112956810631
33,3,3.0,4,Stephen Nedoroscik,31.0,Rylee Arnold,6.62,3.01,33.11,5.0,5,0.699,3,8.0,False,Correctly Predicted Safe,True,9.748427672955977,8.184213836477987,False,Correctly Predicted Safe,True,False,0.4023141160377446,0.1,0.8800664451827243
33,3,3.0,7,Jenn Tran,31.0,Sasha Farber,4.14,3.01,33.11,8.0,8,0.699,6,11.0,False,Correctly Predicted Safe,True,9.748427672955977,6.944213836477987,False,Correctly Predicted Safe,True,False,0.6512519489628221,0.4,0.9624584717607974
33,3,5.0,9,Brooks Nader,30.5,Gleb Savchenko,3.01,3.01,33.11,11.0,11,0.699,8,16.0,False,Correctly Predicted Safe,True,9.59119496855346,6.30059748427673,False,Correctly Predicted Safe,True,False,0.6633109060769367,0.4,1.0
33,3,6.0,5,Danny Amendola,30.0,Witney Carson,8.28,3.01,33.11,4.0,4,0.699,5,10.0,False,Correctly Predicted Safe,True,9.433962264150944,8.856981132075472,False,Correctly Predicted Safe,True,False,0.3879873758555457,0.1,0.8249169435215947
33,3,7.0,2,Ilona Maher,28.0,Alan Bersten,33.11,3.01,33.11,1.0,1,0.699,4,8.0,False,Correctly Predicted Safe,True,8.80503144654088,20.95751572327044,False,Correctly Predicted Safe,True,False,0.416787873031247,0.5,0.0
33,3,7.0,8,Phaedra Parks,28.0,Val Chmerkovskiy,3.68,3.01,33.11,9.0,9,0.699,9,16.0,False,Correctly Predicted Safe,True,8.80503144654088,6.24251572327044,False,Correctly Predicted Safe,True,False,0.42931216670446526,0.1,0.9777408637873755
33,3,9.0,6,Dwight Howard ,26.0,Daniella Karagach,11.04,3.01,33.11,3.0,3,0.699,7,12.0,False,Correctly Predicted Safe,True,8.176100628930817,9.608050314465409,False,Correctly Predicted Safe,True,False,0.4973517889050748,0.3,0.7332225913621262
33,3,10.0,10,Eric Roberts,23.0,Britt Stewart,3.31,3.01,33.11,10.0,10,0.699,11,20.0,True,Correctly Predicted Eliminated,True,7.232704402515723,5.271352201257861,True,Correctly Predicted Eliminated,True,True,0.37122435526356995,0.0,0.9900332225913622
33,3,11.0,10,Reginald VelJohnson,21.0,Emma Slater,4.73,3.01,33.11,7.0,7,0.699,10,18.0,True,Correctly Predicted Eliminated,True,6.60377358490566,5.66688679245283,True,Correctly Predicted Eliminated,True,True,0.41943954407888784,0.1,0.9428571428571428
33,4,1.0,5,Danny Amendola,36.0,Witney Carson,5.05,3.93,35.35,7.0,7,0.6858,3,8.0,False,Correctly Predicted Safe,True,12.244897959183673,8.647448979591836,False,Correctly Predicted Safe,True,False,0.7231907946176119,0.5,0.9643539147040102
33,4,1.0,1,Joey Graziadei,36.0,Jenna Johnson,35.35,3.93,35.35,1.0,1,0.6858,1,2.0,False,Correctly Predicted Safe,True,12.244897959183673,23.79744897959184,False,Correctly Predicted Safe,True,False,0.2355694048831751,0.0,0.0
33,4,3.0,4,Stephen Nedoroscik,33.0,Rylee Arnold,7.07,3.93,35.35,5.0,5,0.6858,4,8.0,False,Correctly Predicted Safe,True,11.224489795918368,9.147244897959183,False,Correctly Predicted Safe,True,False,0.4238067752997619,0.125,0.9000636537237429
33,4,4.0,3,Chandler Kinney,32.0,Brandon Armstrong,17.67,3.93,35.35,2.0,2,0.6858,2,6.0,False,Correctly Predicted Safe,True,10.884353741496598,14.2771768707483,False,Correctly Predicted Safe,True,False,0.34110495385118567,0.125,0.5626989178866963
33,4,4.0,2,Ilona Maher,32.0,Alan Bersten,8.84,3.93,35.35,4.0,4,0.6858,5,8.0,False,Correctly Predicted Safe,True,10.884353741496598,9.8621768707483,False,Correctly Predicted Safe,True,False,0.4953645012418481,0.25,0.8437301082113304
33,4,4.0,9,Brooks Nader,32.0,Gleb Savchenko,3.93,3.93,5.89,9.0,9,0.9804,9,13.0,True,Correctly Predicted Eliminated,True,10.884353741496598,7.407176870748299,True,Correctly Predicted Eliminated,True,True,0.8045907966321051,0.625,1.0
33,4,4.0,8,Phaedra Parks,32.0,Val Chmerkovskiy,5.89,3.93,35.35,6.0,6,0.6858,6,10.0,False,Correctly Predicted Safe,True,10.884353741496598,8.387176870748299,False,Correctly Predicted Safe,True,False,0.715505337551942,0.5,0.9376193507320179
33,4,4.0,7,Jenn Tran,32.0,Sasha Farber,4.42,3.93,35.35,8.0,8,0.6858,7,12.0,False,Correctly Predicted Safe,True,10.884353741496598,7.652176870748299,False,Correctly Predicted Safe,True,False,0.6394044507254746,0.375,0.9844048376830045
33,4,9.0,6,Dwight Howard ,29.0,Daniella Karagach,11.78,3.93,35.35,3.0,3,0.6858,8,12.0,False,Correctly Predicted Safe,True,9.863945578231291,10.821972789115645,False,Correctly Predicted Safe,True,False,0.560997720752169,0.375,0.7501591343093571
33,5,1.0,3,Chandler Kinney,27.0,Brandon Armstrong,9.2,4.6,36.79,4.0,4,0.6781,3,5.0,False,Correctly Predicted Safe,True,13.366336633663368,11.283168316831684,False,Correctly Predicted Safe,True,False,0.5270349067723532,0.2857142857142857,0.857098477788133
33,5,2.0,2,Ilona Maher,26.0,Alan Bersten,18.4,4.6,36.79,2.0,2,0.6781,2,4.0,False,Correctly Predicted Safe,True,12.871287128712872,15.635643564356435,False,Correctly Predicted Safe,True,False,0.291657362313951,0.0,0.5712954333643989
33,5,2.0,1,Joey Graziadei,26.0,Jenna Johnson,36.79,4.6,36.79,1.0,1,0.6781,1,3.0,False,Correctly Predicted Safe,True,12.871287128712872,24.83064356435644,False,Correctly Predicted Safe,True,False,0.26237952237044176,0.14285714285714285,0.0
33,5,4.0,5,Danny Amendola,25.5,Witney Carson,6.13,4.6,36.79,6.0,6,0.6781,5,10.0,False,Correctly Predicted Safe,True,12.623762376237623,9.376881188118812,False,Correctly Predicted Safe,True,False,0.4512670407018542,0.14285714285714285,0.9524697110904007
33,5,4.0,7,Jenn Tran,25.5,Sasha Farber,4.6,4.6,36.79,8.0,8,0.6781,7,12.0,False,Correctly Predicted Safe,True,12.623762376237623,8.611881188118812,False,Correctly Predicted Safe,True,False,0.6842422296693466,0.42857142857142855,1.0
33,5,6.0,6,Dwight Howard ,24.0,Daniella Karagach,7.36,4.6,36.79,5.0,5,0.6781,6,11.0,False,Correctly Predicted Safe,True,11.88118811881188,9.62059405940594,False,Correctly Predicted Safe,True,False,0.3538720828174342,0.0,0.9142590866728797
33,5,6.0,4,Stephen Nedoroscik,24.0,Rylee Arnold,12.26,4.6,36.79,3.0,3,0.6781,4,9.0,False,Correctly Predicted Safe,True,11.88118811881188,12.07059405940594,False,Correctly Predicted Safe,True,False,0.4958935680236657,0.2857142857142857,0.7620378999689345
33,5,6.0,8,Phaedra Parks,24.0,Val Chmerkovskiy,5.26,4.6,12.26,7.0,7,0.9233,8,13.0,True,Correctly Predicted Eliminated,True,11.88118811881188,8.570594059405941,True,Correctly Predicted Eliminated,True,True,0.5459785141937632,0.2857142857142857,0.9138381201044387
33,6,1.0,3,Chandler Kinney,32.0,Brandon Armstrong,7.71,5.51,38.57,5.0,5,0.6694,2,6.0,False,Correctly Predicted Safe,True,15.53398058252427,11.621990291262136,False,Correctly Predicted Safe,True,False,0.59003277451865,0.3333333333333333,0.9334543254688445
33,6,1.0,1,Joey Graziadei,32.0,Jenna Johnson,19.28,5.51,38.57,2.0,2,0.6694,1,3.0,False,Correctly Predicted Safe,True,15.53398058252427,17.406990291262137,False,Correctly Predicted Safe,True,False,0.29343728403711233,0.0,0.5834845735027223
33,6,3.0,6,Dwight Howard ,31.0,Daniella Karagach,6.43,5.51,38.57,6.0,6,0.6694,5,9.0,False,Correctly Predicted Safe,True,15.048543689320388,10.739271844660196,False,Correctly Predicted Safe,True,False,0.7254110798609781,0.5,0.9721718088324259
33,6,3.0,7,Jenn Tran,31.0,Sasha Farber,5.51,5.51,7.71,7.0,7,0.978,7,10.0,True,Correctly Predicted Eliminated,True,15.048543689320388,10.279271844660194,True,Correctly Predicted Eliminated,True,True,0.8240137888504433,0.6666666666666666,1.0
33,6,5.0,5,Danny Amendola,28.0,Witney Carson,9.64,5.51,38.57,4.0,4,0.6694,6,9.0,False,Correctly Predicted Safe,True,13.592233009708735,11.616116504854368,False,Correctly Predicted Safe,True,False,0.34542515921712946,0.0,0.8750756200846945
33,6,5.0,4,Stephen Nedoroscik,28.0,Rylee Arnold,12.86,5.51,38.57,3.0,3,0.6694,3,8.0,False,Correctly Predicted Safe,True,13.592233009708735,13.226116504854367,False,Correctly Predicted Safe,True,False,0.4167599021910204,0.16666666666666666,0.7776769509981851
33,6,7.0,2,Ilona Maher,24.0,Alan Bersten,38.57,5.51,38.57,1.0,1,0.6694,4,8.0,False,Correctly Predicted Safe,True,11.650485436893204,25.110242718446603,False,Correctly Predicted Safe,True,False,0.666844498401391,0.8333333333333334,0.0
33,7,1.0,3,Chandler Kinney,30.0,Brandon Armstrong,8.16,6.8,40.82,5.0,5,0.6599,3,6.0,False,Correctly Predicted Safe,True,18.75,13.455,False,Correctly Predicted Safe,True,False,0.6504637798051891,0.4,0.9600235155790712
33,7,2.0,1,Joey Graziadei,27.5,Jenna Johnson,20.41,6.8,40.82,2.0,2,0.6599,1,4.0,False,Correctly Predicted Safe,True,17.1875,18.79875,False,Correctly Predicted Safe,True,False,0.39011449378405716,0.2,0.5999412110523222
33,7,3.0,4,Stephen Nedoroscik,27.0,Rylee Arnold,10.2,6.8,40.82,4.0,4,0.6599,4,7.0,False,Correctly Predicted Safe,True,16.875,13.5375,False,Correctly Predicted Safe,True,False,0.4761591492956312,0.2,0.9000587889476779
33,7,4.0,2,Ilona Maher,26.0,Alan Bersten,40.82,6.8,40.82,1.0,1,0.6599,2,5.0,False,Correctly Predicted Safe,True,16.25,28.535,False,Correctly Predicted Safe,True,False,0.35811372010831033,0.4,0.0
33,7,5.0,5,Danny Amendola,25.5,Witney Carson,13.61,6.8,40.82,3.0,3,0.6599,5,8.0,False,Correctly Predicted Safe,True,15.937499999999998,14.77375,False,Correctly Predicted Safe,True,False,0.3302008236873968,0.0,0.7998236331569666
33,7,6.0,6,Dwight Howard ,24.0,Daniella Karagach,6.8,6.8,40.82,6.0,6,0.6599,6,12.0,True,Correctly Predicted Eliminated,True,15.0,10.9,True,Correctly Predicted Eliminated,True,True,0.3736064123757368,0.0,1.0
33,9,1.0,3,Chandler Kinney,59.0,Brandon Armstrong,8.76,8.76,14.6,5.0,5,0.9416,3,6.0,True,Correctly Predicted Eliminated,False,20.665499124343256,14.712749562171629,True,Correctly Predicted Eliminated,False,True,0.7332121269687528,0.5,1.0
33,9,4.0,4,Stephen Nedoroscik,56.0,Rylee Arnold,14.6,8.76,43.8,3.0,3,0.6496,4,7.0,True,Correctly Predicted Eliminated,False,19.61471103327496,17.10735551663748,True,Correctly Predicted Eliminated,False,True,0.3368191428547673,0.0,0.8333333333333334
33,9,2.0,1,Joey Graziadei,58.5,Jenna Johnson,21.9,10.95,43.8,2.0,2,0.6715,1,4.0,True,Incorrectly Predicted Eliminated,False,20.490367775831874,21.195183887915935,True,Incorrectly Predicted Eliminated,False,False,0.4406159756184553,0.25,0.6666666666666666
33,9,3.0,2,Ilona Maher,57.0,Alan Bersten,43.8,14.6,43.8,1.0,1,0.708,2,4.0,False,Incorrectly Predicted Safe,False,19.96497373029772,31.88248686514886,False,Incorrectly Predicted Safe,False,True,0.2934150186405623,0.25,0.0
33,9,5.0,5,Danny Amendola,55.0,Witney Carson,10.95,8.76,43.8,4.0,4,0.6496,5,9.0,True,Correctly Predicted Eliminated,False,19.264448336252187,15.107224168126091,True,Correctly Predicted Eliminated,False,True,0.35905160326782903,0.0,0.9375
34,2,8.0,3,Jordan Chiles,32.0,Ezra Sosa (Apolo Anton Ohno week 9),10.25,2.2,30.75,3.0,3,0.7144,4,11.0,False,Correctly Predicted Safe,True,7.239819004524888,8.744909502262445,False,Correctly Predicted Safe,True,False,0.5577348335464622,0.38461538461538464,0.7180385288966724
34,2,1.0,1,Robert Irwin,37.0,Witney Carson (Xoshitl Gomez week 9),15.38,2.2,30.75,2.0,2,0.7144,1,3.0,False,Correctly Predicted Safe,True,8.3710407239819,11.87552036199095,False,Correctly Predicted Safe,True,False,0.2869925901202573,0.0,0.538353765323993
34,2,4.0,9,Jen Affleck,34.0,Jan Ravnik,3.08,2.2,30.75,10.0,10,0.7144,7,14.0,False,Correctly Predicted Safe,True,7.6923076923076925,5.386153846153846,False,Correctly Predicted Safe,True,False,0.6417627154265986,0.38461538461538464,0.9691768826619965
34,2,1.0,6,Whitney Leavitt,37.0,Mark Ballas,3.42,2.2,30.75,9.0,9,0.7144,2,10.0,False,Correctly Predicted Safe,True,8.3710407239819,5.8955203619909495,False,Correctly Predicted Safe,True,False,0.6378635549030509,0.38461538461538464,0.9572679509632225
34,2,7.0,5,Elaine Hendrix,33.0,Alan Bersten (Rashad Jennings week 9),6.15,2.2,30.75,5.0,5,0.7144,6,12.0,False,Correctly Predicted Safe,True,7.46606334841629,6.808031674208145,False,Correctly Predicted Safe,True,False,0.4320568774071888,0.15384615384615385,0.861646234676007
34,2,3.0,11,Hilaria Baldwin,35.0,Gleb Savchenko,2.56,2.2,30.75,12.0,12,0.7144,8,15.0,False,Correctly Predicted Safe,True,7.918552036199094,5.239276018099547,False,Correctly Predicted Safe,True,False,0.7970534786646859,0.6153846153846154,0.9873905429071804
34,2,4.0,12,Lauren Jauregui,34.0,Brandon Armstrong,2.2,2.2,30.75,14.0,14,0.7144,11,18.0,False,Correctly Predicted Safe,True,7.6923076923076925,4.946153846153846,False,Correctly Predicted Safe,True,False,0.7997984213330591,0.6153846153846154,1.0
34,2,4.0,2,Alix Earle,34.0,Val Chmerkovskiy (Joey Graziadei week 9),5.13,2.2,30.75,6.0,6,0.7144,3,10.0,False,Correctly Predicted Safe,True,7.6923076923076925,6.411153846153846,False,Correctly Predicted Safe,True,False,0.44248692212466034,0.15384615384615385,0.8973730297723292
34,2,10.0,4,Dylan Efron,30.0,Daniella Karagach (Rumer Willis week 9),30.75,2.2,30.75,1.0,1,0.7144,5,11.0,False,Correctly Predicted Safe,True,6.787330316742081,18.76866515837104,False,Correctly Predicted Safe,True,False,0.3927616718652764,0.46153846153846156,0.0
34,2,9.0,8,Danielle Fishel,31.0,Pasha Pashkov,4.39,2.2,30.75,7.0,7,0.7144,9,16.0,False,Correctly Predicted Safe,True,7.013574660633484,5.701787330316742,False,Correctly Predicted Safe,True,False,0.3995023557853925,0.07692307692307693,0.923292469352014
34,2,11.0,13,Baron Davis,28.0,Britt Stewart,2.37,2.2,10.25,13.0,13,0.9195,13,24.0,True,Correctly Predicted Eliminated,True,6.334841628959276,4.352420814479638,True,Correctly Predicted Eliminated,True,True,0.4671563932560182,0.15384615384615385,0.9788819875776398
34,2,11.0,10,Scott Hoying,28.0,Rylee Arnold,3.84,2.2,30.75,8.0,8,0.7144,12,19.0,False,Correctly Predicted Safe,True,6.334841628959276,5.087420814479637,False,Correctly Predicted Safe,True,False,0.4046211269499861,0.07692307692307693,0.9425569176882662
34,2,13.0,7,Andy Richter,25.0,Emma Slater/Kaitlyn Bristowe (week 9),7.69,2.2,30.75,4.0,4,0.7144,10,17.0,False,Correctly Predicted Safe,True,5.656108597285068,6.673054298642534,False,Correctly Predicted Safe,True,False,0.6476329553109412,0.46153846153846156,0.8077057793345008
34,2,14.0,13,Corey Feldman,24.0,Jenna Johnson,2.8,2.2,30.75,11.0,11,0.7144,14,25.0,True,Correctly Predicted Eliminated,True,5.429864253393665,4.114932126696832,True,Correctly Predicted Eliminated,True,True,0.4145213966219412,0.07692307692307693,0.978984238178634
34,3,1.0,3,Jordan Chiles,24.0,Ezra Sosa (Apolo Anton Ohno week 9),5.37,2.69,32.22,6.0,6,0.7046,3,7.0,False,Correctly Predicted Safe,True,9.33852140077821,7.354260700389105,False,Correctly Predicted Safe,True,False,0.4658053138438238,0.18181818181818182,0.9092448357602438
34,3,1.0,6,Whitney Leavitt,24.0,Mark Ballas,2.93,2.69,32.22,11.0,11,0.7046,5,12.0,False,Correctly Predicted Safe,True,9.33852140077821,6.134260700389105,False,Correctly Predicted Safe,True,False,0.7002190416249374,0.45454545454545453,0.9918726718591263
34,3,3.0,2,Alix Earle,23.0,Val Chmerkovskiy (Joey Graziadei week 9),16.11,2.69,32.22,2.0,2,0.7046,1,5.0,False,Correctly Predicted Safe,True,8.949416342412452,12.529708171206224,False,Correctly Predicted Safe,True,False,0.3222373609568566,0.09090909090909091,0.5455469014561463
34,3,3.0,4,Dylan Efron,23.0,Daniella Karagach (Rumer Willis week 9),6.44,2.69,32.22,5.0,5,0.7046,4,8.0,False,Correctly Predicted Safe,True,8.949416342412452,7.694708171206226,False,Correctly Predicted Safe,True,False,0.39488539470280376,0.09090909090909091,0.8730104977988487
34,3,5.0,1,Robert Irwin,22.0,Witney Carson (Xoshitl Gomez week 9),32.22,2.69,32.22,1.0,1,0.7046,2,6.0,False,Correctly Predicted Safe,True,8.560311284046692,20.390155642023345,False,Correctly Predicted Safe,True,False,0.3398963268722741,0.36363636363636365,0.0
34,3,5.0,11,Hilaria Baldwin,22.0,Gleb Savchenko,3.22,2.69,32.22,10.0,10,0.7046,9,15.0,False,Correctly Predicted Safe,True,8.560311284046692,5.8901556420233465,False,Correctly Predicted Safe,True,False,0.7568176092010799,0.5454545454545454,0.9820521503555706
34,3,5.0,10,Scott Hoying,22.0,Rylee Arnold,3.58,2.69,32.22,9.0,9,0.7046,7,14.0,False,Correctly Predicted Safe,True,8.560311284046692,6.070155642023346,False,Correctly Predicted Safe,True,False,0.6935754041528042,0.45454545454545453,0.9698611581442601
34,3,8.0,8,Danielle Fishel,21.0,Pasha Pashkov,4.6,2.69,32.22,7.0,7,0.7046,10,15.0,False,Correctly Predicted Safe,True,8.171206225680933,6.385603112840466,False,Correctly Predicted Safe,True,False,0.3585603995038886,0.0,0.935320013545547
34,3,8.0,5,Elaine Hendrix,21.0,Alan Bersten (Rashad Jennings week 9),8.06,2.69,32.22,4.0,4,0.7046,6,12.0,False,Correctly Predicted Safe,True,8.171206225680933,8.115603112840468,False,Correctly Predicted Safe,True,False,0.5042563161717961,0.2727272727272727,0.8181510328479512
34,3,10.0,9,Jen Affleck,19.0,Jan Ravnik,4.03,2.69,32.22,8.0,8,0.7046,11,18.0,False,Correctly Predicted Safe,True,7.392996108949417,5.711498054474708,False,Correctly Predicted Safe,True,False,0.41680922524025615,0.09090909090909091,0.9546224178801219
34,3,11.0,7,Andy Richter,18.0,Emma Slater/Kaitlyn Bristowe (week 9),10.74,2.69,32.22,3.0,3,0.7046,8,14.0,False,Correctly Predicted Safe,True,7.003891050583658,8.871945525291828,False,Correctly Predicted Safe,True,False,0.5444277461489504,0.36363636363636365,0.7273958686081949
34,3,11.0,12,Lauren Jauregui,18.0,Brandon Armstrong,2.69,2.69,16.11,12.0,12,0.8657,12,23.0,True,Correctly Predicted Eliminated,True,7.003891050583658,4.8469455252918285,True,Correctly Predicted Eliminated,True,True,0.4296123092520298,0.09090909090909091,1.0
34,4,1.0,6,Whitney Leavitt,25.0,Mark Ballas,3.31,3.01,33.11,10.0,10,0.699,6,11.0,False,Correctly Predicted Safe,True,10.080645161290322,6.695322580645161,False,Correctly Predicted Safe,True,False,0.7304366603638204,0.5,0.9900332225913622
34,4,2.0,5,Elaine Hendrix,24.0,Alan Bersten (Rashad Jennings week 9),4.14,3.01,33.11,8.0,8,0.699,4,10.0,False,Correctly Predicted Safe,True,9.67741935483871,6.908709677419354,False,Correctly Predicted Safe,True,False,0.5735797410100949,0.3,0.9624584717607974
34,4,2.0,3,Jordan Chiles,24.0,Ezra Sosa (Apolo Anton Ohno week 9),8.28,3.01,33.11,4.0,4,0.699,2,6.0,False,Correctly Predicted Safe,True,9.67741935483871,8.978709677419355,False,Correctly Predicted Safe,True,False,0.3879873758555457,0.1,0.8249169435215947
34,4,2.0,2,Alix Earle,24.0,Val Chmerkovskiy (Joey Graziadei week 9),16.56,3.01,33.11,2.0,2,0.699,1,4.0,False,Correctly Predicted Safe,True,9.67741935483871,13.118709677419352,False,Correctly Predicted Safe,True,False,0.2885943698329587,0.0,0.5498338870431894
34,4,5.0,11,Hilaria Baldwin,23.0,Gleb Savchenko,3.01,3.01,4.73,11.0,11,0.9828,10,16.0,True,Correctly Predicted Eliminated,True,9.274193548387096,6.142096774193548,True,Correctly Predicted Eliminated,True,True,0.7918862798916897,0.6,1.0
34,4,5.0,9,Jen Affleck,23.0,Jan Ravnik,3.68,3.01,33.11,9.0,9,0.699,7,14.0,False,Correctly Predicted Safe,True,9.274193548387096,6.477096774193548,False,Correctly Predicted Safe,True,False,0.6561823985567528,0.4,0.9777408637873755
34,4,5.0,4,Dylan Efron,23.0,Daniella Karagach (Rumer Willis week 9),6.62,3.01,33.11,5.0,5,0.699,5,10.0,False,Correctly Predicted Safe,True,9.274193548387096,7.9470967741935485,False,Correctly Predicted Safe,True,False,0.4023141160377446,0.1,0.8800664451827243
34,4,8.0,1,Robert Irwin,22.0,Witney Carson (Xoshitl Gomez week 9),33.11,3.01,33.11,1.0,1,0.699,3,9.0,False,Correctly Predicted Safe,True,8.870967741935484,20.990483870967743,False,Correctly Predicted Safe,True,False,0.5637533737854423,0.7,0.0
34,4,9.0,8,Danielle Fishel,21.0,Pasha Pashkov,5.52,3.01,33.11,6.0,6,0.699,9,15.0,False,Correctly Predicted Safe,True,8.46774193548387,6.993870967741935,False,Correctly Predicted Safe,True,False,0.41217837088542847,0.1,0.9166112956810631
34,4,9.0,10,Scott Hoying,21.0,Rylee Arnold,4.73,3.01,33.11,7.0,7,0.699,11,16.0,False,Correctly Predicted Safe,True,8.46774193548387,6.598870967741935,False,Correctly Predicted Safe,True,False,0.41943954407888784,0.1,0.9428571428571428
34,4,11.0,7,Andy Richter,18.0,Emma Slater/Kaitlyn Bristowe (week 9),11.04,3.01,33.11,3.0,3,0.699,8,14.0,False,Correctly Predicted Safe,True,7.258064516129033,9.149032258064516,False,Correctly Predicted Safe,True,False,0.5749626245848414,0.4,0.7332225913621262
34,6,2.0,3,Jordan Chiles,71.0,Ezra Sosa (Apolo Anton Ohno week 9),8.54,3.41,34.14,4.0,4,0.6927,3,6.0,False,Correctly Predicted Safe,True,10.872894333843798,9.706447166921896,False,Correctly Predicted Safe,True,False,0.3967579297408271,0.1111111111111111,0.8330621542466645
34,6,1.0,6,Whitney Leavitt,72.0,Mark Ballas,4.88,3.41,34.14,7.0,7,0.6927,4,8.0,False,Correctly Predicted Safe,True,11.0260336906585,7.95301684532925,False,Correctly Predicted Safe,True,False,0.7551817622250836,0.5555555555555556,0.9521640091116174
34,6,7.0,8,Danielle Fishel,65.0,Pasha Pashkov,3.79,3.41,34.14,9.0,9,0.6927,7,16.0,False,Correctly Predicted Safe,True,9.95405819295559,6.872029096477794,False,Correctly Predicted Safe,True,False,0.4397030879697742,0.1111111111111111,0.987634233647901
34,6,6.0,5,Elaine Hendrix,66.0,Alan Bersten (Rashad Jennings week 9),6.83,3.41,34.14,5.0,5,0.6927,6,11.0,False,Correctly Predicted Safe,True,10.10719754977029,8.468598774885145,False,Correctly Predicted Safe,True,False,0.4116372677792379,0.1111111111111111,0.8887081028311097
34,6,2.0,1,Robert Irwin,71.0,Witney Carson (Xoshitl Gomez week 9),17.07,3.41,34.14,2.0,2,0.6927,1,4.0,False,Correctly Predicted Safe,True,10.872894333843798,13.971447166921898,False,Correctly Predicted Safe,True,False,0.3331156246602574,0.1111111111111111,0.5554832411324439
34,6,4.0,2,Alix Earle,70.0,Val Chmerkovskiy (Joey Graziadei week 9),34.14,3.41,34.14,1.0,1,0.6927,2,5.0,False,Correctly Predicted Safe,True,10.719754977029096,22.42987748851455,False,Correctly Predicted Safe,True,False,0.2842843320060176,0.2222222222222222,0.0
34,6,8.0,9,Jen Affleck,61.0,Jan Ravnik,4.27,3.41,34.14,8.0,8,0.6927,8,16.0,False,Correctly Predicted Safe,True,9.341500765696784,6.805750382848392,False,Correctly Predicted Safe,True,False,0.4351410293913148,0.1111111111111111,0.9720143182557761
34,6,5.0,4,Dylan Efron,68.0,Daniella Karagach (Rumer Willis week 9),11.38,3.41,34.14,3.0,3,0.6927,5,8.0,False,Correctly Predicted Safe,True,10.413476263399694,10.896738131699848,False,Correctly Predicted Safe,True,False,0.3735832576539607,0.1111111111111111,0.7406443215099252
34,6,9.0,10,Scott Hoying,58.0,Rylee Arnold,3.41,3.41,17.07,10.0,10,0.8634,10,19.0,True,Correctly Predicted Eliminated,True,8.88208269525268,6.1460413476263405,True,Correctly Predicted Eliminated,True,True,0.44334775775790936,0.1111111111111111,1.0
34,6,10.0,7,Andy Richter,51.0,Emma Slater/Kaitlyn Bristowe (week 9),5.69,3.41,34.14,6.0,6,0.6927,9,16.0,False,Correctly Predicted Safe,True,7.810107197549771,6.750053598774885,False,Correctly Predicted Safe,True,False,0.5874547405804151,0.3333333333333333,0.9258054018874065
34,7,1.0,2,Alix Earle,43.0,Val Chmerkovskiy (Joey Graziadei week 9),5.89,3.93,35.35,6.0,6,0.6858,3,7.0,False,Correctly Predicted Safe,True,12.951807228915662,9.420903614457831,False,Correctly Predicted Safe,True,False,0.43456392004283145,0.125,0.9376193507320179
34,7,2.0,6,Whitney Leavitt,42.0,Mark Ballas,5.05,3.93,35.35,7.0,7,0.6858,5,9.0,False,Correctly Predicted Safe,True,12.650602409638552,8.850301204819276,False,Correctly Predicted Safe,True,False,0.7231907946176119,0.5,0.9643539147040102
34,7,3.0,1,Robert Irwin,41.0,Witney Carson (Xoshitl Gomez week 9),35.35,3.93,35.35,1.0,1,0.6858,1,4.0,False,Correctly Predicted Safe,True,12.349397590361445,23.84969879518072,False,Correctly Predicted Safe,True,False,0.2934150186405623,0.25,0.0
34,7,4.0,3,Jordan Chiles,38.0,Ezra Sosa (Apolo Anton Ohno week 9),17.67,3.93,35.35,2.0,2,0.6858,2,6.0,False,Correctly Predicted Safe,True,11.44578313253012,14.55789156626506,False,Correctly Predicted Safe,True,False,0.34110495385118567,0.125,0.5626989178866963
34,7,4.0,4,Dylan Efron,38.0,Daniella Karagach (Rumer Willis week 9),8.84,3.93,35.35,4.0,4,0.6858,4,8.0,False,Correctly Predicted Safe,True,11.44578313253012,10.14289156626506,False,Correctly Predicted Safe,True,False,0.33892496342147344,0.0,0.8437301082113304
34,7,6.0,8,Danielle Fishel,35.0,Pasha Pashkov,4.42,3.93,35.35,8.0,8,0.6858,7,14.0,False,Correctly Predicted Safe,True,10.542168674698797,7.481084337349398,False,Correctly Predicted Safe,True,False,0.541699580899915,0.25,0.9844048376830045
34,7,7.0,9,Jen Affleck,34.0,Jan Ravnik,3.93,3.93,11.78,9.0,9,0.9214,9,16.0,True,Correctly Predicted Eliminated,True,10.240963855421686,7.085481927710843,True,Correctly Predicted Eliminated,True,True,0.5469276159921878,0.25,1.0
34,7,8.0,5,Elaine Hendrix,32.0,Alan Bersten (Rashad Jennings week 9),11.78,3.93,35.35,3.0,3,0.6858,6,11.0,False,Correctly Predicted Safe,True,9.63855421686747,10.709277108433737,False,Correctly Predicted Safe,True,False,0.560997720752169,0.375,0.7501591343093571
34,7,9.0,7,Andy Richter,29.0,Emma Slater/Kaitlyn Bristowe (week 9),7.07,3.93,35.35,5.0,5,0.6858,8,14.0,False,Correctly Predicted Safe,True,8.734939759036145,7.902469879518073,False,Correctly Predicted Safe,True,False,0.5137013762720309,0.25,0.9000636537237429
34,8,1.0,6,Whitney Leavitt,39.5,Mark Ballas,5.26,4.6,36.79,7.0,7,0.6781,5,8.0,False,Correctly Predicted Safe,True,13.101160862354892,9.180580431177448,False,Correctly Predicted Safe,True,False,0.8401975659462826,0.7142857142857143,0.9794967381174278
34,8,2.0,3,Jordan Chiles,39.0,Ezra Sosa (Apolo Anton Ohno week 9),7.36,4.6,36.79,5.0,5,0.6781,3,7.0,False,Correctly Predicted Safe,True,12.935323383084576,10.147661691542288,False,Correctly Predicted Safe,True,False,0.43990831672332853,0.14285714285714285,0.9142590866728797
34,8,3.0,2,Alix Earle,38.5,Val Chmerkovskiy (Joey Graziadei week 9),36.79,4.6,36.79,1.0,1,0.6781,1,4.0,False,Correctly Predicted Safe,True,12.769485903814262,24.77974295190713,False,Correctly Predicted Safe,True,False,0.26237952237044176,0.14285714285714285,0.0
34,8,4.0,1,Robert Irwin,38.0,Witney Carson (Xoshitl Gomez week 9),18.4,4.6,36.79,2.0,2,0.6781,2,6.0,False,Correctly Predicted Safe,True,12.603648424543948,15.501824212271972,False,Correctly Predicted Safe,True,False,0.5428910242903802,0.42857142857142855,0.5712954333643989
34,8,4.0,4,Dylan Efron,38.0,Daniella Karagach (Rumer Willis week 9),12.26,4.6,36.79,3.0,3,0.6781,4,7.0,False,Correctly Predicted Safe,True,12.603648424543948,12.431824212271971,False,Correctly Predicted Safe,True,False,0.32304426410699844,0.0,0.7620378999689345
34,8,6.0,5,Elaine Hendrix,37.5,Alan Bersten (Rashad Jennings week 9),9.2,4.6,36.79,4.0,4,0.6781,6,10.0,False,Correctly Predicted Safe,True,12.437810945273633,10.818905472636816,False,Correctly Predicted Safe,True,False,0.4234399409494518,0.14285714285714285,0.857098477788133
34,8,7.0,8,Danielle Fishel,37.0,Pasha Pashkov,4.6,4.6,18.4,8.0,8,0.862,8,15.0,True,Correctly Predicted Eliminated,True,12.271973466003317,8.43598673300166,True,Correctly Predicted Eliminated,True,True,0.4657577703306534,0.14285714285714285,1.0
34,8,8.0,7,Andy Richter,34.0,Emma Slater/Kaitlyn Bristowe (week 9),6.13,4.6,36.79,6.0,6,0.6781,7,14.0,False,Correctly Predicted Safe,True,11.276948590381426,8.703474295190713,False,Correctly Predicted Safe,True,False,0.4512670407018542,0.14285714285714285,0.9524697110904007
34,9,1.0,1,Robert Irwin,42.0,Witney Carson (Xoshitl Gomez week 9),12.86,5.51,38.57,3.0,3,0.6694,1,4.0,False,Correctly Predicted Safe,True,15.555555555555555,14.207777777777778,False,Correctly Predicted Safe,True,False,0.3259671881862738,0.0,0.7776769509981851
34,9,1.0,6,Whitney Leavitt,42.0,Mark Ballas,5.51,5.51,38.57,7.0,7,0.6694,5,8.0,False,Correctly Predicted Safe,True,15.555555555555555,10.532777777777778,False,Correctly Predicted Safe,True,False,0.8816577792388578,0.8333333333333334,1.0
34,9,1.0,4,Dylan Efron,42.0,Daniella Karagach (Rumer Willis week 9),6.43,5.51,38.57,6.0,6,0.6694,4,7.0,False,Correctly Predicted Safe,True,15.555555555555555,10.992777777777778,False,Correctly Predicted Safe,True,False,0.7254110798609781,0.5,0.9721718088324259
34,9,4.0,2,Alix Earle,40.0,Val Chmerkovskiy (Joey Graziadei week 9),19.28,5.51,38.57,2.0,2,0.6694,2,6.0,False,Correctly Predicted Safe,True,14.814814814814811,17.047407407407405,False,Correctly Predicted Safe,True,False,0.4744456784530363,0.3333333333333333,0.5834845735027223
34,9,5.0,3,Jordan Chiles,39.0,Ezra Sosa (Apolo Anton Ohno week 9),38.57,5.51,38.57,1.0,1,0.6694,3,6.0,False,Correctly Predicted Safe,True,14.444444444444445,26.50722222222222,False,Correctly Predicted Safe,True,False,0.3259862111495566,0.3333333333333333,0.0
34,9,6.0,5,Elaine Hendrix,36.0,Alan Bersten (Rashad Jennings week 9),9.64,5.51,38.57,4.0,4,0.6694,6,10.0,False,Correctly Predicted Safe,True,13.333333333333334,11.486666666666668,False,Correctly Predicted Safe,True,False,0.44474211732572844,0.16666666666666666,0.8750756200846945
34,9,7.0,7,Andy Richter,29.0,Emma Slater/Kaitlyn Bristowe (week 9),7.71,5.51,38.57,5.0,5,0.6694,7,12.0,True,Correctly Predicted Eliminated,True,10.74074074074074,9.22537037037037,True,Correctly Predicted Eliminated,True,True,0.3581408972366068,0.0,0.9334543254688445
34,10,1.0,1,Robert Irwin,29.5,Witney Carson (Xoshitl Gomez week 9),13.61,8.16,40.82,3.0,3,0.6735,1,4.0,False,Correctly Predicted Safe,False,17.151162790697676,15.380581395348838,False,Correctly Predicted Safe,True,False,0.3367780478931934,0.0,0.8331292100428659
34,10,2.0,2,Alix Earle,29.0,Val Chmerkovskiy (Joey Graziadei week 9),10.2,8.16,40.82,4.0,4,0.6735,2,6.0,False,Correctly Predicted Safe,False,16.86046511627907,13.530232558139534,False,Correctly Predicted Safe,True,False,0.3590602370542066,0.0,0.9375382731169627
34,10,2.0,6,Whitney Leavitt,29.0,Mark Ballas,6.8,6.8,8.16,6.0,6,0.9864,5,8.0,False,Incorrectly Predicted Safe,False,16.86046511627907,11.830232558139535,True,Correctly Predicted Eliminated,True,True,0.8724496614063129,0.8,1.0
34,10,4.0,5,Elaine Hendrix,28.5,Alan Bersten (Rashad Jennings week 9),8.16,8.16,40.82,5.0,5,0.6735,6,9.0,True,Incorrectly Predicted Eliminated,False,16.569767441860463,12.364883720930232,False,Correctly Predicted Safe,True,False,0.5082196744560011,0.2,1.0
34,10,4.0,3,Jordan Chiles,28.5,Ezra Sosa (Apolo Anton Ohno week 9),20.41,8.16,40.82,2.0,2,0.6735,3,6.0,False,Correctly Predicted Safe,False,16.569767441860463,18.48988372093023,False,Correctly Predicted Safe,True,False,0.39656693815249133,0.2,0.6249234537660746
34,10,6.0,4,Dylan Efron,27.5,Daniella Karagach (Rumer Willis week 9),40.82,6.8,40.82,1.0,1,0.6599,4,7.0,False,Correctly Predicted Safe,False,15.988372093023257,28.40418604651163,False,Correctly Predicted Safe,True,False,0.35811372010831033,0.4,0.0
34,11,1.0,2,Alix Earle,30.0,Val Chmerkovskiy (Joey Graziadei week 9),14.6,8.76,21.9,3.0,3,0.8686,2,4.0,True,Correctly Predicted Eliminated,True,20.31609129238783,17.458045646193916,True,Correctly Predicted Eliminated,True,True,0.4091636164828527,0.25,0.5555555555555556
34,11,2.0,3,Jordan Chiles,29.666600000000003,Ezra Sosa (Apolo Anton Ohno week 9),10.95,8.76,21.9,4.0,4,0.8686,3,6.0,True,Correctly Predicted Eliminated,True,20.0903117978251,15.520155898912549,True,Correctly Predicted Eliminated,True,True,0.4920205745380835,0.25,0.8333333333333334
34,11,2.0,1,Robert Irwin,29.666600000000003,Witney Carson (Xoshitl Gomez week 9),43.8,14.6,43.8,1.0,1,0.708,1,3.0,False,Correctly Predicted Safe,True,20.0903117978251,31.945155898912542,False,Correctly Predicted Safe,True,False,0.2934150186405623,0.25,0.0
34,11,4.0,4,Dylan Efron,29.3332,Daniella Karagach (Rumer Willis week 9),21.9,8.76,43.8,2.0,2,0.6496,4,6.0,True,Correctly Predicted Eliminated,True,19.86453230326236,20.88226615163118,True,Correctly Predicted Eliminated,True,True,0.29972318014837196,0.0,0.625
34,11,5.0,5,Elaine Hendrix,28.9998,Alan Bersten (Rashad Jennings week 9),8.76,8.76,43.8,5.0,5,0.6496,5,10.0,True,Correctly Predicted Eliminated,True,19.63875280869962,14.19937640434981,True,Correctly Predicted Eliminated,True,True,0.3736064123757368,0.0,1.0
