season,week,weekly_rank,season_rank,celebrity_name,total_score,ballroom_partner,estimated_fan_percent,fan_percent_min,fan_percent_max,estimated_fan_rank_milp,inferred_fan_rank,certainty,computed_total_rank,rank_based_score,is_predicted_eliminated_rank,prediction_outcome_rank,is_week_prediction_correct_rank,judge_percent,percent_based_score,is_predicted_eliminated_percent,prediction_outcome_percent,is_week_prediction_correct_percent,is_actual_eliminated
1,2,1.0,2,John O'Hurley,46.0,Charlotte Jorgensen,13.61,6.8,40.82,3.0,3,0.6599,1,4.0,False,Correctly Predicted Safe,True,20.0,16.805,False,Correctly Predicted Safe,True,False
1,2,2.0,4,Rachel Hunter,44.0,Jonathan Roberts,8.16,6.8,40.82,5.0,5,0.6599,3,7.0,False,Correctly Predicted Safe,True,19.130434782608695,13.645217391304348,False,Correctly Predicted Safe,True,False
1,2,3.0,3,Joey McIntyre,41.0,Ashly DelGrosso,20.41,8.16,40.82,2.0,2,0.6735,2,5.0,False,Correctly Predicted Safe,True,17.82608695652174,19.11804347826087,False,Correctly Predicted Safe,True,False
1,2,4.0,6,Trista Sutter,37.0,Louis van Amstel,6.8,6.8,10.2,6.0,6,0.966,6,10.0,True,Correctly Predicted Eliminated,True,16.08695652173913,11.443478260869565,True,Correctly Predicted Eliminated,True,True
1,2,6.0,1,Kelly Monaco,30.0,Alec Mazo,40.82,13.61,40.82,1.0,1,0.7279,4,7.0,False,Correctly Predicted Safe,True,13.043478260869565,26.93173913043478,False,Correctly Predicted Safe,True,False
1,2,5.0,5,Evander Holyfield,32.0,Edyta Sliwinska,10.2,10.2,40.82,4.0,4,0.6939,5,9.0,False,Correctly Predicted Safe,True,13.91304347826087,12.056521739130435,False,Correctly Predicted Safe,True,False
1,3,1.0,4,Rachel Hunter,26.0,Jonathan Roberts,10.95,8.76,43.8,4.0,4,0.6496,2,5.0,False,Correctly Predicted Safe,True,24.528301886792452,17.739150943396226,False,Correctly Predicted Safe,True,False
1,3,2.0,2,John O'Hurley,24.0,Charlotte Jorgensen,21.9,8.76,43.8,2.0,2,0.6496,1,4.0,False,Correctly Predicted Safe,True,22.641509433962266,22.27075471698113,False,Correctly Predicted Safe,True,False
1,3,3.0,3,Joey McIntyre,22.0,Ashly DelGrosso,14.6,8.76,43.8,3.0,3,0.6496,4,6.0,False,Correctly Predicted Safe,True,20.754716981132077,17.67735849056604,False,Correctly Predicted Safe,True,False
1,3,4.0,1,Kelly Monaco,21.0,Alec Mazo,43.8,10.95,43.8,1.0,1,0.6715,3,5.0,False,Correctly Predicted Safe,True,19.81132075471698,31.80566037735849,False,Correctly Predicted Safe,True,False
1,3,5.0,5,Evander Holyfield,13.0,Edyta Sliwinska,8.76,8.76,21.9,5.0,5,0.8686,5,10.0,True,Correctly Predicted Eliminated,True,12.264150943396226,10.512075471698113,True,Correctly Predicted Eliminated,True,True
1,4,1.0,1,Kelly Monaco,26.0,Alec Mazo,16.0,16.0,16.0,3.0,3,1.0,1,4.0,False,Correctly Predicted Safe,True,28.26086956521739,22.130434782608695,False,Correctly Predicted Safe,True,False
1,4,2.0,4,Rachel Hunter,25.0,Jonathan Roberts,12.0,12.0,12.0,4.0,4,1.0,4,6.0,True,Correctly Predicted Eliminated,True,27.173913043478258,19.58695652173913,True,Correctly Predicted Eliminated,True,True
1,4,3.0,2,John O'Hurley,21.0,Charlotte Jorgensen,24.0,24.0,24.0,2.0,2,1.0,2,5.0,False,Correctly Predicted Safe,True,22.82608695652174,23.413043478260867,False,Correctly Predicted Safe,True,False
1,4,4.0,3,Joey McIntyre,20.0,Ashly DelGrosso,48.0,48.0,48.0,1.0,1,1.0,3,5.0,False,Correctly Predicted Safe,True,21.73913043478261,34.869565217391305,False,Correctly Predicted Safe,True,False
1,5,1.0,2,John O'Hurley,27.0,Charlotte Jorgensen,27.27,18.18,54.55,2.0,2,0.6364,1,3.0,False,Correctly Predicted Safe,True,36.986301369863014,32.128150684931505,False,Correctly Predicted Safe,True,False
1,5,2.0,1,Kelly Monaco,23.5,Alec Mazo,54.55,27.27,54.55,1.0,1,0.7273,2,3.0,False,Correctly Predicted Safe,True,32.19178082191781,43.37089041095891,False,Correctly Predicted Safe,True,False
1,5,3.0,3,Joey McIntyre,22.5,Ashly DelGrosso,18.18,18.18,27.27,3.0,3,0.9091,3,6.0,True,Correctly Predicted Eliminated,True,30.82191780821918,24.500958904109588,True,Correctly Predicted Eliminated,True,True
1,6,1.0,1,Kelly Monaco,27.5,Alec Mazo,66.67,33.33,66.67,1.0,1,0.6667,1,2.0,False,Correctly Predicted Safe,True,50.45871559633027,58.56435779816513,False,Correctly Predicted Safe,True,False
1,6,2.0,2,John O'Hurley,27.0,Charlotte Jorgensen,33.33,33.33,66.67,2.0,2,0.6667,2,4.0,True,Correctly Predicted Eliminated,True,49.54128440366973,41.43564220183487,True,Correctly Predicted Eliminated,True,True
2,1,1.0,1,Drew Lachey,24.0,Cheryl Burke,34.14,3.41,34.14,1.0,1,0.6927,1,2.0,False,Correctly Predicted Safe,True,12.307692307692308,23.223846153846154,False,Correctly Predicted Safe,True,False
2,1,2.0,9,Tatum O'Neal,23.0,Nick Kosovich,4.27,3.41,34.14,8.0,8,0.6927,4,10.0,False,Correctly Predicted Safe,True,11.794871794871794,8.032435897435896,False,Correctly Predicted Safe,True,False
2,1,2.0,8,Giselle Fernandez,23.0,Jonathan Roberts,3.79,3.41,34.14,9.0,9,0.6927,5,11.0,False,Correctly Predicted Safe,True,11.794871794871794,7.792435897435897,False,Correctly Predicted Safe,True,False
2,1,4.0,3,Stacy Keibler,22.0,Tony Dovolani,6.83,3.41,34.14,5.0,5,0.6927,2,9.0,False,Correctly Predicted Safe,True,11.282051282051283,9.056025641025641,False,Correctly Predicted Safe,True,False
2,1,5.0,2,Jerry Rice,21.0,Anna Trebunskaya,4.88,3.41,34.14,7.0,7,0.6927,7,12.0,False,Correctly Predicted Safe,True,10.76923076923077,7.8246153846153845,False,Correctly Predicted Safe,True,False
2,1,6.0,6,Tia Carrere,20.0,Maksim Chmerkoskiy,5.69,3.41,34.14,6.0,6,0.6927,8,12.0,False,Correctly Predicted Safe,True,10.256410256410255,7.973205128205128,False,Correctly Predicted Safe,True,False
2,1,7.0,4,Lisa Rinna,19.0,Louis van Amstel,17.07,3.41,34.14,2.0,2,0.6927,3,9.0,False,Correctly Predicted Safe,True,9.743589743589745,13.406794871794872,False,Correctly Predicted Safe,True,False
2,1,8.0,5,George Hamilton,18.0,Edyta Sliwinska,11.38,3.79,34.14,3.0,3,0.6965,6,11.0,False,Correctly Predicted Safe,True,9.230769230769232,10.305384615384616,False,Correctly Predicted Safe,True,False
2,1,9.0,10,Kenny Mayne,13.0,Andrea Hale,3.41,3.41,11.38,10.0,10,0.9203,10,19.0,True,Correctly Predicted Eliminated,True,6.666666666666667,5.038333333333334,True,Correctly Predicted Eliminated,True,True
2,1,10.0,7,Master P,12.0,Ashly DelGrosso,8.54,4.27,34.14,4.0,4,0.7013,9,14.0,False,Correctly Predicted Safe,True,6.153846153846154,7.346923076923076,False,Correctly Predicted Safe,True,False
2,2,1.0,3,Stacy Keibler,29.0,Tony Dovolani,8.84,3.93,35.35,4.0,4,0.6858,1,5.0,False,Correctly Predicted Safe,True,14.499999999999998,11.669999999999998,False,Correctly Predicted Safe,True,False
2,2,2.0,1,Drew Lachey,27.0,Cheryl Burke,11.78,3.93,35.35,3.0,3,0.6858,2,5.0,False,Correctly Predicted Safe,True,13.5,12.64,False,Correctly Predicted Safe,True,False
2,2,3.0,8,Giselle Fernandez,24.0,Jonathan Roberts,4.42,3.93,35.35,8.0,8,0.6858,6,11.0,False,Correctly Predicted Safe,True,12.0,8.21,False,Correctly Predicted Safe,True,False
2,2,4.0,2,Jerry Rice,23.0,Anna Trebunskaya,17.67,3.93,35.35,2.0,2,0.6858,3,6.0,False,Correctly Predicted Safe,True,11.5,14.585,False,Correctly Predicted Safe,True,False
2,2,5.0,6,Tia Carrere,22.0,Maksim Chmerkoskiy,5.05,3.93,35.35,7.0,7,0.6858,7,12.0,False,Correctly Predicted Safe,True,11.0,8.025,False,Correctly Predicted Safe,True,False
2,2,5.0,5,George Hamilton,22.0,Edyta Sliwinska,7.07,3.93,35.35,5.0,5,0.6858,5,10.0,False,Correctly Predicted Safe,True,11.0,9.035,False,Correctly Predicted Safe,True,False
2,2,7.0,4,Lisa Rinna,20.0,Louis van Amstel,35.35,4.42,35.35,1.0,1,0.6907,4,8.0,False,Correctly Predicted Safe,True,10.0,22.675,False,Correctly Predicted Safe,True,False
2,2,8.0,9,Tatum O'Neal,17.0,Nick Kosovich,3.93,3.93,11.78,9.0,9,0.9214,9,17.0,True,Correctly Predicted Eliminated,True,8.5,6.215,True,Correctly Predicted Eliminated,True,True
2,2,9.0,7,Master P,16.0,Ashly DelGrosso,5.89,5.05,35.35,6.0,6,0.697,8,15.0,False,Correctly Predicted Safe,True,8.0,6.945,False,Correctly Predicted Safe,True,False
2,3,1.0,3,Stacy Keibler,27.0,Tony Dovolani,7.36,4.6,36.79,5.0,5,0.6781,2,6.0,False,Correctly Predicted Safe,True,14.835164835164836,11.097582417582418,False,Correctly Predicted Safe,True,False
2,3,1.0,1,Drew Lachey,27.0,Cheryl Burke,18.4,4.6,36.79,2.0,2,0.6781,1,3.0,False,Correctly Predicted Safe,True,14.835164835164836,16.61758241758242,False,Correctly Predicted Safe,True,False
2,3,3.0,6,Tia Carrere,26.0,Maksim Chmerkoskiy,5.26,4.6,36.79,7.0,7,0.6781,5,10.0,False,Correctly Predicted Safe,True,14.285714285714285,9.772857142857141,False,Correctly Predicted Safe,True,False
2,3,4.0,4,Lisa Rinna,25.0,Louis van Amstel,12.26,5.26,36.79,3.0,3,0.6846,3,7.0,False,Correctly Predicted Safe,True,13.736263736263737,12.998131868131868,False,Correctly Predicted Safe,True,False
2,3,5.0,5,George Hamilton,22.0,Edyta Sliwinska,6.13,5.26,36.79,6.0,6,0.6846,6,11.0,False,Correctly Predicted Safe,True,12.087912087912088,9.108956043956043,False,Correctly Predicted Safe,True,False
2,3,5.0,8,Giselle Fernandez,22.0,Jonathan Roberts,4.6,4.6,7.36,8.0,8,0.9724,8,13.0,True,Correctly Predicted Eliminated,True,12.087912087912088,8.343956043956045,True,Correctly Predicted Eliminated,True,True
2,3,7.0,2,Jerry Rice,19.0,Anna Trebunskaya,36.79,7.36,36.79,1.0,1,0.7057,4,8.0,False,Correctly Predicted Safe,True,10.43956043956044,23.61478021978022,False,Correctly Predicted Safe,True,False
2,3,8.0,7,Master P,14.0,Ashly DelGrosso,9.2,9.2,36.79,4.0,4,0.724,7,12.0,False,Correctly Predicted Safe,True,7.6923076923076925,8.446153846153846,False,Correctly Predicted Safe,True,False
2,4,1.0,1,Drew Lachey,28.0,Cheryl Burke,19.28,5.51,38.57,2.0,2,0.6694,1,3.0,False,Correctly Predicted Safe,True,17.72151898734177,18.500759493670884,False,Correctly Predicted Safe,True,False
2,4,2.0,4,Lisa Rinna,26.0,Louis van Amstel,6.43,5.51,38.57,6.0,6,0.6694,4,8.0,False,Correctly Predicted Safe,True,16.455696202531644,11.442848101265822,False,Correctly Predicted Safe,True,False
2,4,2.0,3,Stacy Keibler,26.0,Tony Dovolani,12.86,5.51,38.57,3.0,3,0.6694,2,5.0,False,Correctly Predicted Safe,True,16.455696202531644,14.657848101265822,False,Correctly Predicted Safe,True,False
2,4,4.0,6,Tia Carrere,25.0,Maksim Chmerkoskiy,7.71,5.51,38.57,5.0,5,0.6694,5,9.0,False,Correctly Predicted Safe,True,15.822784810126583,11.766392405063291,False,Correctly Predicted Safe,True,False
2,4,5.0,2,Jerry Rice,24.0,Anna Trebunskaya,38.57,5.51,38.57,1.0,1,0.6694,3,6.0,False,Correctly Predicted Safe,True,15.18987341772152,26.87993670886076,False,Correctly Predicted Safe,True,False
2,4,6.0,5,George Hamilton,21.0,Edyta Sliwinska,9.64,6.43,38.57,4.0,4,0.6786,6,10.0,False,Correctly Predicted Safe,True,13.291139240506327,11.465569620253163,False,Correctly Predicted Safe,True,False
2,4,7.0,7,Master P,8.0,Ashly DelGrosso,5.51,5.51,19.28,7.0,7,0.8623,7,14.0,True,Correctly Predicted Eliminated,True,5.063291139240507,5.286645569620253,True,Correctly Predicted Eliminated,True,True
2,5,1.0,3,Stacy Keibler,30.0,Tony Dovolani,10.2,6.8,40.82,4.0,4,0.6599,2,5.0,False,Correctly Predicted Safe,True,19.867549668874172,15.033774834437086,False,Correctly Predicted Safe,False,False
2,5,2.0,1,Drew Lachey,27.0,Cheryl Burke,40.82,6.8,40.82,1.0,1,0.6599,1,3.0,False,Correctly Predicted Safe,True,17.880794701986755,29.350397350993376,False,Correctly Predicted Safe,False,False
2,5,3.0,4,Lisa Rinna,25.0,Louis van Amstel,13.61,6.8,40.82,3.0,3,0.6599,3,6.0,False,Correctly Predicted Safe,True,16.55629139072848,15.083145695364239,False,Correctly Predicted Safe,False,False
2,5,4.0,5,George Hamilton,24.0,Edyta Sliwinska,6.8,6.8,40.82,6.0,6,0.6599,5,10.0,False,Correctly Predicted Safe,True,15.894039735099339,11.347019867549669,True,Incorrectly Predicted Eliminated,False,False
2,5,5.0,2,Jerry Rice,23.0,Anna Trebunskaya,20.41,8.16,40.82,2.0,2,0.6735,4,7.0,False,Correctly Predicted Safe,True,15.2317880794702,17.8208940397351,False,Correctly Predicted Safe,False,False
2,5,6.0,6,Tia Carrere,22.0,Maksim Chmerkoskiy,8.16,6.8,20.41,5.0,5,0.8639,6,11.0,True,Correctly Predicted Eliminated,True,14.56953642384106,11.36476821192053,False,Incorrectly Predicted Safe,False,True
2,6,1.0,3,Stacy Keibler,30.0,Tony Dovolani,10.95,8.76,43.8,4.0,4,0.6496,2,5.0,False,Correctly Predicted Safe,True,22.55639097744361,16.753195488721804,False,Correctly Predicted Safe,True,False
2,6,1.0,1,Drew Lachey,30.0,Cheryl Burke,21.9,8.76,43.8,2.0,2,0.6496,1,3.0,False,Correctly Predicted Safe,True,22.55639097744361,22.228195488721802,False,Correctly Predicted Safe,True,False
2,6,3.0,4,Lisa Rinna,27.0,Louis van Amstel,14.6,10.95,43.8,3.0,3,0.6715,4,6.0,False,Correctly Predicted Safe,True,20.30075187969925,17.450375939849625,False,Correctly Predicted Safe,True,False
2,6,4.0,5,George Hamilton,23.0,Edyta Sliwinska,8.76,8.76,14.6,5.0,5,0.9416,5,9.0,True,Correctly Predicted Eliminated,True,17.293233082706767,13.026616541353384,True,Correctly Predicted Eliminated,True,True
2,6,4.0,2,Jerry Rice,23.0,Anna Trebunskaya,43.8,10.95,43.8,1.0,1,0.6715,3,5.0,False,Correctly Predicted Safe,True,17.293233082706767,30.54661654135338,False,Correctly Predicted Safe,True,False
2,7,1.0,3,Stacy Keibler,27.5,Tony Dovolani,16.0,12.0,48.0,3.0,3,0.64,2,4.0,False,Correctly Predicted Safe,True,26.96078431372549,21.480392156862745,False,Correctly Predicted Safe,True,False
2,7,1.0,1,Drew Lachey,27.5,Cheryl Burke,24.0,12.0,48.0,2.0,2,0.64,1,3.0,False,Correctly Predicted Safe,True,26.96078431372549,25.480392156862745,False,Correctly Predicted Safe,True,False
2,7,3.0,4,Lisa Rinna,26.5,Louis van Amstel,12.0,12.0,16.0,4.0,4,0.96,4,7.0,True,Correctly Predicted Eliminated,True,25.98039215686275,18.990196078431374,True,Correctly Predicted Eliminated,True,True
2,7,4.0,2,Jerry Rice,20.5,Anna Trebunskaya,48.0,24.0,48.0,1.0,1,0.76,3,5.0,False,Correctly Predicted Safe,True,20.098039215686274,34.049019607843135,False,Correctly Predicted Safe,True,False
2,8,1.0,1,Drew Lachey,28.9998,Cheryl Burke,54.55,18.18,54.55,1.0,1,0.6364,1,2.0,False,Correctly Predicted Safe,True,34.38729131809769,44.468645659048846,False,Correctly Predicted Safe,True,False
2,8,2.0,3,Stacy Keibler,28.6665,Tony Dovolani,18.18,18.18,27.27,3.0,3,0.9091,2,5.0,True,Correctly Predicted Eliminated,True,33.9920718960216,26.0860359480108,True,Correctly Predicted Eliminated,True,True
2,8,3.0,2,Jerry Rice,26.666600000000003,Anna Trebunskaya,27.27,27.27,54.55,2.0,2,0.7273,3,5.0,True,Correctly Predicted Eliminated,True,31.620636785880723,29.44531839294036,True,Correctly Predicted Eliminated,True,True
3,1,1.0,2,Mario Lopez,26.0,Karina Smirnoff,12.5,0.0,100.0,,1,0.0,1,2.0,False,Correctly Predicted Safe,True,12.264150943396226,12.382075471698112,False,Correctly Predicted Safe,True,False
3,1,2.0,1,Emmitt Smith,24.0,Cheryl Burke,12.5,0.0,100.0,,2,0.0,2,4.0,False,Correctly Predicted Safe,True,11.320754716981133,11.910377358490567,False,Correctly Predicted Safe,True,False
3,1,3.0,8,Vivica A. Fox,22.0,Nick Kosovich,7.04,0.0,100.0,,8,0.0,8,11.0,False,Correctly Predicted Safe,True,10.377358490566039,8.708679245283019,False,Correctly Predicted Safe,True,False
3,1,3.0,7,Willa Ford,22.0,Maksim Chmerkoskiy,9.12,0.0,100.0,,7,0.0,6,10.0,False,Correctly Predicted Safe,True,10.377358490566039,9.748679245283018,False,Correctly Predicted Safe,True,False
3,1,5.0,3,Joey Lawrence,21.0,Edyta Sliwinska,12.5,0.0,100.0,,3,0.0,3,8.0,False,Correctly Predicted Safe,True,9.90566037735849,11.202830188679245,False,Correctly Predicted Safe,True,False
3,1,6.0,4,Monique Coleman,19.0,Louis van Amstel,12.5,0.0,100.0,,4,0.0,4,10.0,False,Correctly Predicted Safe,True,8.962264150943396,10.731132075471699,False,Correctly Predicted Safe,True,False
3,1,7.0,10,Shanna Moakler,18.0,Jesse DeSoto,3.11,0.0,100.0,,10,0.0,10,17.0,False,Correctly Predicted Safe,True,8.49056603773585,5.800283018867924,False,Correctly Predicted Safe,True,False
3,1,8.0,9,Harry Hamlin,17.0,Ashly DelGrosso,5.25,0.0,100.0,,9,0.0,9,17.0,False,Correctly Predicted Safe,True,8.018867924528301,6.634433962264151,False,Correctly Predicted Safe,True,False
3,1,9.0,5,Jerry Springer,16.0,Kym Johnson,12.5,0.0,100.0,,5,0.0,5,14.0,False,Correctly Predicted Safe,True,7.547169811320755,10.023584905660378,False,Correctly Predicted Safe,True,False
3,1,10.0,6,Sara Evans,15.0,Tony Dovolani,11.62,0.0,100.0,,6,0.0,7,16.0,False,Correctly Predicted Safe,True,7.0754716981132075,9.347735849056603,False,Correctly Predicted Safe,True,False
3,1,11.0,11,Tucker Carlson,12.0,Elena Grinenko,1.38,0.0,12.51,,11,0.8749,11,22.0,True,Correctly Predicted Eliminated,True,5.660377358490567,3.5201886792452832,True,Correctly Predicted Eliminated,True,True
3,2,1.0,3,Joey Lawrence,29.0,Edyta Sliwinska,13.8,0.0,97.35,,1,0.0265,1,2.0,False,Correctly Predicted Safe,False,12.608695652173912,13.204347826086956,False,Correctly Predicted Safe,True,False
3,2,2.0,4,Monique Coleman,26.0,Louis van Amstel,13.8,0.0,97.35,,2,0.0265,2,4.0,False,Correctly Predicted Safe,False,11.304347826086957,12.552173913043479,False,Correctly Predicted Safe,True,False
3,2,3.0,8,Vivica A. Fox,24.0,Nick Kosovich,6.09,0.0,97.35,,8,0.0265,8,11.0,False,Correctly Predicted Safe,False,10.434782608695652,8.262391304347826,False,Correctly Predicted Safe,True,False
3,2,3.0,1,Emmitt Smith,24.0,Cheryl Burke,13.8,0.0,97.35,,3,0.0265,3,6.0,False,Correctly Predicted Safe,False,10.434782608695652,12.117391304347827,False,Correctly Predicted Safe,True,False
3,2,5.0,7,Willa Ford,23.0,Maksim Chmerkoskiy,8.66,0.0,97.35,,7,0.0265,7,12.0,False,Correctly Predicted Safe,False,10.0,9.33,False,Correctly Predicted Safe,True,False
3,2,6.0,10,Shanna Moakler,22.0,Jesse DeSoto,1.19,0.0,10.43,,10,0.8957,10,16.0,False,Incorrectly Predicted Safe,False,9.565217391304348,5.377608695652174,True,Correctly Predicted Eliminated,True,True
3,2,7.0,9,Harry Hamlin,21.0,Ashly DelGrosso,3.76,0.44,97.8,,9,0.0265,9,16.0,True,Incorrectly Predicted Eliminated,False,9.130434782608695,6.445217391304348,False,Correctly Predicted Safe,True,False
3,2,7.0,2,Mario Lopez,21.0,Karina Smirnoff,13.8,0.44,97.8,,4,0.0265,4,11.0,False,Correctly Predicted Safe,False,9.130434782608695,11.465217391304348,False,Correctly Predicted Safe,True,False
3,2,7.0,6,Sara Evans,21.0,Tony Dovolani,11.29,0.44,97.8,,6,0.0265,6,13.0,False,Correctly Predicted Safe,False,9.130434782608695,10.210217391304347,False,Correctly Predicted Safe,True,False
3,2,10.0,5,Jerry Springer,19.0,Kym Johnson,13.8,1.31,98.67,,5,0.0265,5,15.0,False,Correctly Predicted Safe,False,8.26086956521739,11.030434782608696,False,Correctly Predicted Safe,True,False
3,3,1.0,8,Vivica A. Fox,27.0,Nick Kosovich,4.19,0.0,98.02,,8,0.0198,8,9.0,False,Correctly Predicted Safe,True,13.043478260869565,8.616739130434782,False,Correctly Predicted Safe,True,False
3,3,1.0,4,Monique Coleman,27.0,Louis van Amstel,15.54,0.0,98.02,,2,0.0198,1,3.0,False,Correctly Predicted Safe,True,13.043478260869565,14.291739130434781,False,Correctly Predicted Safe,True,False
3,3,3.0,6,Sara Evans,25.0,Tony Dovolani,10.56,0.0,98.02,,6,0.0198,6,9.0,False,Correctly Predicted Safe,True,12.077294685990339,11.31864734299517,False,Correctly Predicted Safe,True,False
3,3,4.0,9,Harry Hamlin,22.0,Ashly DelGrosso,1.46,0.0,11.59,,9,0.8841,9,13.0,True,Correctly Predicted Eliminated,True,10.628019323671497,6.044009661835748,True,Correctly Predicted Eliminated,True,True
3,3,4.0,3,Joey Lawrence,22.0,Edyta Sliwinska,15.54,0.01,98.03,,3,0.0198,2,7.0,False,Correctly Predicted Safe,True,10.628019323671497,13.084009661835747,False,Correctly Predicted Safe,True,False
3,3,4.0,2,Mario Lopez,22.0,Karina Smirnoff,15.54,0.01,98.03,,1,0.0198,3,5.0,False,Correctly Predicted Safe,True,10.628019323671497,13.084009661835747,False,Correctly Predicted Safe,True,False
3,3,4.0,7,Willa Ford,22.0,Maksim Chmerkoskiy,7.67,0.01,98.03,,7,0.0198,7,11.0,False,Correctly Predicted Safe,True,10.628019323671497,9.149009661835748,False,Correctly Predicted Safe,True,False
3,3,8.0,5,Jerry Springer,21.0,Kym Johnson,13.96,0.49,98.51,,5,0.0198,5,13.0,False,Correctly Predicted Safe,True,10.144927536231885,12.052463768115942,False,Correctly Predicted Safe,True,False
3,3,9.0,1,Emmitt Smith,19.0,Cheryl Burke,15.54,1.46,99.48,,4,0.0198,4,13.0,False,Correctly Predicted Safe,True,9.178743961352657,12.359371980676329,False,Correctly Predicted Safe,True,False
3,4,1.0,2,Mario Lopez,29.0,Karina Smirnoff,17.43,0.0,96.93,,3,0.0307,1,4.0,False,Correctly Predicted Safe,False,14.646464646464647,16.03823232323232,False,Correctly Predicted Safe,True,False
3,4,2.0,7,Willa Ford,28.0,Maksim Chmerkoskiy,5.28,0.0,96.93,,7,0.0307,7,9.0,False,Correctly Predicted Safe,False,14.14141414141414,9.71070707070707,False,Correctly Predicted Safe,True,False
3,4,3.0,3,Joey Lawrence,27.0,Edyta Sliwinska,17.43,0.0,96.93,,1,0.0307,2,4.0,False,Correctly Predicted Safe,False,13.636363636363635,15.533181818181816,False,Correctly Predicted Safe,True,False
3,4,4.0,8,Vivica A. Fox,24.0,Nick Kosovich,1.76,0.0,12.87,,8,0.8713,8,12.0,False,Incorrectly Predicted Safe,False,12.121212121212121,6.9406060606060604,True,Correctly Predicted Eliminated,True,True
3,4,4.0,4,Monique Coleman,24.0,Louis van Amstel,17.25,0.01,96.94,,4,0.0307,4,8.0,False,Correctly Predicted Safe,False,12.121212121212121,14.68560606060606,False,Correctly Predicted Safe,True,False
3,4,4.0,1,Emmitt Smith,24.0,Cheryl Burke,17.43,0.01,96.94,,2,0.0307,3,6.0,False,Correctly Predicted Safe,False,12.121212121212121,14.77560606060606,False,Correctly Predicted Safe,True,False
3,4,7.0,5,Jerry Springer,22.0,Kym Johnson,13.56,1.02,97.95,,5,0.0307,5,12.0,False,Correctly Predicted Safe,False,11.11111111111111,12.335555555555555,False,Correctly Predicted Safe,True,False
3,4,8.0,6,Sara Evans,20.0,Tony Dovolani,9.86,2.03,98.96,,6,0.0307,6,14.0,True,Incorrectly Predicted Eliminated,False,10.1010101010101,9.98050505050505,False,Correctly Predicted Safe,True,False
3,5,1.0,4,Monique Coleman,27.0,Louis van Amstel,17.24,0.02,95.49,,4,0.0453,4,5.0,False,Correctly Predicted Safe,False,14.917127071823206,16.078563535911602,False,Correctly Predicted Safe,True,False
3,5,1.0,2,Mario Lopez,27.0,Karina Smirnoff,20.26,0.02,95.49,,1,0.0453,1,2.0,False,Correctly Predicted Safe,False,14.917127071823206,17.588563535911604,False,Correctly Predicted Safe,True,False
3,5,1.0,1,Emmitt Smith,27.0,Cheryl Burke,20.26,0.02,95.49,,2,0.0453,2,3.0,False,Correctly Predicted Safe,False,14.917127071823206,17.588563535911604,False,Correctly Predicted Safe,True,False
3,5,1.0,7,Willa Ford,27.0,Maksim Chmerkoskiy,2.04,0.0,13.64,,7,0.8636,7,8.0,False,Incorrectly Predicted Safe,False,14.917127071823206,8.478563535911603,True,Correctly Predicted Eliminated,True,True
3,5,5.0,3,Joey Lawrence,25.0,Edyta Sliwinska,20.26,1.12,96.6,,3,0.0453,3,8.0,False,Correctly Predicted Safe,False,13.812154696132598,17.0360773480663,False,Correctly Predicted Safe,True,False
3,5,6.0,6,Sara Evans,24.0,Tony Dovolani,7.44,1.67,17.58,,6,0.8409,6,12.0,True,Correctly Predicted Eliminated,False,13.259668508287293,10.349834254143646,True,Correctly Predicted Eliminated,True,True
3,5,6.0,5,Jerry Springer,24.0,Kym Johnson,12.51,1.68,97.15,,5,0.0453,5,11.0,True,Incorrectly Predicted Eliminated,False,13.259668508287293,12.884834254143646,False,Correctly Predicted Safe,True,False
3,7,3.0,3,Joey Lawrence,52.5,Edyta Sliwinska,23.09,0.0,100.0,,3,0.0,3,6.0,False,Correctly Predicted Safe,True,20.75098814229249,21.920494071146244,False,Correctly Predicted Safe,True,False
3,7,2.0,1,Emmitt Smith,53.5,Cheryl Burke,29.13,0.0,100.0,,1,0.0,2,3.0,False,Correctly Predicted Safe,True,21.14624505928854,25.13812252964427,False,Correctly Predicted Safe,True,False
3,7,1.0,2,Mario Lopez,56.0,Karina Smirnoff,29.13,0.0,100.0,,2,0.0,1,3.0,False,Correctly Predicted Safe,True,22.134387351778656,25.632193675889326,False,Correctly Predicted Safe,True,False
3,7,4.0,4,Monique Coleman,50.0,Louis van Amstel,13.66,0.0,100.0,,4,0.0,4,8.0,False,Correctly Predicted Safe,True,19.76284584980237,16.711422924901186,False,Correctly Predicted Safe,True,False
3,7,5.0,5,Jerry Springer,41.0,Kym Johnson,4.99,0.0,23.79,,5,0.7621,5,10.0,True,Correctly Predicted Eliminated,True,16.205533596837945,10.597766798418974,True,Correctly Predicted Eliminated,True,True
3,8,1.0,2,Mario Lopez,28.5,Karina Smirnoff,35.45,0.0,100.0,,2,0.0,2,3.0,False,Correctly Predicted Safe,True,26.146788990825687,30.798394495412843,False,Correctly Predicted Safe,True,False
3,8,2.0,3,Joey Lawrence,27.0,Edyta Sliwinska,20.86,0.0,100.0,,3,0.0,3,5.0,False,Correctly Predicted Safe,True,24.770642201834864,22.81532110091743,False,Correctly Predicted Safe,True,False
3,8,2.0,1,Emmitt Smith,27.0,Cheryl Burke,37.77,0.0,100.0,,1,0.0,1,3.0,False,Correctly Predicted Safe,True,24.770642201834864,31.270321100917435,False,Correctly Predicted Safe,True,False
3,8,4.0,4,Monique Coleman,26.5,Louis van Amstel,5.93,0.0,25.68,,4,0.7432,4,8.0,True,Correctly Predicted Eliminated,True,24.31192660550459,15.120963302752294,True,Correctly Predicted Eliminated,True,True
3,9,1.0,3,Joey Lawrence,29.5,Edyta Sliwinska,9.09,0.0,33.33,,3,0.6667,3,4.0,True,Correctly Predicted Eliminated,True,33.33333333333333,21.211666666666666,True,Correctly Predicted Eliminated,True,True
3,9,1.0,2,Mario Lopez,29.5,Karina Smirnoff,36.37,0.01,99.99,,2,0.0002,2,3.0,False,Correctly Predicted Safe,True,33.33333333333333,34.85166666666666,False,Correctly Predicted Safe,True,False
3,9,1.0,1,Emmitt Smith,29.5,Cheryl Burke,54.54,0.01,99.99,,1,0.0002,1,2.0,False,Correctly Predicted Safe,True,33.33333333333333,43.93666666666667,False,Correctly Predicted Safe,True,False
3,10,1.0,2,Mario Lopez,29.666600000000003,Karina Smirnoff,16.67,-0.0,49.99,,2,0.5001,2,3.0,True,Correctly Predicted Eliminated,True,50.0,33.335,True,Correctly Predicted Eliminated,True,True
3,10,1.0,1,Emmitt Smith,29.666600000000003,Cheryl Burke,83.33,50.0,100.0,,1,0.5,1,2.0,False,Correctly Predicted Safe,True,50.0,66.66499999999999,False,Correctly Predicted Safe,True,False
4,2,1.0,3,Laila Ali,50.0,Maksim Chmerkoskiy,12.51,0.0,95.74,,1,0.0426,1,2.0,False,Correctly Predicted Safe,False,11.086474501108649,11.798237250554324,False,Correctly Predicted Safe,True,False
4,2,3.0,1,Apolo Anton Ohno,47.0,Julianne Hough,12.51,0.0,95.74,,2,0.0426,3,5.0,False,Correctly Predicted Safe,False,10.42128603104213,11.465643015521064,False,Correctly Predicted Safe,True,False
4,2,5.0,7,Heather Mills,42.0,Jonathan Roberts,9.26,0.0,95.74,,7,0.0426,7,12.0,False,Correctly Predicted Safe,False,9.312638580931264,9.28631929046563,False,Correctly Predicted Safe,True,False
4,2,2.0,2,Joey Fatone,48.0,Kym Johnson,12.51,0.0,95.74,,5,0.0426,2,7.0,False,Correctly Predicted Safe,False,10.643015521064301,11.57650776053215,False,Correctly Predicted Safe,True,False
4,2,4.0,4,Ian Ziering,43.0,Cheryl Burke,12.51,0.0,95.74,,3,0.0426,4,7.0,False,Correctly Predicted Safe,False,9.534368070953436,11.022184035476718,False,Correctly Predicted Safe,True,False
4,2,8.0,6,John Ratzenberger,38.0,Edyta Sliwinska,11.46,0.45,96.19,,6,0.0426,6,14.0,False,Correctly Predicted Safe,False,8.425720620842572,9.942860310421286,False,Correctly Predicted Safe,True,False
4,2,6.0,11,Paulina Porizkova,40.0,Alec Mazo,0.98,0.0,9.3,,11,0.907,11,17.0,False,Incorrectly Predicted Safe,False,8.869179600886918,4.924589800443459,True,Correctly Predicted Eliminated,True,True
4,2,10.0,5,Billy Ray Cyrus,34.0,Karina Smirnoff,12.51,1.34,97.08,,4,0.0426,5,14.0,False,Correctly Predicted Safe,False,7.5388026607538805,10.02440133037694,False,Correctly Predicted Safe,True,False
4,2,9.0,9,Leeza Gibbons,36.0,Tony Dovolani,5.26,0.9,96.63,,9,0.0426,9,18.0,False,Correctly Predicted Safe,False,7.982261640798225,6.621130820399113,False,Correctly Predicted Safe,True,False
4,2,7.0,10,Shandi Finnessey,39.0,Brian Fortuna,3.09,0.23,95.97,,10,0.0426,10,17.0,False,Correctly Predicted Safe,False,8.647450110864744,5.868725055432372,False,Correctly Predicted Safe,True,False
4,2,10.0,8,Clyde Drexler,34.0,Elena Grinenko,7.4,1.34,97.08,,8,0.0426,8,18.0,True,Incorrectly Predicted Eliminated,False,7.5388026607538805,7.46940133037694,False,Correctly Predicted Safe,True,False
4,3,1.0,4,Ian Ziering,24.0,Cheryl Burke,13.81,0.0,97.21,,2,0.0279,1,3.0,False,Correctly Predicted Safe,False,11.009174311926607,12.409587155963305,False,Correctly Predicted Safe,True,False
4,3,1.0,7,Heather Mills,24.0,Jonathan Roberts,8.52,0.0,97.21,,7,0.0279,7,8.0,False,Correctly Predicted Safe,False,11.009174311926607,9.764587155963303,False,Correctly Predicted Safe,True,False
4,3,1.0,2,Joey Fatone,24.0,Kym Johnson,13.81,0.0,97.21,,3,0.0279,2,4.0,False,Correctly Predicted Safe,False,11.009174311926607,12.409587155963305,False,Correctly Predicted Safe,True,False
4,3,1.0,9,Leeza Gibbons,24.0,Tony Dovolani,3.5,0.0,97.21,,9,0.0279,8,10.0,False,Correctly Predicted Safe,False,11.009174311926607,7.2545871559633035,False,Correctly Predicted Safe,True,False
4,3,5.0,1,Apolo Anton Ohno,23.0,Julianne Hough,13.81,0.0,97.21,,4,0.0279,3,9.0,False,Correctly Predicted Safe,False,10.550458715596331,12.180229357798165,False,Correctly Predicted Safe,True,False
4,3,6.0,3,Laila Ali,21.0,Maksim Chmerkoskiy,13.81,0.01,97.22,,1,0.0279,4,7.0,False,Correctly Predicted Safe,False,9.63302752293578,11.72151376146789,False,Correctly Predicted Safe,True,False
4,3,6.0,10,Shandi Finnessey,21.0,Brian Fortuna,1.18,0.0,10.36,,10,0.8964,10,16.0,False,Incorrectly Predicted Safe,False,9.63302752293578,5.40651376146789,True,Correctly Predicted Eliminated,True,True
4,3,6.0,5,Billy Ray Cyrus,21.0,Karina Smirnoff,13.74,0.01,97.22,,5,0.0279,5,11.0,False,Correctly Predicted Safe,False,9.63302752293578,11.68651376146789,False,Correctly Predicted Safe,True,False
4,3,9.0,6,John Ratzenberger,20.0,Edyta Sliwinska,11.29,0.47,97.68,,6,0.0279,6,15.0,False,Correctly Predicted Safe,False,9.174311926605505,10.232155963302752,False,Correctly Predicted Safe,True,False
4,3,10.0,8,Clyde Drexler,16.0,Elena Grinenko,6.52,2.3,99.51,,8,0.0279,9,18.0,True,Incorrectly Predicted Eliminated,False,7.339449541284404,6.929724770642202,False,Correctly Predicted Safe,True,False
4,4,1.0,2,Joey Fatone,28.0,Kym Johnson,15.33,0.0,99.45,,1,0.0055,1,2.0,False,Correctly Predicted Safe,False,14.736842105263156,15.033421052631578,False,Correctly Predicted Safe,True,False
4,4,2.0,1,Apolo Anton Ohno,26.0,Julianne Hough,15.33,0.0,99.45,,2,0.0055,2,4.0,False,Correctly Predicted Safe,False,13.684210526315791,14.507105263157897,False,Correctly Predicted Safe,True,False
4,4,3.0,4,Ian Ziering,24.0,Cheryl Burke,15.33,0.0,99.45,,3,0.0055,3,6.0,False,Correctly Predicted Safe,False,12.631578947368421,13.980789473684212,False,Correctly Predicted Safe,True,False
4,4,4.0,7,Heather Mills,23.0,Jonathan Roberts,7.35,0.0,99.45,,7,0.0055,6,11.0,False,Correctly Predicted Safe,False,12.105263157894736,9.727631578947367,False,Correctly Predicted Safe,True,False
4,4,5.0,3,Laila Ali,21.0,Maksim Chmerkoskiy,15.33,0.0,99.45,,4,0.0055,4,9.0,False,Correctly Predicted Safe,False,11.052631578947368,13.191315789473684,False,Correctly Predicted Safe,True,False
4,4,5.0,5,Billy Ray Cyrus,21.0,Karina Smirnoff,13.64,0.0,99.45,,5,0.0055,5,10.0,False,Correctly Predicted Safe,False,11.052631578947368,12.346315789473685,False,Correctly Predicted Safe,True,False
4,4,7.0,6,John Ratzenberger,16.0,Edyta Sliwinska,10.98,0.01,99.46,,6,0.0055,7,13.0,False,Correctly Predicted Safe,False,8.421052631578947,9.700526315789475,False,Correctly Predicted Safe,True,False
4,4,7.0,9,Leeza Gibbons,16.0,Tony Dovolani,1.78,0.0,13.79,,9,0.8621,9,16.0,False,Incorrectly Predicted Safe,False,8.421052631578947,5.100526315789473,True,Correctly Predicted Eliminated,True,True
4,4,9.0,8,Clyde Drexler,15.0,Elena Grinenko,4.92,0.54,99.99,,8,0.0055,8,17.0,True,Incorrectly Predicted Eliminated,False,7.894736842105263,6.407368421052631,False,Correctly Predicted Safe,True,False
4,5,1.0,1,Apolo Anton Ohno,30.0,Julianne Hough,17.23,0.0,100.0,,2,0.0,1,3.0,False,Correctly Predicted Safe,True,17.045454545454543,17.137727272727272,False,Correctly Predicted Safe,True,False
4,5,2.0,3,Laila Ali,28.0,Maksim Chmerkoskiy,17.23,0.0,100.0,,3,0.0,2,5.0,False,Correctly Predicted Safe,True,15.909090909090908,16.569545454545455,False,Correctly Predicted Safe,True,False
4,5,3.0,2,Joey Fatone,25.0,Kym Johnson,17.23,0.0,100.0,,1,0.0,3,4.0,False,Correctly Predicted Safe,True,14.204545454545455,15.717272727272729,False,Correctly Predicted Safe,True,False
4,5,4.0,4,Ian Ziering,24.0,Cheryl Burke,16.79,0.0,100.0,,4,0.0,4,8.0,False,Correctly Predicted Safe,True,13.636363636363635,15.213181818181816,False,Correctly Predicted Safe,True,False
4,5,5.0,7,Heather Mills,21.0,Jonathan Roberts,5.6,0.0,100.0,,7,0.0,7,12.0,False,Correctly Predicted Safe,True,11.931818181818182,8.76590909090909,False,Correctly Predicted Safe,True,False
4,5,6.0,6,John Ratzenberger,18.0,Edyta Sliwinska,9.72,0.0,100.0,,6,0.0,6,12.0,False,Correctly Predicted Safe,True,10.227272727272728,9.973636363636365,False,Correctly Predicted Safe,True,False
4,5,7.0,5,Billy Ray Cyrus,17.0,Karina Smirnoff,13.65,0.0,100.0,,5,0.0,5,12.0,False,Correctly Predicted Safe,True,9.659090909090908,11.654545454545454,False,Correctly Predicted Safe,True,False
4,5,8.0,8,Clyde Drexler,13.0,Elena Grinenko,2.56,0.0,17.6,,8,0.824,8,16.0,True,Correctly Predicted Eliminated,True,7.386363636363637,4.973181818181819,True,Correctly Predicted Eliminated,True,True
4,6,1.0,3,Laila Ali,28.0,Maksim Chmerkoskiy,20.05,0.0,96.45,,3,0.0355,1,4.0,False,Correctly Predicted Safe,False,16.470588235294116,18.260294117647057,False,Correctly Predicted Safe,True,False
4,6,1.0,1,Apolo Anton Ohno,28.0,Julianne Hough,20.05,0.0,96.45,,1,0.0355,2,2.0,False,Correctly Predicted Safe,False,16.470588235294116,18.260294117647057,False,Correctly Predicted Safe,True,False
4,6,3.0,2,Joey Fatone,27.0,Kym Johnson,20.05,0.0,96.45,,2,0.0355,3,5.0,False,Correctly Predicted Safe,False,15.88235294117647,17.966176470588234,False,Correctly Predicted Safe,True,False
4,6,4.0,4,Ian Ziering,24.0,Cheryl Burke,17.22,0.0,96.45,,4,0.0355,4,8.0,False,Correctly Predicted Safe,False,14.117647058823529,15.668823529411764,False,Correctly Predicted Safe,True,False
4,6,5.0,7,Heather Mills,23.0,Jonathan Roberts,2.3,0.0,15.03,,7,0.8497,7,12.0,False,Incorrectly Predicted Safe,False,13.529411764705882,7.914705882352941,True,Correctly Predicted Eliminated,True,True
4,6,6.0,5,Billy Ray Cyrus,21.0,Karina Smirnoff,12.56,1.19,97.64,,5,0.0355,5,11.0,False,Correctly Predicted Safe,False,12.352941176470589,12.456470588235295,False,Correctly Predicted Safe,True,False
4,6,7.0,6,John Ratzenberger,19.0,Edyta Sliwinska,7.78,2.36,98.81,,6,0.0355,6,13.0,True,Incorrectly Predicted Eliminated,False,11.176470588235295,9.478235294117647,False,Correctly Predicted Safe,True,False
4,7,1.0,3,Laila Ali,29.5,Maksim Chmerkoskiy,22.54,0.0,97.72,,3,0.0228,2,4.0,False,Correctly Predicted Safe,True,19.093851132686083,20.81692556634304,False,Correctly Predicted Safe,True,False
4,7,1.0,2,Joey Fatone,29.5,Kym Johnson,23.68,0.0,97.72,,1,0.0228,1,2.0,False,Correctly Predicted Safe,True,19.093851132686083,21.38692556634304,False,Correctly Predicted Safe,True,False
4,7,3.0,4,Ian Ziering,27.0,Cheryl Burke,16.16,0.0,97.72,,4,0.0228,4,7.0,False,Correctly Predicted Safe,True,17.475728155339805,16.817864077669903,False,Correctly Predicted Safe,True,False
4,7,3.0,1,Apolo Anton Ohno,27.0,Julianne Hough,23.68,0.0,97.72,,2,0.0228,3,5.0,False,Correctly Predicted Safe,True,17.475728155339805,20.5778640776699,False,Correctly Predicted Safe,True,False
4,7,5.0,6,John Ratzenberger,22.5,Edyta Sliwinska,3.32,0.0,18.76,,6,0.8124,6,11.0,True,Correctly Predicted Eliminated,True,14.563106796116504,8.941553398058252,True,Correctly Predicted Eliminated,True,True
4,7,6.0,5,Billy Ray Cyrus,19.0,Karina Smirnoff,10.62,2.28,100.0,,5,0.0228,5,11.0,False,Correctly Predicted Safe,True,12.297734627831716,11.458867313915857,False,Correctly Predicted Safe,True,False
4,8,1.0,1,Apolo Anton Ohno,29.0,Julianne Hough,28.98,0.0,100.0,,1,0.0,1,2.0,False,Correctly Predicted Safe,True,23.107569721115535,26.043784860557768,False,Correctly Predicted Safe,True,False
4,8,2.0,2,Joey Fatone,27.5,Kym Johnson,28.98,0.0,100.0,,2,0.0,2,4.0,False,Correctly Predicted Safe,True,21.91235059760956,25.446175298804782,False,Correctly Predicted Safe,True,False
4,8,3.0,3,Laila Ali,26.5,Maksim Chmerkoskiy,22.87,0.0,100.0,,3,0.0,3,6.0,False,Correctly Predicted Safe,True,21.115537848605577,21.992768924302787,False,Correctly Predicted Safe,True,False
4,8,4.0,4,Ian Ziering,23.5,Cheryl Burke,13.9,0.0,100.0,,4,0.0,4,8.0,False,Correctly Predicted Safe,True,18.725099601593627,16.312549800796813,False,Correctly Predicted Safe,True,False
4,8,5.0,5,Billy Ray Cyrus,19.0,Karina Smirnoff,5.27,0.0,24.85,,5,0.7515,5,10.0,True,Correctly Predicted Eliminated,True,15.139442231075698,10.204721115537849,True,Correctly Predicted Eliminated,True,True
4,9,1.0,3,Laila Ali,30.0,Maksim Chmerkoskiy,20.64,0.0,100.0,,3,0.0,3,4.0,False,Correctly Predicted Safe,True,25.31645569620253,22.978227848101266,False,Correctly Predicted Safe,True,False
4,9,1.0,2,Joey Fatone,30.0,Kym Johnson,35.75,0.0,100.0,,2,0.0,2,3.0,False,Correctly Predicted Safe,True,25.31645569620253,30.533227848101266,False,Correctly Predicted Safe,True,False
4,9,3.0,1,Apolo Anton Ohno,29.5,Julianne Hough,37.75,0.0,100.0,,1,0.0,1,4.0,False,Correctly Predicted Safe,True,24.894514767932492,31.322257383966246,False,Correctly Predicted Safe,True,False
4,9,4.0,4,Ian Ziering,29.0,Cheryl Burke,5.86,0.0,25.52,,4,0.7448,4,8.0,True,Correctly Predicted Eliminated,True,24.47257383966245,15.166286919831224,True,Correctly Predicted Eliminated,True,True
4,10,1.0,1,Apolo Anton Ohno,29.3332,Julianne Hough,54.35,32.7,100.0,,1,0.327,1,2.0,False,Correctly Predicted Safe,True,33.976850076853665,44.16342503842684,False,Correctly Predicted Safe,True,False
4,10,2.0,2,Joey Fatone,28.6665,Kym Johnson,36.31,0.0,50.38,,2,0.4962,2,4.0,True,Correctly Predicted Eliminated,True,33.204606818489815,34.75730340924491,True,Correctly Predicted Eliminated,True,True
4,10,3.0,3,Laila Ali,28.333200000000005,Maksim Chmerkoskiy,9.34,0.0,33.84,,3,0.6616,3,6.0,True,Correctly Predicted Eliminated,True,32.81854310465651,21.079271552328258,True,Correctly Predicted Eliminated,True,True
5,1,1.0,7,Sabrina Bryan,26.0,Mark Ballas,9.4,0.0,100.0,,7,0.0,7,8.0,False,Correctly Predicted Safe,True,10.116731517509727,9.758365758754863,False,Correctly Predicted Safe,True,False
5,1,2.0,1,Helio Castroneves,25.0,Julianne Hough,11.44,0.0,100.0,,2,0.0,1,4.0,False,Correctly Predicted Safe,True,9.72762645914397,10.583813229571984,False,Correctly Predicted Safe,True,False
5,1,3.0,6,Jane Seymour,24.0,Tony Dovolani,11.25,0.0,100.0,,6,0.0,3,9.0,False,Correctly Predicted Safe,True,9.33852140077821,10.294260700389106,False,Correctly Predicted Safe,True,False
5,1,3.0,2,Mel B,24.0,Maksim Chmerkoskiy,11.44,0.0,100.0,,4,0.0,2,7.0,False,Correctly Predicted Safe,True,9.33852140077821,10.389260700389105,False,Correctly Predicted Safe,True,False
5,1,5.0,5,Cameron Mathison,21.0,Edyta Sliwinska,11.44,0.0,100.0,,1,0.0,4,6.0,False,Correctly Predicted Safe,True,8.171206225680933,9.805603112840465,False,Correctly Predicted Safe,True,False
5,1,5.0,4,Jennie Garth,21.0,Derek Hough,11.44,0.0,100.0,,5,0.0,5,10.0,False,Correctly Predicted Safe,True,8.171206225680933,9.805603112840465,False,Correctly Predicted Safe,True,False
5,1,5.0,11,Albert Reed,21.0,Anna Trebunskaya,2.58,0.0,100.0,,11,0.0,11,16.0,False,Correctly Predicted Safe,True,8.171206225680933,5.375603112840467,False,Correctly Predicted Safe,True,False
5,1,5.0,3,Marie Osmond,21.0,Jonathan Roberts,11.44,0.0,100.0,,3,0.0,6,8.0,False,Correctly Predicted Safe,True,8.171206225680933,9.805603112840465,False,Correctly Predicted Safe,True,False
5,1,5.0,8,Mark Cuban,21.0,Kym Johnson,7.86,0.0,100.0,,8,0.0,8,13.0,False,Correctly Predicted Safe,True,8.171206225680933,8.015603112840466,False,Correctly Predicted Safe,True,False
5,1,10.0,10,Wayne Newton,19.0,Cheryl Burke,4.43,0.0,100.0,,10,0.0,10,20.0,False,Correctly Predicted Safe,True,7.392996108949417,5.911498054474708,False,Correctly Predicted Safe,True,False
5,1,11.0,9,Floyd Mayweather Jr. ,18.0,Karina Smirnoff,6.24,0.0,100.0,,9,0.0,9,20.0,False,Correctly Predicted Safe,True,7.003891050583658,6.621945525291829,False,Correctly Predicted Safe,True,False
5,1,12.0,12,Josie Maran,16.0,Alec Mazo,1.05,0.0,10.43,,12,0.8957,12,24.0,True,Correctly Predicted Eliminated,True,6.22568093385214,3.63784046692607,True,Correctly Predicted Eliminated,True,True
5,2,1.0,1,Helio Castroneves,27.0,Julianne Hough,12.52,0.0,96.16,,1,0.0384,1,2.0,False,Correctly Predicted Safe,False,11.344537815126051,11.932268907563024,False,Correctly Predicted Safe,True,False
5,2,2.0,7,Sabrina Bryan,26.0,Mark Ballas,9.07,0.0,96.16,,7,0.0384,7,9.0,False,Correctly Predicted Safe,False,10.92436974789916,9.99718487394958,False,Correctly Predicted Safe,True,False
5,2,3.0,3,Marie Osmond,24.0,Jonathan Roberts,12.52,0.0,96.16,,2,0.0384,2,5.0,False,Correctly Predicted Safe,False,10.084033613445378,11.302016806722689,False,Correctly Predicted Safe,True,False
5,2,4.0,2,Mel B,23.0,Maksim Chmerkoskiy,12.52,0.0,96.16,,3,0.0384,3,7.0,False,Correctly Predicted Safe,False,9.663865546218489,11.091932773109244,False,Correctly Predicted Safe,True,False
5,2,5.0,5,Cameron Mathison,21.0,Edyta Sliwinska,12.52,0.01,96.17,,4,0.0384,4,9.0,False,Correctly Predicted Safe,False,8.823529411764707,10.671764705882353,False,Correctly Predicted Safe,True,False
5,2,5.0,6,Jane Seymour,21.0,Tony Dovolani,11.42,0.01,96.17,,6,0.0384,6,11.0,False,Correctly Predicted Safe,False,8.823529411764707,10.121764705882352,False,Correctly Predicted Safe,True,False
5,2,5.0,4,Jennie Garth,21.0,Derek Hough,12.52,0.01,96.17,,5,0.0384,5,10.0,False,Correctly Predicted Safe,False,8.823529411764707,10.671764705882353,False,Correctly Predicted Safe,True,False
5,2,5.0,9,Floyd Mayweather Jr. ,21.0,Karina Smirnoff,5.16,0.01,96.17,,9,0.0384,9,14.0,False,Correctly Predicted Safe,False,8.823529411764707,6.991764705882353,False,Correctly Predicted Safe,True,False
5,2,5.0,11,Albert Reed,21.0,Anna Trebunskaya,0.92,0.0,9.35,,11,0.9065,11,16.0,False,Incorrectly Predicted Safe,False,8.823529411764707,4.871764705882353,True,Correctly Predicted Eliminated,True,True
5,2,10.0,8,Mark Cuban,18.0,Kym Johnson,7.4,1.27,97.43,,8,0.0384,8,18.0,False,Correctly Predicted Safe,False,7.563025210084033,7.481512605042017,False,Correctly Predicted Safe,True,False
5,2,11.0,10,Wayne Newton,15.0,Cheryl Burke,3.45,2.53,98.69,,10,0.0384,10,21.0,True,Incorrectly Predicted Eliminated,False,6.302521008403361,4.876260504201681,False,Correctly Predicted Safe,True,False
5,3,1.0,6,Jane Seymour,27.0,Tony Dovolani,10.98,0.0,100.0,,6,0.0,6,7.0,False,Correctly Predicted Safe,True,11.297071129707113,11.138535564853557,False,Correctly Predicted Safe,True,False
5,3,1.0,7,Sabrina Bryan,27.0,Mark Ballas,8.47,0.0,100.0,,7,0.0,7,8.0,False,Correctly Predicted Safe,True,11.297071129707113,9.883535564853556,False,Correctly Predicted Safe,True,False
5,3,1.0,2,Mel B,27.0,Maksim Chmerkoskiy,13.79,0.0,100.0,,1,0.0,1,2.0,False,Correctly Predicted Safe,True,11.297071129707113,12.543535564853556,False,Correctly Predicted Safe,True,False
5,3,4.0,4,Jennie Garth,26.0,Derek Hough,13.79,0.0,100.0,,2,0.0,2,6.0,False,Correctly Predicted Safe,True,10.87866108786611,12.334330543933055,False,Correctly Predicted Safe,True,False
5,3,4.0,3,Marie Osmond,26.0,Jonathan Roberts,13.79,0.0,100.0,,3,0.0,3,7.0,False,Correctly Predicted Safe,True,10.87866108786611,12.334330543933055,False,Correctly Predicted Safe,True,False
5,3,6.0,1,Helio Castroneves,24.0,Julianne Hough,13.79,0.0,100.0,,4,0.0,4,10.0,False,Correctly Predicted Safe,True,10.0418410041841,11.91592050209205,False,Correctly Predicted Safe,True,False
5,3,7.0,5,Cameron Mathison,23.0,Edyta Sliwinska,13.72,0.0,100.0,,5,0.0,5,12.0,False,Correctly Predicted Safe,True,9.623430962343097,11.67171548117155,False,Correctly Predicted Safe,True,False
5,3,8.0,9,Floyd Mayweather Jr. ,21.0,Karina Smirnoff,3.8,0.0,100.0,,9,0.0,9,17.0,False,Correctly Predicted Safe,True,8.786610878661087,6.293305439330544,False,Correctly Predicted Safe,True,False
5,3,9.0,8,Mark Cuban,20.0,Kym Johnson,6.37,0.0,100.0,,8,0.0,8,17.0,False,Correctly Predicted Safe,True,8.368200836820083,7.369100418410042,False,Correctly Predicted Safe,True,False
5,3,10.0,10,Wayne Newton,18.0,Cheryl Burke,1.47,0.0,12.46,,10,0.8754,10,20.0,True,Correctly Predicted Eliminated,True,7.531380753138076,4.500690376569038,True,Correctly Predicted Eliminated,True,True
5,4,1.0,7,Sabrina Bryan,30.0,Mark Ballas,7.31,0.0,99.56,,7,0.0044,7,8.0,False,Correctly Predicted Safe,True,12.82051282051282,10.06525641025641,False,Correctly Predicted Safe,True,False
5,4,2.0,5,Cameron Mathison,27.0,Edyta Sliwinska,13.71,0.0,99.56,,5,0.0044,5,7.0,False,Correctly Predicted Safe,True,11.538461538461538,12.62423076923077,False,Correctly Predicted Safe,True,False
5,4,2.0,4,Jennie Garth,27.0,Derek Hough,15.5,0.0,99.56,,3,0.0044,1,5.0,False,Correctly Predicted Safe,True,11.538461538461538,13.51923076923077,False,Correctly Predicted Safe,True,False
5,4,2.0,1,Helio Castroneves,27.0,Julianne Hough,15.5,0.0,99.56,,4,0.0044,2,6.0,False,Correctly Predicted Safe,True,11.538461538461538,13.51923076923077,False,Correctly Predicted Safe,True,False
5,4,5.0,6,Jane Seymour,26.0,Tony Dovolani,10.68,0.0,99.56,,6,0.0044,6,11.0,False,Correctly Predicted Safe,True,11.11111111111111,10.895555555555555,False,Correctly Predicted Safe,True,False
5,4,5.0,2,Mel B,26.0,Maksim Chmerkoskiy,15.5,0.0,99.56,,1,0.0044,3,6.0,False,Correctly Predicted Safe,True,11.11111111111111,13.305555555555555,False,Correctly Predicted Safe,True,False
5,4,5.0,3,Marie Osmond,26.0,Jonathan Roberts,15.5,0.0,99.56,,2,0.0044,4,7.0,False,Correctly Predicted Safe,True,11.11111111111111,13.305555555555555,False,Correctly Predicted Safe,True,False
5,4,8.0,9,Floyd Mayweather Jr. ,23.0,Karina Smirnoff,1.58,0.0,12.38,,9,0.8762,9,17.0,True,Correctly Predicted Eliminated,True,9.82905982905983,5.704529914529915,True,Correctly Predicted Eliminated,True,True
5,4,9.0,8,Mark Cuban,22.0,Kym Johnson,4.74,0.44,100.0,,8,0.0044,8,17.0,False,Correctly Predicted Safe,True,9.401709401709402,7.070854700854701,False,Correctly Predicted Safe,True,False
5,5,1.0,2,Mel B,29.0,Maksim Chmerkoskiy,17.54,0.0,99.99,,1,0.0001,1,2.0,False,Correctly Predicted Safe,True,14.572864321608039,16.056432160804018,False,Correctly Predicted Safe,True,False
5,5,2.0,7,Sabrina Bryan,28.0,Mark Ballas,5.33,0.0,99.99,,7,0.0001,7,9.0,False,Correctly Predicted Safe,True,14.07035175879397,9.700175879396985,False,Correctly Predicted Safe,True,False
5,5,3.0,5,Cameron Mathison,26.0,Edyta Sliwinska,13.3,0.0,99.99,,5,0.0001,5,8.0,False,Correctly Predicted Safe,True,13.06532663316583,13.182663316582914,False,Correctly Predicted Safe,True,False
5,5,3.0,6,Jane Seymour,26.0,Tony Dovolani,9.4,0.0,99.99,,6,0.0001,6,9.0,False,Correctly Predicted Safe,True,13.06532663316583,11.232663316582915,False,Correctly Predicted Safe,True,False
5,5,5.0,4,Jennie Garth,25.0,Derek Hough,17.29,0.0,99.99,,4,0.0001,2,9.0,False,Correctly Predicted Safe,True,12.562814070351758,14.926407035175878,False,Correctly Predicted Safe,True,False
5,5,6.0,1,Helio Castroneves,23.0,Julianne Hough,17.54,0.0,99.99,,2,0.0001,3,8.0,False,Correctly Predicted Safe,True,11.557788944723619,14.548894472361809,False,Correctly Predicted Safe,True,False
5,5,7.0,3,Marie Osmond,21.0,Jonathan Roberts,17.54,0.01,100.0,,3,0.0001,4,10.0,False,Correctly Predicted Safe,True,10.552763819095476,14.046381909547737,False,Correctly Predicted Safe,True,False
5,5,7.0,8,Mark Cuban,21.0,Kym Johnson,2.05,0.0,14.44,,8,0.8556,8,15.0,True,Correctly Predicted Eliminated,True,10.552763819095476,6.301381909547738,True,Correctly Predicted Eliminated,True,True
5,6,1.0,2,Mel B,30.0,Maksim Chmerkoskiy,20.2,0.0,97.19,,3,0.0281,1,4.0,False,Correctly Predicted Safe,False,16.666666666666664,18.43333333333333,False,Correctly Predicted Safe,True,False
5,6,2.0,1,Helio Castroneves,28.0,Julianne Hough,20.2,0.0,97.19,,1,0.0281,2,3.0,False,Correctly Predicted Safe,False,15.555555555555555,17.877777777777776,False,Correctly Predicted Safe,True,False
5,6,3.0,4,Jennie Garth,27.0,Derek Hough,17.17,0.0,97.19,,4,0.0281,4,7.0,False,Correctly Predicted Safe,False,15.0,16.085,False,Correctly Predicted Safe,True,False
5,6,4.0,5,Cameron Mathison,25.0,Edyta Sliwinska,12.35,0.01,97.2,,5,0.0281,5,9.0,False,Correctly Predicted Safe,False,13.88888888888889,13.119444444444444,False,Correctly Predicted Safe,True,False
5,6,4.0,7,Sabrina Bryan,25.0,Mark Ballas,2.24,0.0,14.67,,7,0.8533,7,11.0,False,Incorrectly Predicted Safe,False,13.88888888888889,8.064444444444444,True,Correctly Predicted Eliminated,True,True
5,6,6.0,3,Marie Osmond,23.0,Jonathan Roberts,20.2,1.12,98.31,,2,0.0281,3,8.0,False,Correctly Predicted Safe,False,12.777777777777777,16.488888888888887,False,Correctly Predicted Safe,True,False
5,6,7.0,6,Jane Seymour,22.0,Tony Dovolani,7.63,1.68,98.87,,6,0.0281,6,13.0,True,Incorrectly Predicted Eliminated,False,12.222222222222221,9.92611111111111,False,Correctly Predicted Safe,True,False
5,7,1.0,2,Mel B,27.0,Maksim Chmerkoskiy,23.83,0.0,100.0,,2,0.0,1,3.0,False,Correctly Predicted Safe,True,17.307692307692307,20.568846153846152,False,Correctly Predicted Safe,True,False
5,7,2.0,4,Jennie Garth,26.5,Derek Hough,16.38,0.0,100.0,,4,0.0,4,6.0,False,Correctly Predicted Safe,True,16.98717948717949,16.683589743589742,False,Correctly Predicted Safe,True,False
5,7,3.0,1,Helio Castroneves,26.0,Julianne Hough,23.83,0.0,100.0,,1,0.0,2,4.0,False,Correctly Predicted Safe,True,16.666666666666664,20.24833333333333,False,Correctly Predicted Safe,True,False
5,7,3.0,3,Marie Osmond,26.0,Jonathan Roberts,23.26,0.0,100.0,,3,0.0,3,6.0,False,Correctly Predicted Safe,True,16.666666666666664,19.96333333333333,False,Correctly Predicted Safe,True,False
5,7,5.0,5,Cameron Mathison,25.5,Edyta Sliwinska,9.72,0.0,100.0,,5,0.0,5,10.0,False,Correctly Predicted Safe,True,16.346153846153847,13.033076923076923,False,Correctly Predicted Safe,True,False
5,7,6.0,6,Jane Seymour,25.0,Tony Dovolani,2.99,0.0,17.3,,6,0.827,6,12.0,True,Correctly Predicted Eliminated,True,16.025641025641026,9.507820512820512,True,Correctly Predicted Eliminated,True,True
5,8,1.0,1,Helio Castroneves,28.5,Julianne Hough,29.16,0.0,98.84,,1,0.0116,1,2.0,False,Correctly Predicted Safe,True,21.673003802281368,25.416501901140684,False,Correctly Predicted Safe,True,False
5,8,2.0,2,Mel B,28.0,Maksim Chmerkoskiy,29.16,0.0,98.84,,2,0.0116,2,4.0,False,Correctly Predicted Safe,True,21.292775665399237,25.22638783269962,False,Correctly Predicted Safe,True,False
5,8,3.0,5,Cameron Mathison,25.5,Edyta Sliwinska,4.07,0.0,20.6,,5,0.794,5,8.0,True,Correctly Predicted Eliminated,True,19.39163498098859,11.730817490494296,True,Correctly Predicted Eliminated,True,True
5,8,4.0,4,Jennie Garth,25.0,Derek Hough,13.9,0.39,99.23,,4,0.0116,4,8.0,False,Correctly Predicted Safe,True,19.011406844106464,16.455703422053233,False,Correctly Predicted Safe,True,False
5,8,5.0,3,Marie Osmond,24.5,Jonathan Roberts,23.73,0.77,99.61,,3,0.0116,3,8.0,False,Correctly Predicted Safe,True,18.631178707224336,21.18058935361217,False,Correctly Predicted Safe,True,False
5,9,1.0,1,Helio Castroneves,30.0,Julianne Hough,37.64,0.0,99.14,,1,0.0086,1,2.0,False,Correctly Predicted Safe,False,25.64102564102564,31.640512820512818,False,Correctly Predicted Safe,True,False
5,9,1.0,2,Mel B,30.0,Maksim Chmerkoskiy,35.52,0.0,99.14,,2,0.0086,2,3.0,False,Correctly Predicted Safe,False,25.64102564102564,30.580512820512823,False,Correctly Predicted Safe,True,False
5,9,3.0,4,Jennie Garth,29.0,Derek Hough,5.73,0.0,25.21,,4,0.7479,4,7.0,False,Incorrectly Predicted Safe,False,24.786324786324787,15.258162393162394,True,Correctly Predicted Eliminated,True,True
5,9,4.0,3,Marie Osmond,28.0,Jonathan Roberts,21.11,0.86,100.0,,3,0.0086,3,7.0,True,Incorrectly Predicted Eliminated,False,23.931623931623932,22.520811965811966,False,Correctly Predicted Safe,True,False
5,10,1.0,2,Mel B,28.3332,Maksim Chmerkoskiy,34.7,0.0,49.78,,2,0.5022,2,3.0,True,Correctly Predicted Eliminated,True,35.71422268889026,35.20711134444513,True,Correctly Predicted Eliminated,True,True
5,10,2.0,1,Helio Castroneves,27.999900000000004,Julianne Hough,53.97,31.38,100.0,,1,0.3138,1,3.0,False,Correctly Predicted Safe,True,35.29409540280161,44.63204770140081,False,Correctly Predicted Safe,True,False
5,10,3.0,3,Marie Osmond,23.0,Jonathan Roberts,11.34,0.0,37.66,,3,0.6234,3,6.0,True,Correctly Predicted Eliminated,True,28.99168190830813,20.165840954154064,True,Correctly Predicted Eliminated,True,True
6,2,3.0,2,Jason Taylor,49.0,Edyta Sliwinska,11.4,0.0,99.39,,5,0.0061,3,8.0,False,Correctly Predicted Safe,True,9.8,10.600000000000001,False,Correctly Predicted Safe,True,False
6,2,1.0,1,Kristi Yamaguchi,54.0,Mark Ballas,11.4,0.0,99.39,,2,0.0061,1,3.0,False,Correctly Predicted Safe,True,10.8,11.100000000000001,False,Correctly Predicted Safe,True,False
6,2,2.0,5,Mario,50.0,Karina Smirnoff,11.4,0.0,99.39,,3,0.0061,2,5.0,False,Correctly Predicted Safe,True,10.0,10.7,False,Correctly Predicted Safe,True,False
6,2,4.0,7,Marlee Matlin,46.0,Fabian Sanchez,9.47,0.0,99.39,,7,0.0061,7,11.0,False,Correctly Predicted Safe,True,9.2,9.335,False,Correctly Predicted Safe,True,False
6,2,5.0,6,Shannon Elizabeth,45.0,Derek Hough,11.25,0.0,99.39,,6,0.0061,4,11.0,False,Correctly Predicted Safe,True,9.0,10.125,False,Correctly Predicted Safe,True,False
6,2,5.0,8,Priscilla Presley,45.0,Louis van Amstel,7.74,0.0,99.39,,8,0.0061,8,13.0,False,Correctly Predicted Safe,True,9.0,8.370000000000001,False,Correctly Predicted Safe,True,False
6,2,8.0,4,Marissa Jaret Winokur,39.0,Tony Dovolani,11.4,0.0,99.39,,1,0.0061,6,9.0,False,Correctly Predicted Safe,True,7.8,9.6,False,Correctly Predicted Safe,True,False
6,2,7.0,3,Cristian de la Fuente,41.0,Cheryl Burke,11.4,0.0,99.39,,4,0.0061,5,11.0,False,Correctly Predicted Safe,True,8.200000000000001,9.8,False,Correctly Predicted Safe,True,False
6,2,9.0,9,Adam Carolla,34.0,Julianne Hough,6.24,0.0,99.39,,9,0.0061,9,18.0,False,Correctly Predicted Safe,True,6.800000000000001,6.5200000000000005,False,Correctly Predicted Safe,True,False
6,2,11.0,12,Penn Jillette,33.0,Kym Johnson,1.0,0.0,10.05,,12,0.8995,12,23.0,True,Correctly Predicted Eliminated,True,6.6000000000000005,3.8000000000000003,True,Correctly Predicted Eliminated,True,True
6,2,9.0,10,Steve Guttenberg,34.0,Anna Trebunskaya,4.49,0.0,99.39,,10,0.0061,10,19.0,False,Correctly Predicted Safe,True,6.800000000000001,5.6450000000000005,False,Correctly Predicted Safe,True,False
6,2,12.0,11,Monica Seles,30.0,Jonathan Roberts,2.82,0.61,11.57,,11,0.8904,11,23.0,True,Correctly Predicted Eliminated,True,6.0,4.41,True,Correctly Predicted Eliminated,True,True
6,3,1.0,1,Kristi Yamaguchi,27.0,Mark Ballas,13.83,0.0,99.08,,1,0.0092,1,2.0,False,Correctly Predicted Safe,True,11.842105263157894,12.836052631578948,False,Correctly Predicted Safe,True,False
6,3,2.0,8,Priscilla Presley,26.0,Louis van Amstel,5.97,0.0,99.08,,8,0.0092,8,10.0,False,Correctly Predicted Safe,True,11.403508771929824,8.686754385964912,False,Correctly Predicted Safe,True,False
6,3,3.0,3,Cristian de la Fuente,25.0,Cheryl Burke,13.83,0.0,99.08,,2,0.0092,2,5.0,False,Correctly Predicted Safe,True,10.964912280701753,12.397456140350876,False,Correctly Predicted Safe,True,False
6,3,4.0,6,Shannon Elizabeth,24.0,Derek Hough,11.12,0.0,99.08,,6,0.0092,6,10.0,False,Correctly Predicted Safe,True,10.526315789473683,10.823157894736841,False,Correctly Predicted Safe,True,False
6,3,5.0,2,Jason Taylor,23.0,Edyta Sliwinska,13.83,0.0,99.08,,3,0.0092,3,8.0,False,Correctly Predicted Safe,True,10.087719298245613,11.958859649122807,False,Correctly Predicted Safe,True,False
6,3,6.0,10,Steve Guttenberg,21.0,Anna Trebunskaya,1.24,0.0,10.78,,10,0.8922,10,16.0,True,Correctly Predicted Eliminated,True,9.210526315789473,5.225263157894736,True,Correctly Predicted Eliminated,True,True
6,3,6.0,7,Marlee Matlin,21.0,Fabian Sanchez,8.79,0.01,99.09,,7,0.0092,7,13.0,False,Correctly Predicted Safe,True,9.210526315789473,9.000263157894736,False,Correctly Predicted Safe,True,False
6,3,6.0,9,Adam Carolla,21.0,Julianne Hough,3.76,0.01,99.09,,9,0.0092,9,15.0,False,Correctly Predicted Safe,True,9.210526315789473,6.485263157894736,False,Correctly Predicted Safe,True,False
6,3,6.0,5,Mario,21.0,Karina Smirnoff,13.81,0.01,99.09,,5,0.0092,4,11.0,False,Correctly Predicted Safe,True,9.210526315789473,11.510263157894737,False,Correctly Predicted Safe,True,False
6,3,10.0,4,Marissa Jaret Winokur,19.0,Tony Dovolani,13.83,0.89,99.97,,4,0.0092,5,14.0,False,Correctly Predicted Safe,True,8.333333333333332,11.081666666666667,False,Correctly Predicted Safe,True,False
6,4,1.0,2,Jason Taylor,29.0,Edyta Sliwinska,15.43,0.0,100.0,,1,0.0,1,2.0,False,Correctly Predicted Safe,True,12.88888888888889,14.159444444444444,False,Correctly Predicted Safe,True,False
6,4,1.0,1,Kristi Yamaguchi,29.0,Mark Ballas,15.43,0.0,100.0,,2,0.0,2,3.0,False,Correctly Predicted Safe,True,12.88888888888889,14.159444444444444,False,Correctly Predicted Safe,True,False
6,4,3.0,6,Shannon Elizabeth,28.0,Derek Hough,10.43,0.0,100.0,,6,0.0,6,9.0,False,Correctly Predicted Safe,True,12.444444444444445,11.437222222222221,False,Correctly Predicted Safe,True,False
6,4,4.0,3,Cristian de la Fuente,26.0,Cheryl Burke,15.43,0.0,100.0,,3,0.0,3,7.0,False,Correctly Predicted Safe,True,11.555555555555555,13.492777777777778,False,Correctly Predicted Safe,True,False
6,4,5.0,7,Marlee Matlin,24.0,Fabian Sanchez,7.61,0.0,100.0,,7,0.0,7,12.0,False,Correctly Predicted Safe,True,10.666666666666668,9.138333333333334,False,Correctly Predicted Safe,True,False
6,4,5.0,4,Marissa Jaret Winokur,24.0,Tony Dovolani,15.43,0.0,100.0,,4,0.0,4,9.0,False,Correctly Predicted Safe,True,10.666666666666668,13.048333333333334,False,Correctly Predicted Safe,True,False
6,4,5.0,5,Mario,24.0,Karina Smirnoff,13.79,0.0,100.0,,5,0.0,5,10.0,False,Correctly Predicted Safe,True,10.666666666666668,12.228333333333333,False,Correctly Predicted Safe,True,False
6,4,8.0,8,Priscilla Presley,22.0,Louis van Amstel,4.66,0.0,100.0,,8,0.0,8,16.0,False,Correctly Predicted Safe,True,9.777777777777779,7.218888888888889,False,Correctly Predicted Safe,True,False
6,4,9.0,9,Adam Carolla,19.0,Julianne Hough,1.78,0.0,13.77,,9,0.8623,9,18.0,True,Correctly Predicted Eliminated,True,8.444444444444445,5.112222222222222,True,Correctly Predicted Eliminated,True,True
6,5,1.0,1,Kristi Yamaguchi,29.0,Mark Ballas,17.43,0.0,100.0,,1,0.0,1,2.0,False,Correctly Predicted Safe,True,14.795918367346939,16.112959183673468,False,Correctly Predicted Safe,True,False
6,5,2.0,2,Jason Taylor,27.0,Edyta Sliwinska,17.43,0.0,100.0,,2,0.0,2,4.0,False,Correctly Predicted Safe,True,13.77551020408163,15.602755102040815,False,Correctly Predicted Safe,True,False
6,5,2.0,5,Mario,27.0,Karina Smirnoff,13.09,0.0,100.0,,5,0.0,5,7.0,False,Correctly Predicted Safe,True,13.77551020408163,13.432755102040815,False,Correctly Predicted Safe,True,False
6,5,4.0,4,Marissa Jaret Winokur,24.0,Tony Dovolani,17.24,0.0,100.0,,4,0.0,3,8.0,False,Correctly Predicted Safe,True,12.244897959183673,14.742448979591835,False,Correctly Predicted Safe,True,False
6,5,5.0,3,Cristian de la Fuente,23.0,Cheryl Burke,17.43,0.0,100.0,,3,0.0,4,8.0,False,Correctly Predicted Safe,True,11.73469387755102,14.58234693877551,False,Correctly Predicted Safe,True,False
6,5,5.0,6,Shannon Elizabeth,23.0,Derek Hough,9.58,0.0,100.0,,6,0.0,6,11.0,False,Correctly Predicted Safe,True,11.73469387755102,10.657346938775511,False,Correctly Predicted Safe,True,False
6,5,7.0,7,Marlee Matlin,22.0,Fabian Sanchez,5.79,0.0,100.0,,7,0.0,7,14.0,False,Correctly Predicted Safe,True,11.224489795918368,8.507244897959184,False,Correctly Predicted Safe,True,False
6,5,8.0,8,Priscilla Presley,21.0,Louis van Amstel,2.01,0.0,14.28,,8,0.8572,8,16.0,True,Correctly Predicted Eliminated,True,10.714285714285714,6.362142857142857,True,Correctly Predicted Eliminated,True,True
6,6,1.0,1,Kristi Yamaguchi,30.0,Mark Ballas,20.2,0.0,100.0,,1,0.0,1,2.0,False,Correctly Predicted Safe,True,16.666666666666664,18.43333333333333,False,Correctly Predicted Safe,True,False
6,6,2.0,5,Mario,28.0,Karina Smirnoff,12.01,0.0,100.0,,5,0.0,5,7.0,False,Correctly Predicted Safe,True,15.555555555555555,13.782777777777778,False,Correctly Predicted Safe,True,False
6,6,3.0,3,Cristian de la Fuente,27.0,Cheryl Burke,20.2,0.0,100.0,,2,0.0,2,5.0,False,Correctly Predicted Safe,True,15.0,17.6,False,Correctly Predicted Safe,True,False
6,6,4.0,4,Marissa Jaret Winokur,26.0,Tony Dovolani,17.28,0.0,100.0,,4,0.0,4,8.0,False,Correctly Predicted Safe,True,14.444444444444443,15.862222222222222,False,Correctly Predicted Safe,True,False
6,6,5.0,6,Shannon Elizabeth,24.0,Derek Hough,7.41,0.0,100.0,,6,0.0,6,11.0,False,Correctly Predicted Safe,True,13.333333333333334,10.371666666666666,False,Correctly Predicted Safe,True,False
6,6,5.0,2,Jason Taylor,24.0,Edyta Sliwinska,20.2,0.0,100.0,,3,0.0,3,8.0,False,Correctly Predicted Safe,True,13.333333333333334,16.766666666666666,False,Correctly Predicted Safe,True,False
6,6,7.0,7,Marlee Matlin,21.0,Fabian Sanchez,2.69,0.0,16.9,,7,0.831,7,14.0,True,Correctly Predicted Eliminated,True,11.666666666666666,7.178333333333333,True,Correctly Predicted Eliminated,True,True
6,7,1.0,2,Jason Taylor,27.5,Edyta Sliwinska,23.75,0.0,98.36,,1,0.0164,1,2.0,False,Correctly Predicted Safe,True,17.79935275080906,20.774676375404532,False,Correctly Predicted Safe,True,False
6,7,2.0,1,Kristi Yamaguchi,27.0,Mark Ballas,23.75,0.0,98.36,,2,0.0164,2,4.0,False,Correctly Predicted Safe,True,17.475728155339805,20.612864077669904,False,Correctly Predicted Safe,True,False
6,7,3.0,4,Marissa Jaret Winokur,26.0,Tony Dovolani,16.36,0.0,98.36,,4,0.0164,4,7.0,False,Correctly Predicted Safe,True,16.828478964401295,16.59423948220065,False,Correctly Predicted Safe,True,False
6,7,4.0,6,Shannon Elizabeth,25.5,Derek Hough,2.87,0.0,16.82,,6,0.8318,6,10.0,True,Correctly Predicted Eliminated,True,16.50485436893204,9.68742718446602,True,Correctly Predicted Eliminated,True,True
6,7,4.0,5,Mario,25.5,Karina Smirnoff,9.65,0.01,98.37,,5,0.0164,5,9.0,False,Correctly Predicted Safe,True,16.50485436893204,13.077427184466021,False,Correctly Predicted Safe,True,False
6,7,6.0,3,Cristian de la Fuente,23.0,Cheryl Burke,23.61,1.63,99.99,,3,0.0164,3,9.0,False,Correctly Predicted Safe,True,14.886731391585762,19.24836569579288,False,Correctly Predicted Safe,True,False
6,8,1.0,3,Cristian de la Fuente,28.5,Cheryl Burke,23.13,0.0,98.48,,3,0.0152,3,4.0,False,Correctly Predicted Safe,False,21.34831460674157,22.239157303370785,False,Correctly Predicted Safe,True,False
6,8,2.0,1,Kristi Yamaguchi,27.5,Mark Ballas,29.4,0.0,98.48,,2,0.0152,1,4.0,False,Correctly Predicted Safe,False,20.59925093632959,24.999625468164794,False,Correctly Predicted Safe,True,False
6,8,3.0,5,Mario,26.5,Karina Smirnoff,3.96,0.0,20.14,,5,0.7986,5,8.0,False,Incorrectly Predicted Safe,False,19.850187265917604,11.905093632958803,True,Correctly Predicted Eliminated,True,True
6,8,4.0,2,Jason Taylor,26.0,Edyta Sliwinska,29.4,0.38,98.87,,1,0.0152,2,5.0,False,Correctly Predicted Safe,False,19.475655430711612,24.437827715355805,False,Correctly Predicted Safe,True,False
6,8,5.0,4,Marissa Jaret Winokur,25.0,Tony Dovolani,14.1,1.13,99.62,,4,0.0152,4,9.0,True,Incorrectly Predicted Eliminated,False,18.726591760299627,16.413295880149814,False,Correctly Predicted Safe,True,False
6,9,1.0,1,Kristi Yamaguchi,28.5,Mark Ballas,37.6,0.0,100.0,,1,0.0,1,2.0,False,Correctly Predicted Safe,True,25.90909090909091,31.754545454545458,False,Correctly Predicted Safe,True,False
6,9,2.0,3,Cristian de la Fuente,28.0,Cheryl Burke,20.51,0.0,100.0,,3,0.0,3,5.0,False,Correctly Predicted Safe,True,25.454545454545453,22.98227272727273,False,Correctly Predicted Safe,True,False
6,9,3.0,2,Jason Taylor,27.5,Edyta Sliwinska,35.73,0.0,100.0,,2,0.0,2,5.0,False,Correctly Predicted Safe,True,25.0,30.365,False,Correctly Predicted Safe,True,False
6,9,4.0,4,Marissa Jaret Winokur,26.0,Tony Dovolani,6.15,0.0,26.36,,4,0.7364,4,8.0,True,Correctly Predicted Eliminated,True,23.636363636363637,14.89318181818182,True,Correctly Predicted Eliminated,True,True
6,10,1.0,1,Kristi Yamaguchi,30.0,Mark Ballas,53.91,31.17,100.0,,1,0.3117,1,2.0,False,Correctly Predicted Safe,True,35.50295857988166,44.70647928994083,False,Correctly Predicted Safe,True,False
6,10,2.0,2,Jason Taylor,28.5,Edyta Sliwinska,35.73,0.0,50.88,,2,0.4912,2,4.0,True,Correctly Predicted Eliminated,True,33.72781065088758,34.72890532544379,True,Correctly Predicted Eliminated,True,True
6,10,3.0,3,Cristian de la Fuente,26.0,Cheryl Burke,10.37,0.0,35.89,,3,0.6411,3,6.0,True,Correctly Predicted Eliminated,True,30.76923076923077,20.569615384615386,True,Correctly Predicted Eliminated,True,True
7,1,1.0,1,Brooke Burke,24.5,Derek Hough,10.53,0.0,98.57,,1,0.0143,1,2.0,False,Correctly Predicted Safe,True,9.722222222222223,10.126111111111111,False,Correctly Predicted Safe,True,False
7,1,2.0,8,Toni Braxton,22.5,Alec Mazo,8.08,0.0,98.57,,8,0.0143,7,10.0,False,Correctly Predicted Safe,True,8.928571428571429,8.504285714285714,False,Correctly Predicted Safe,True,False
7,1,3.0,2,Warren Sapp,21.5,Kym Johnson,10.53,0.0,98.57,,2,0.0143,2,5.0,False,Correctly Predicted Safe,True,8.531746031746032,9.530873015873016,False,Correctly Predicted Safe,True,False
7,1,3.0,3,Lance Bass,21.5,Lacey Schwimmer,10.53,0.0,98.57,,3,0.0143,3,6.0,False,Correctly Predicted Safe,True,8.531746031746032,9.530873015873016,False,Correctly Predicted Safe,True,False
7,1,5.0,10,Misty May-Treanor,21.0,Maksim Chmerkoskiy,5.14,0.0,98.57,,10,0.0143,10,15.0,False,Correctly Predicted Safe,True,8.333333333333332,6.736666666666666,False,Correctly Predicted Safe,True,False
7,1,6.0,4,Cody Linley,20.5,Julianne Hough,10.53,0.0,98.57,,4,0.0143,4,10.0,False,Correctly Predicted Safe,True,8.134920634920634,9.332460317460317,False,Correctly Predicted Safe,True,False
7,1,7.0,5,Maurice Greene,19.5,Cheryl Burke,10.53,0.0,98.57,,5,0.0143,5,12.0,False,Correctly Predicted Safe,True,7.738095238095238,9.13404761904762,False,Correctly Predicted Safe,True,False
7,1,8.0,12,Ted McGinley,18.5,Inna Brayer,2.23,0.0,8.92,,12,0.9108,12,20.0,True,Correctly Predicted Eliminated,True,7.341269841269842,4.785634920634921,True,Correctly Predicted Eliminated,True,True
7,1,8.0,6,Susan Lucci,18.5,Tony Dovolani,10.53,0.01,98.58,,6,0.0143,6,14.0,False,Correctly Predicted Safe,True,7.341269841269842,8.935634920634921,False,Correctly Predicted Safe,True,False
7,1,8.0,11,Kim Kardashian,18.5,Mark Ballas,3.74,0.01,98.58,,11,0.0143,11,19.0,False,Correctly Predicted Safe,True,7.341269841269842,5.540634920634921,False,Correctly Predicted Safe,True,False
7,1,11.0,9,Rocco DiSpirito,17.5,Karina Smirnoff,6.79,0.41,98.98,,9,0.0143,9,20.0,False,Correctly Predicted Safe,True,6.944444444444445,6.867222222222223,False,Correctly Predicted Safe,True,False
7,1,12.0,7,Cloris Leachman,16.0,Corky Ballas,9.86,1.0,99.57,,7,0.0143,8,19.0,False,Correctly Predicted Safe,True,6.349206349206349,8.104603174603174,False,Correctly Predicted Safe,True,False
7,1,13.0,13,Jeffrey Ross,12.0,Edyta Sliwinska,1.0,0.0,10.61,,13,0.8939,13,26.0,True,Correctly Predicted Eliminated,True,4.761904761904762,2.880952380952381,True,Correctly Predicted Eliminated,True,True
7,2,1.0,2,Warren Sapp,24.0,Kym Johnson,12.52,0.0,93.61,,2,0.0639,1,3.0,False,Correctly Predicted Safe,False,10.85972850678733,11.689864253393665,False,Correctly Predicted Safe,True,False
7,2,1.0,1,Brooke Burke,24.0,Derek Hough,12.52,0.0,93.61,,3,0.0639,2,4.0,False,Correctly Predicted Safe,False,10.85972850678733,11.689864253393665,False,Correctly Predicted Safe,True,False
7,2,3.0,8,Toni Braxton,23.0,Alec Mazo,7.04,0.0,93.61,,8,0.0639,7,11.0,False,Correctly Predicted Safe,False,10.407239819004525,8.723619909502263,False,Correctly Predicted Safe,True,False
7,2,4.0,6,Susan Lucci,21.0,Tony Dovolani,11.33,0.01,93.62,,6,0.0639,6,10.0,False,Correctly Predicted Safe,False,9.502262443438914,10.416131221719457,False,Correctly Predicted Safe,True,False
7,2,4.0,4,Cody Linley,21.0,Julianne Hough,12.52,0.01,93.62,,4,0.0639,3,8.0,False,Correctly Predicted Safe,False,9.502262443438914,11.011131221719456,False,Correctly Predicted Safe,True,False
7,2,4.0,10,Misty May-Treanor,21.0,Maksim Chmerkoskiy,2.98,0.0,9.72,,10,0.9028,10,14.0,False,Incorrectly Predicted Safe,False,9.502262443438914,6.241131221719457,True,Correctly Predicted Eliminated,True,True
7,2,7.0,3,Lance Bass,20.0,Lacey Schwimmer,12.52,0.46,94.07,,1,0.0639,4,8.0,False,Correctly Predicted Safe,False,9.049773755656108,10.784886877828054,False,Correctly Predicted Safe,True,False
7,2,8.0,5,Maurice Greene,19.0,Cheryl Burke,12.52,0.91,94.52,,5,0.0639,5,13.0,False,Correctly Predicted Safe,False,8.597285067873303,10.558642533936652,False,Correctly Predicted Safe,True,False
7,2,9.0,11,Kim Kardashian,17.0,Mark Ballas,1.12,0.0,10.47,,11,0.8953,11,20.0,True,Correctly Predicted Eliminated,False,7.6923076923076925,4.406153846153846,True,Correctly Predicted Eliminated,True,True
7,2,10.0,9,Rocco DiSpirito,16.0,Karina Smirnoff,5.35,2.27,95.88,,9,0.0639,9,19.0,True,Incorrectly Predicted Eliminated,False,7.239819004524888,6.294909502262444,False,Correctly Predicted Safe,True,False
7,2,11.0,7,Cloris Leachman,15.0,Corky Ballas,9.58,2.72,96.33,,7,0.0639,8,18.0,False,Correctly Predicted Safe,False,6.787330316742081,8.18366515837104,False,Correctly Predicted Safe,True,False
7,4,2.0,3,Lance Bass,48.0,Lacey Schwimmer,15.43,0.0,99.99,,2,0.0001,2,4.0,False,Correctly Predicted Safe,True,11.940298507462686,13.685149253731343,False,Correctly Predicted Safe,True,False
7,4,1.0,1,Brooke Burke,54.0,Derek Hough,15.43,0.0,99.99,,3,0.0001,1,4.0,False,Correctly Predicted Safe,True,13.432835820895523,14.431417910447761,False,Correctly Predicted Safe,True,False
7,4,4.0,6,Susan Lucci,45.0,Tony Dovolani,10.62,0.0,99.99,,6,0.0001,6,10.0,False,Correctly Predicted Safe,True,11.194029850746269,10.907014925373133,False,Correctly Predicted Safe,True,False
7,4,5.0,4,Cody Linley,44.0,Julianne Hough,15.43,0.0,99.99,,1,0.0001,4,6.0,False,Correctly Predicted Safe,True,10.945273631840797,13.1876368159204,False,Correctly Predicted Safe,True,False
7,4,8.0,7,Cloris Leachman,38.0,Corky Ballas,7.8,0.01,100.0,,7,0.0001,7,15.0,False,Correctly Predicted Safe,True,9.45273631840796,8.62636815920398,False,Correctly Predicted Safe,True,False
7,4,3.0,2,Warren Sapp,47.0,Kym Johnson,15.43,0.0,99.99,,4,0.0001,3,7.0,False,Correctly Predicted Safe,True,11.691542288557214,13.560771144278608,False,Correctly Predicted Safe,True,False
7,4,5.0,8,Toni Braxton,44.0,Alec Mazo,4.48,0.0,99.99,,8,0.0001,8,13.0,False,Correctly Predicted Safe,True,10.945273631840797,7.712636815920399,False,Correctly Predicted Safe,True,False
7,4,5.0,5,Maurice Greene,44.0,Cheryl Burke,13.74,0.0,99.99,,5,0.0001,5,10.0,False,Correctly Predicted Safe,True,10.945273631840797,12.342636815920399,False,Correctly Predicted Safe,True,False
7,4,8.0,9,Rocco DiSpirito,38.0,Karina Smirnoff,1.63,0.0,12.76,,9,0.8724,9,17.0,True,Correctly Predicted Eliminated,True,9.45273631840796,5.54136815920398,True,Correctly Predicted Eliminated,True,True
7,5,1.0,1,Brooke Burke,29.0,Derek Hough,17.49,0.0,98.94,,1,0.0106,1,2.0,False,Correctly Predicted Safe,False,14.871794871794872,16.180897435897435,False,Correctly Predicted Safe,True,False
7,5,2.0,4,Cody Linley,28.0,Julianne Hough,16.92,0.0,98.94,,4,0.0106,2,6.0,False,Correctly Predicted Safe,False,14.358974358974358,15.63948717948718,False,Correctly Predicted Safe,True,False
7,5,3.0,5,Maurice Greene,27.0,Cheryl Burke,13.12,0.0,98.94,,5,0.0106,5,8.0,False,Correctly Predicted Safe,False,13.846153846153847,13.483076923076922,False,Correctly Predicted Safe,True,False
7,5,4.0,2,Warren Sapp,25.0,Kym Johnson,17.49,0.0,98.94,,2,0.0106,3,6.0,False,Correctly Predicted Safe,False,12.82051282051282,15.15525641025641,False,Correctly Predicted Safe,True,False
7,5,5.0,6,Susan Lucci,22.0,Tony Dovolani,9.69,0.01,98.95,,6,0.0106,6,11.0,False,Correctly Predicted Safe,False,11.282051282051283,10.486025641025641,False,Correctly Predicted Safe,True,False
7,5,5.0,8,Toni Braxton,22.0,Alec Mazo,1.91,0.0,13.71,,8,0.8629,8,13.0,False,Incorrectly Predicted Safe,False,11.282051282051283,6.5960256410256415,True,Correctly Predicted Eliminated,True,True
7,5,7.0,7,Cloris Leachman,21.0,Corky Ballas,5.89,0.52,99.47,,7,0.0106,7,14.0,True,Incorrectly Predicted Eliminated,False,10.76923076923077,8.329615384615385,False,Correctly Predicted Safe,True,False
7,5,7.0,3,Lance Bass,21.0,Lacey Schwimmer,17.49,0.52,99.47,,3,0.0106,4,10.0,False,Correctly Predicted Safe,False,10.76923076923077,14.129615384615384,False,Correctly Predicted Safe,True,False
7,6,1.0,3,Lance Bass,27.0,Lacey Schwimmer,20.05,0.0,100.0,,1,0.0,1,2.0,False,Correctly Predicted Safe,True,16.875,18.4625,False,Correctly Predicted Safe,True,False
7,6,2.0,1,Brooke Burke,26.0,Derek Hough,20.05,0.0,100.0,,2,0.0,2,4.0,False,Correctly Predicted Safe,True,16.25,18.15,False,Correctly Predicted Safe,True,False
7,6,3.0,2,Warren Sapp,25.0,Kym Johnson,20.05,0.0,100.0,,3,0.0,3,6.0,False,Correctly Predicted Safe,True,15.625,17.8375,False,Correctly Predicted Safe,True,False
7,6,4.0,6,Susan Lucci,23.0,Tony Dovolani,7.14,0.0,100.0,,6,0.0,6,10.0,False,Correctly Predicted Safe,True,14.374999999999998,10.757499999999999,False,Correctly Predicted Safe,True,False
7,6,4.0,4,Cody Linley,23.0,Julianne Hough,17.17,0.0,100.0,,4,0.0,4,8.0,False,Correctly Predicted Safe,True,14.374999999999998,15.7725,False,Correctly Predicted Safe,True,False
7,6,6.0,5,Maurice Greene,21.0,Cheryl Burke,12.41,0.0,100.0,,5,0.0,5,11.0,False,Correctly Predicted Safe,True,13.125,12.7675,False,Correctly Predicted Safe,True,False
7,6,7.0,7,Cloris Leachman,15.0,Corky Ballas,3.13,0.0,19.19,,7,0.8081,7,14.0,True,Correctly Predicted Eliminated,True,9.375,6.2524999999999995,True,Correctly Predicted Eliminated,True,True
7,7,1.0,1,Brooke Burke,30.0,Derek Hough,23.79,0.0,96.58,,1,0.0342,1,2.0,False,Correctly Predicted Safe,True,20.408163265306122,22.09908163265306,False,Correctly Predicted Safe,True,False
7,7,2.0,5,Maurice Greene,25.0,Cheryl Burke,9.55,0.0,96.58,,5,0.0342,5,7.0,False,Correctly Predicted Safe,True,17.006802721088434,13.278401360544217,False,Correctly Predicted Safe,True,False
7,7,2.0,3,Lance Bass,25.0,Lacey Schwimmer,23.14,0.0,96.58,,3,0.0342,2,5.0,False,Correctly Predicted Safe,True,17.006802721088434,20.073401360544217,False,Correctly Predicted Safe,True,False
7,7,4.0,6,Susan Lucci,24.0,Tony Dovolani,2.91,0.0,17.0,,6,0.83,6,10.0,True,Correctly Predicted Eliminated,True,16.3265306122449,9.61826530612245,True,Correctly Predicted Eliminated,True,True
7,7,5.0,4,Cody Linley,22.0,Julianne Hough,16.83,1.37,97.95,,4,0.0342,4,9.0,False,Correctly Predicted Safe,True,14.965986394557824,15.897993197278911,False,Correctly Predicted Safe,True,False
7,7,6.0,2,Warren Sapp,21.0,Kym Johnson,23.79,2.05,98.63,,2,0.0342,3,8.0,False,Correctly Predicted Safe,True,14.285714285714285,19.037857142857142,False,Correctly Predicted Safe,True,False
7,8,1.0,1,Brooke Burke,27.5,Derek Hough,29.17,0.0,99.99,,1,0.0001,1,2.0,False,Correctly Predicted Safe,True,21.568627450980394,25.369313725490198,False,Correctly Predicted Safe,True,False
7,8,2.0,2,Warren Sapp,27.0,Kym Johnson,29.17,0.0,99.99,,2,0.0001,2,4.0,False,Correctly Predicted Safe,True,21.176470588235293,25.173235294117646,False,Correctly Predicted Safe,True,False
7,8,3.0,3,Lance Bass,25.0,Lacey Schwimmer,23.46,0.0,99.99,,3,0.0001,3,6.0,False,Correctly Predicted Safe,True,19.607843137254903,21.533921568627452,False,Correctly Predicted Safe,True,False
7,8,4.0,4,Cody Linley,24.0,Julianne Hough,13.96,0.01,100.0,,4,0.0001,4,8.0,False,Correctly Predicted Safe,True,18.823529411764707,16.391764705882352,False,Correctly Predicted Safe,True,False
7,8,4.0,5,Maurice Greene,24.0,Cheryl Burke,4.23,0.0,21.17,,5,0.7883,5,9.0,True,Correctly Predicted Eliminated,True,18.823529411764707,11.526764705882353,True,Correctly Predicted Eliminated,True,True
7,9,1.0,3,Lance Bass,28.5,Lacey Schwimmer,19.53,0.0,100.0,,3,0.0,3,4.0,False,Correctly Predicted Safe,True,28.35820895522388,23.94410447761194,False,Correctly Predicted Safe,True,False
7,9,2.0,2,Warren Sapp,24.5,Kym Johnson,36.17,0.0,100.0,,2,0.0,2,4.0,False,Correctly Predicted Safe,True,24.378109452736318,30.27405472636816,False,Correctly Predicted Safe,True,False
7,9,2.0,1,Brooke Burke,24.5,Derek Hough,37.82,0.0,100.0,,1,0.0,1,3.0,False,Correctly Predicted Safe,True,24.378109452736318,31.09905472636816,False,Correctly Predicted Safe,True,False
7,9,4.0,4,Cody Linley,23.0,Julianne Hough,6.47,0.0,27.11,,4,0.7289,4,8.0,True,Correctly Predicted Eliminated,True,22.885572139303484,14.677786069651741,True,Correctly Predicted Eliminated,True,True
7,10,1.0,1,Brooke Burke,30.0,Derek Hough,53.97,31.38,99.99,,1,0.3139,1,2.0,False,Correctly Predicted Safe,True,35.294117647058826,44.63205882352941,False,Correctly Predicted Safe,True,False
7,10,2.0,2,Warren Sapp,27.5,Kym Johnson,36.51,0.01,51.47,,2,0.4854,2,4.0,True,Correctly Predicted Eliminated,True,32.35294117647059,34.43147058823529,True,Correctly Predicted Eliminated,True,True
7,10,2.0,3,Lance Bass,27.5,Lacey Schwimmer,9.52,0.0,34.3,,3,0.657,3,5.0,True,Correctly Predicted Eliminated,True,32.35294117647059,20.936470588235295,True,Correctly Predicted Eliminated,True,True
8,2,1.0,2,Gilles Marini,51.0,Cheryl Burke,10.5,0.0,98.0,,1,0.02,1,2.0,False,Correctly Predicted Safe,True,10.039370078740157,10.269685039370078,False,Correctly Predicted Safe,True,False
8,2,2.0,3,Melissa Rycroft,49.0,Tony Dovolani,10.5,0.0,98.0,,2,0.02,2,4.0,False,Correctly Predicted Safe,True,9.645669291338582,10.07283464566929,False,Correctly Predicted Safe,True,False
8,2,3.0,1,Shawn Johnson,47.0,Mark Ballas,10.5,0.0,98.0,,3,0.02,3,6.0,False,Correctly Predicted Safe,True,9.251968503937007,9.875984251968504,False,Correctly Predicted Safe,True,False
8,2,4.0,5,Lil' Kim,44.0,Derek Hough,10.5,0.0,98.0,,6,0.02,4,10.0,False,Correctly Predicted Safe,True,8.661417322834646,9.580708661417322,False,Correctly Predicted Safe,True,False
8,2,6.0,12,Denise Richards,39.0,Maksim Chmerkoskiy,2.19,0.0,98.0,,12,0.02,12,18.0,False,Correctly Predicted Safe,True,7.677165354330709,4.933582677165354,False,Correctly Predicted Safe,True,False
8,2,7.0,7,Lawrence Taylor,36.0,Edyta Sliwinska,9.76,0.0,98.0,,7,0.02,7,14.0,False,Correctly Predicted Safe,True,7.086614173228346,8.423307086614173,False,Correctly Predicted Safe,True,False
8,2,11.0,4,Ty Murray,34.0,Chelsie Hightower,10.5,0.21,98.21,,4,0.02,6,15.0,False,Correctly Predicted Safe,True,6.692913385826772,8.596456692913385,False,Correctly Predicted Safe,True,False
8,2,5.0,6,Chuck Wicks,40.0,Julianne Hough,10.5,0.0,98.0,,5,0.02,5,10.0,False,Correctly Predicted Safe,True,7.874015748031496,9.187007874015748,False,Correctly Predicted Safe,True,False
8,2,10.0,13,Belinda Carlisle,35.0,Jonathan Roberts,0.78,0.0,8.49,,13,0.9151,13,23.0,True,Correctly Predicted Eliminated,True,6.889763779527559,3.8348818897637797,True,Correctly Predicted Eliminated,True,True
8,2,7.0,11,Holly Madison,36.0,Dmitry Chaplin,3.76,0.0,98.0,,11,0.02,11,18.0,False,Correctly Predicted Safe,True,7.086614173228346,5.423307086614173,False,Correctly Predicted Safe,True,False
8,2,7.0,9,David Alan Grier,36.0,Kym Johnson,6.76,0.0,98.0,,9,0.02,9,16.0,False,Correctly Predicted Safe,True,7.086614173228346,6.923307086614173,False,Correctly Predicted Safe,True,False
8,2,13.0,10,Steve Wozniak,30.0,Karina Smirnoff,5.38,0.99,99.0,,10,0.02,10,23.0,False,Correctly Predicted Safe,True,5.905511811023622,5.642755905511811,False,Correctly Predicted Safe,True,False
8,2,12.0,8,Steve-O,31.0,Lacey Schwimmer,8.36,0.8,98.8,,8,0.02,8,20.0,False,Correctly Predicted Safe,True,6.102362204724409,7.231181102362204,False,Correctly Predicted Safe,True,False
8,3,1.0,2,Gilles Marini,27.0,Cheryl Burke,11.34,0.0,97.22,,5,0.0278,1,6.0,False,Correctly Predicted Safe,True,10.62992125984252,10.984960629921261,False,Correctly Predicted Safe,True,False
8,3,1.0,1,Shawn Johnson,27.0,Mark Ballas,11.34,0.0,97.22,,3,0.0278,2,4.0,False,Correctly Predicted Safe,True,10.62992125984252,10.984960629921261,False,Correctly Predicted Safe,True,False
8,3,1.0,3,Melissa Rycroft,27.0,Tony Dovolani,11.34,0.0,97.22,,4,0.0278,3,5.0,False,Correctly Predicted Safe,True,10.62992125984252,10.984960629921261,False,Correctly Predicted Safe,True,False
8,3,4.0,5,Lil' Kim,25.0,Derek Hough,11.34,0.0,97.22,,1,0.0278,4,5.0,False,Correctly Predicted Safe,True,9.84251968503937,10.591259842519685,False,Correctly Predicted Safe,True,False
8,3,5.0,9,David Alan Grier,24.0,Kym Johnson,5.91,0.0,97.22,,9,0.0278,8,14.0,False,Correctly Predicted Safe,True,9.448818897637794,7.679409448818897,False,Correctly Predicted Safe,True,False
8,3,6.0,4,Ty Murray,23.0,Chelsie Hightower,11.34,0.0,97.22,,2,0.0278,5,8.0,False,Correctly Predicted Safe,True,9.05511811023622,10.19755905511811,False,Correctly Predicted Safe,True,False
8,3,6.0,6,Chuck Wicks,23.0,Julianne Hough,11.19,0.0,97.22,,6,0.0278,6,12.0,False,Correctly Predicted Safe,True,9.05511811023622,10.12255905511811,False,Correctly Predicted Safe,True,False
8,3,8.0,7,Lawrence Taylor,20.0,Edyta Sliwinska,9.58,0.0,97.22,,7,0.0278,7,15.0,False,Correctly Predicted Safe,True,7.874015748031496,8.727007874015747,False,Correctly Predicted Safe,True,False
8,3,9.0,11,Holly Madison,17.0,Dmitry Chaplin,2.73,0.0,97.22,,11,0.0278,10,20.0,False,Correctly Predicted Safe,True,6.692913385826772,4.711456692913386,False,Correctly Predicted Safe,True,False
8,3,10.0,12,Denise Richards,16.0,Maksim Chmerkoskiy,1.03,0.0,10.36,,12,0.8964,12,22.0,True,Correctly Predicted Eliminated,True,6.299212598425196,3.6646062992125983,True,Correctly Predicted Eliminated,True,True
8,3,11.0,8,Steve-O,15.0,Lacey Schwimmer,8.06,0.4,97.63,,8,0.0278,9,19.0,False,Correctly Predicted Safe,True,5.905511811023622,6.982755905511811,False,Correctly Predicted Safe,True,False
8,3,12.0,10,Steve Wozniak,10.0,Karina Smirnoff,4.79,2.37,99.6,,10,0.0278,11,22.0,False,Correctly Predicted Safe,True,3.937007874015748,4.363503937007874,False,Correctly Predicted Safe,True,False
8,4,1.0,2,Gilles Marini,30.0,Cheryl Burke,12.4,0.0,97.9,,5,0.021,1,6.0,False,Correctly Predicted Safe,True,12.396694214876034,12.398347107438017,False,Correctly Predicted Safe,True,False
8,4,2.0,3,Melissa Rycroft,29.0,Tony Dovolani,12.4,0.0,97.9,,1,0.021,2,3.0,False,Correctly Predicted Safe,True,11.983471074380166,12.191735537190084,False,Correctly Predicted Safe,True,False
8,4,3.0,5,Lil' Kim,27.0,Derek Hough,12.4,0.0,97.9,,2,0.021,3,5.0,False,Correctly Predicted Safe,True,11.15702479338843,11.778512396694214,False,Correctly Predicted Safe,True,False
8,4,4.0,4,Ty Murray,25.0,Chelsie Hightower,12.4,0.0,97.9,,3,0.021,4,7.0,False,Correctly Predicted Safe,True,10.330578512396695,11.365289256198349,False,Correctly Predicted Safe,True,False
8,4,4.0,1,Shawn Johnson,25.0,Mark Ballas,12.4,0.0,97.9,,4,0.021,5,8.0,False,Correctly Predicted Safe,True,10.330578512396695,11.365289256198349,False,Correctly Predicted Safe,True,False
8,4,6.0,9,David Alan Grier,22.0,Kym Johnson,5.07,0.0,97.9,,9,0.021,8,15.0,False,Correctly Predicted Safe,True,9.090909090909092,7.080454545454546,False,Correctly Predicted Safe,True,False
8,4,6.0,6,Chuck Wicks,22.0,Julianne Hough,11.28,0.0,97.9,,6,0.021,6,12.0,False,Correctly Predicted Safe,True,9.090909090909092,10.185454545454546,False,Correctly Predicted Safe,True,False
8,4,8.0,7,Lawrence Taylor,19.0,Edyta Sliwinska,9.36,0.0,97.9,,7,0.021,7,15.0,False,Correctly Predicted Safe,True,7.851239669421488,8.605619834710744,False,Correctly Predicted Safe,True,False
8,4,9.0,11,Holly Madison,16.0,Dmitry Chaplin,1.25,0.0,11.55,,11,0.8845,11,20.0,True,Correctly Predicted Eliminated,True,6.6115702479338845,3.9307851239669422,True,Correctly Predicted Eliminated,True,True
8,4,10.0,8,Steve-O,15.0,Lacey Schwimmer,7.5,0.43,98.34,,8,0.021,9,18.0,False,Correctly Predicted Safe,True,6.198347107438017,6.849173553719009,False,Correctly Predicted Safe,True,False
8,4,11.0,10,Steve Wozniak,12.0,Karina Smirnoff,3.52,1.66,14.37,,10,0.8729,10,21.0,True,Correctly Predicted Eliminated,True,4.958677685950414,4.239338842975207,True,Correctly Predicted Eliminated,True,True
8,5,1.0,2,Gilles Marini,29.0,Cheryl Burke,15.43,0.0,96.64,,1,0.0336,1,2.0,False,Correctly Predicted Safe,False,13.80952380952381,14.619761904761905,False,Correctly Predicted Safe,True,False
8,5,2.0,1,Shawn Johnson,26.0,Mark Ballas,15.43,0.0,96.64,,2,0.0336,2,4.0,False,Correctly Predicted Safe,False,12.380952380952381,13.90547619047619,False,Correctly Predicted Safe,True,False
8,5,2.0,5,Lil' Kim,26.0,Derek Hough,13.52,0.0,96.64,,5,0.0336,4,7.0,False,Correctly Predicted Safe,False,12.380952380952381,12.950476190476191,False,Correctly Predicted Safe,True,False
8,5,4.0,3,Melissa Rycroft,25.0,Tony Dovolani,15.43,0.0,96.64,,3,0.0336,3,7.0,False,Correctly Predicted Safe,False,11.904761904761903,13.667380952380952,False,Correctly Predicted Safe,True,False
8,5,5.0,6,Chuck Wicks,23.0,Julianne Hough,10.65,0.0,96.64,,6,0.0336,6,11.0,False,Correctly Predicted Safe,False,10.952380952380953,10.801190476190477,False,Correctly Predicted Safe,True,False
8,5,6.0,9,David Alan Grier,22.0,Kym Johnson,1.47,0.0,11.74,,9,0.8826,9,15.0,False,Incorrectly Predicted Safe,False,10.476190476190476,5.9730952380952385,True,Correctly Predicted Eliminated,True,True
8,5,7.0,4,Ty Murray,21.0,Chelsie Hightower,15.43,0.49,97.12,,4,0.0336,5,11.0,False,Correctly Predicted Safe,False,10.0,12.715,False,Correctly Predicted Safe,True,False
8,5,8.0,7,Lawrence Taylor,20.0,Edyta Sliwinska,7.79,0.96,97.6,,7,0.0336,7,15.0,False,Correctly Predicted Safe,False,9.523809523809524,8.656904761904762,False,Correctly Predicted Safe,True,False
8,5,9.0,8,Steve-O,18.0,Lacey Schwimmer,4.85,1.91,98.55,,8,0.0336,8,17.0,True,Incorrectly Predicted Eliminated,False,8.571428571428571,6.710714285714285,False,Correctly Predicted Safe,True,False
8,6,1.0,5,Lil' Kim,28.0,Derek Hough,12.86,0.0,100.0,,5,0.0,4,6.0,False,Correctly Predicted Safe,True,15.053763440860216,13.956881720430108,False,Correctly Predicted Safe,True,False
8,6,2.0,3,Melissa Rycroft,27.0,Tony Dovolani,17.41,0.0,100.0,,2,0.0,1,4.0,False,Correctly Predicted Safe,True,14.516129032258066,15.963064516129034,False,Correctly Predicted Safe,True,False
8,6,3.0,2,Gilles Marini,26.0,Cheryl Burke,17.41,0.0,100.0,,3,0.0,2,6.0,False,Correctly Predicted Safe,True,13.978494623655912,15.694247311827956,False,Correctly Predicted Safe,True,False
8,6,3.0,1,Shawn Johnson,26.0,Mark Ballas,17.41,0.0,100.0,,4,0.0,3,7.0,False,Correctly Predicted Safe,True,13.978494623655912,15.694247311827956,False,Correctly Predicted Safe,True,False
8,6,5.0,6,Chuck Wicks,23.0,Julianne Hough,9.45,0.0,100.0,,6,0.0,6,11.0,False,Correctly Predicted Safe,True,12.365591397849462,10.90779569892473,False,Correctly Predicted Safe,True,False
8,6,6.0,7,Lawrence Taylor,22.0,Edyta Sliwinska,5.68,0.0,100.0,,7,0.0,7,13.0,False,Correctly Predicted Safe,True,11.827956989247312,8.753978494623656,False,Correctly Predicted Safe,True,False
8,6,7.0,4,Ty Murray,18.0,Chelsie Hightower,17.41,0.0,100.0,,1,0.0,5,8.0,False,Correctly Predicted Safe,True,9.67741935483871,13.543709677419354,False,Correctly Predicted Safe,True,False
8,6,8.0,8,Steve-O,16.0,Lacey Schwimmer,2.37,0.0,16.39,,8,0.8361,8,16.0,True,Correctly Predicted Eliminated,True,8.60215053763441,5.4860752688172045,True,Correctly Predicted Eliminated,True,True
8,7,1.0,3,Melissa Rycroft,29.0,Tony Dovolani,20.15,0.0,100.0,,1,0.0,1,2.0,False,Correctly Predicted Safe,True,15.934065934065933,18.042032967032966,False,Correctly Predicted Safe,True,False
8,7,2.0,1,Shawn Johnson,28.0,Mark Ballas,20.15,0.0,100.0,,2,0.0,2,4.0,False,Correctly Predicted Safe,True,15.384615384615385,17.767307692307693,False,Correctly Predicted Safe,True,False
8,7,3.0,2,Gilles Marini,27.0,Cheryl Burke,20.15,0.0,100.0,,3,0.0,3,6.0,False,Correctly Predicted Safe,True,14.835164835164836,17.49258241758242,False,Correctly Predicted Safe,True,False
8,7,3.0,6,Chuck Wicks,27.0,Julianne Hough,7.09,0.0,100.0,,6,0.0,6,9.0,False,Correctly Predicted Safe,True,14.835164835164836,10.962582417582418,False,Correctly Predicted Safe,True,False
8,7,5.0,5,Lil' Kim,26.0,Derek Hough,12.24,0.0,100.0,,5,0.0,5,10.0,False,Correctly Predicted Safe,True,14.285714285714285,13.262857142857143,False,Correctly Predicted Safe,True,False
8,7,6.0,4,Ty Murray,24.0,Chelsie Hightower,17.5,0.0,100.0,,4,0.0,4,10.0,False,Correctly Predicted Safe,True,13.186813186813188,15.343406593406595,False,Correctly Predicted Safe,True,False
8,7,7.0,7,Lawrence Taylor,21.0,Edyta Sliwinska,2.71,0.0,17.02,,7,0.8298,7,14.0,True,Correctly Predicted Eliminated,True,11.538461538461538,7.124230769230769,True,Correctly Predicted Eliminated,True,True
8,8,1.0,5,Lil' Kim,28.0,Derek Hough,9.33,0.0,98.39,,5,0.0161,5,6.0,False,Correctly Predicted Safe,True,17.94871794871795,13.639358974358974,False,Correctly Predicted Safe,True,False
8,8,2.0,2,Gilles Marini,27.5,Cheryl Burke,23.81,0.0,98.39,,1,0.0161,1,3.0,False,Correctly Predicted Safe,True,17.628205128205128,20.719102564102563,False,Correctly Predicted Safe,True,False
8,8,3.0,4,Ty Murray,26.0,Chelsie Hightower,16.44,0.0,98.39,,4,0.0161,4,7.0,False,Correctly Predicted Safe,True,16.666666666666664,16.553333333333335,False,Correctly Predicted Safe,True,False
8,8,3.0,1,Shawn Johnson,26.0,Mark Ballas,23.81,0.0,98.39,,2,0.0161,2,5.0,False,Correctly Predicted Safe,True,16.666666666666664,20.23833333333333,False,Correctly Predicted Safe,True,False
8,8,5.0,6,Chuck Wicks,25.5,Julianne Hough,2.91,0.0,16.98,,6,0.8302,6,11.0,True,Correctly Predicted Eliminated,True,16.346153846153847,9.628076923076923,True,Correctly Predicted Eliminated,True,True
8,8,6.0,3,Melissa Rycroft,23.0,Tony Dovolani,23.7,1.61,100.0,,3,0.0161,3,9.0,False,Correctly Predicted Safe,True,14.743589743589745,19.22179487179487,False,Correctly Predicted Safe,True,False
8,9,1.0,3,Melissa Rycroft,28.5,Tony Dovolani,23.0,0.0,97.74,,3,0.0226,3,4.0,False,Correctly Predicted Safe,False,21.34831460674157,22.174157303370784,False,Correctly Predicted Safe,True,False
8,9,2.0,2,Gilles Marini,28.0,Cheryl Burke,29.24,0.0,97.74,,1,0.0226,1,3.0,False,Correctly Predicted Safe,False,20.973782771535582,25.10689138576779,False,Correctly Predicted Safe,True,False
8,9,2.0,1,Shawn Johnson,28.0,Mark Ballas,29.24,0.0,97.74,,2,0.0226,2,4.0,False,Correctly Predicted Safe,False,20.973782771535582,25.10689138576779,False,Correctly Predicted Safe,True,False
8,9,4.0,5,Lil' Kim,26.0,Derek Hough,4.05,0.0,20.52,,5,0.7948,5,9.0,False,Incorrectly Predicted Safe,False,19.475655430711612,11.762827715355806,True,Correctly Predicted Eliminated,True,True
8,9,5.0,4,Ty Murray,23.0,Chelsie Hightower,14.46,2.26,100.0,,4,0.0226,4,9.0,True,Incorrectly Predicted Eliminated,False,17.228464419475657,15.844232209737829,False,Correctly Predicted Safe,True,False
8,10,1.0,2,Gilles Marini,30.0,Cheryl Burke,34.87,0.0,100.0,,2,0.0,2,3.0,False,Correctly Predicted Safe,True,27.397260273972602,31.133630136986298,False,Correctly Predicted Safe,True,False
8,10,2.0,1,Shawn Johnson,28.0,Mark Ballas,37.65,0.0,100.0,,1,0.0,1,3.0,False,Correctly Predicted Safe,True,25.570776255707763,31.61038812785388,False,Correctly Predicted Safe,True,False
8,10,3.0,3,Melissa Rycroft,27.5,Tony Dovolani,20.67,0.0,100.0,,3,0.0,3,6.0,False,Correctly Predicted Safe,True,25.11415525114155,22.892077625570778,False,Correctly Predicted Safe,True,False
8,10,4.0,4,Ty Murray,24.0,Chelsie Hightower,6.81,0.0,28.07,,4,0.7193,4,8.0,True,Correctly Predicted Eliminated,True,21.91780821917808,14.36390410958904,True,Correctly Predicted Eliminated,True,True
8,11,1.0,1,Shawn Johnson,30.0,Mark Ballas,54.26,32.39,100.0,,1,0.3239,1,2.0,False,Correctly Predicted Safe,True,34.285714285714285,44.27285714285714,False,Correctly Predicted Safe,True,False
8,11,2.0,2,Gilles Marini,29.0,Cheryl Burke,36.28,0.0,50.57,,2,0.4943,2,4.0,True,Correctly Predicted Eliminated,True,33.14285714285714,34.71142857142857,True,Correctly Predicted Eliminated,True,True
8,11,3.0,3,Melissa Rycroft,28.5,Tony Dovolani,9.46,0.0,34.09,,3,0.6591,3,6.0,True,Correctly Predicted Eliminated,True,32.57142857142858,21.01571428571429,True,Correctly Predicted Eliminated,True,True
9,1,1.0,4,Joanna Krupa,33.9999,Derek Hough,8.47,0.0,99.97,,1,0.0003,1,2.0,False,Correctly Predicted Safe,True,8.374392608443776,8.422196304221888,False,Correctly Predicted Safe,True,False
9,1,2.0,5,Aaron Carter,31.9999,Karina Smirnoff,8.47,0.0,99.97,,2,0.0003,2,4.0,False,Correctly Predicted Safe,True,7.881779829674206,8.175889914837104,False,Correctly Predicted Safe,True,False
9,1,3.0,2,Mya,30.9999,Dmitry Chaplin,8.47,0.0,99.97,,3,0.0003,3,6.0,False,Correctly Predicted Safe,True,7.63547344028942,8.052736720144711,False,Correctly Predicted Safe,True,False
9,1,4.0,3,Kelly Osbourne,30.9998,Louis van Amstel,8.47,0.0,99.97,,4,0.0003,4,8.0,False,Correctly Predicted Safe,True,7.635448809650482,8.052724404825241,False,Correctly Predicted Safe,True,False
9,1,5.0,1,Donny Osmond,29.9999,Kym Johnson,8.47,0.0,99.97,,7,0.0003,5,12.0,False,Correctly Predicted Safe,True,7.389167050904634,7.929583525452317,False,Correctly Predicted Safe,True,False
9,1,6.0,6,Mark Dacascos,28.9998,Lacey Schwimmer,8.47,0.0,99.97,,5,0.0003,6,11.0,False,Correctly Predicted Safe,True,7.14283603088091,7.806418015440455,False,Correctly Predicted Safe,True,False
9,1,7.0,10,Natalie Coughlin,26.9998,Alec Mazo,6.42,0.0,99.97,,10,0.0003,10,17.0,False,Correctly Predicted Safe,True,6.6502232521113385,6.535111626055669,False,Correctly Predicted Safe,True,False
9,1,7.0,8,Louie Vito,26.9998,Chelsie Hightower,8.41,0.0,99.97,,8,0.0003,7,15.0,False,Correctly Predicted Safe,True,6.6502232521113385,7.530111626055669,False,Correctly Predicted Safe,True,False
9,1,9.0,9,Melissa Joan Hart,24.0,Mark Ballas,7.47,0.0,99.97,,9,0.0003,8,18.0,False,Correctly Predicted Safe,True,5.911353345234858,6.690676672617428,False,Correctly Predicted Safe,True,False
9,1,10.0,12,Debi Mazar,22.0,Maksim Chmerkoskiy,4.53,0.0,99.97,,12,0.0003,12,22.0,False,Correctly Predicted Safe,True,5.418740566465287,4.974370283232643,False,Correctly Predicted Safe,True,False
9,1,10.0,11,Chuck Liddell,22.0,Anna Trebunskaya,5.52,0.0,99.97,,11,0.0003,11,21.0,False,Correctly Predicted Safe,True,5.418740566465287,5.469370283232643,False,Correctly Predicted Safe,True,False
9,1,12.0,14,Kathy Ireland,19.9999,Tony Dovolani,2.57,0.0,99.97,,14,0.0003,14,26.0,False,Correctly Predicted Safe,True,4.926103157056776,3.748051578528388,False,Correctly Predicted Safe,True,False
9,1,12.0,13,Tom DeLay,19.9999,Cheryl Burke,3.57,0.0,99.97,,13,0.0003,13,25.0,False,Correctly Predicted Safe,True,4.926103157056776,4.248051578528388,False,Correctly Predicted Safe,True,False
9,1,14.0,7,Michael Irvin,19.0,Anna Demidova,8.47,0.02,99.99,,6,0.0003,9,20.0,False,Correctly Predicted Safe,True,4.67982139831093,6.574910699155465,False,Correctly Predicted Safe,True,False
9,1,15.0,16,Ashley Hamiliton,18.9999,Edyta Sliwinska,0.6,0.0,7.8,,16,0.922,16,31.0,True,Correctly Predicted Eliminated,True,4.6797967676719905,2.639898383835995,True,Correctly Predicted Eliminated,True,True
9,1,15.0,15,Macy Gray,18.9999,Jonathan Roberts,1.6,0.01,8.33,,15,0.9168,15,30.0,True,Correctly Predicted Eliminated,True,4.6797967676719905,3.1398983838359955,True,Correctly Predicted Eliminated,True,True
9,2,1.0,5,Aaron Carter,27.0,Karina Smirnoff,9.73,0.0,99.99,,1,0.0001,1,2.0,False,Correctly Predicted Safe,True,9.183673469387756,9.456836734693878,False,Correctly Predicted Safe,True,False
9,2,1.0,2,Mya,27.0,Dmitry Chaplin,9.73,0.0,99.99,,2,0.0001,2,3.0,False,Correctly Predicted Safe,True,9.183673469387756,9.456836734693878,False,Correctly Predicted Safe,True,False
9,2,3.0,1,Donny Osmond,25.0,Kym Johnson,9.73,0.0,99.99,,3,0.0001,3,6.0,False,Correctly Predicted Safe,True,8.503401360544217,9.116700680272109,False,Correctly Predicted Safe,True,False
9,2,4.0,12,Debi Mazar,21.0,Maksim Chmerkoskiy,3.2,0.0,99.99,,12,0.0001,12,16.0,False,Correctly Predicted Safe,True,7.142857142857142,5.171428571428571,False,Correctly Predicted Safe,True,False
9,2,4.0,6,Mark Dacascos,21.0,Lacey Schwimmer,9.73,0.0,99.99,,4,0.0001,4,8.0,False,Correctly Predicted Safe,True,7.142857142857142,8.436428571428571,False,Correctly Predicted Safe,True,False
9,2,4.0,10,Natalie Coughlin,21.0,Alec Mazo,5.79,0.0,99.99,,10,0.0001,10,14.0,False,Correctly Predicted Safe,True,7.142857142857142,6.466428571428571,False,Correctly Predicted Safe,True,False
9,2,7.0,7,Michael Irvin,20.0,Anna Demidova,9.72,0.0,99.99,,7,0.0001,6,14.0,False,Correctly Predicted Safe,True,6.802721088435375,8.261360544217688,False,Correctly Predicted Safe,True,False
9,2,7.0,4,Joanna Krupa,20.0,Derek Hough,9.73,0.0,99.99,,5,0.0001,5,12.0,False,Correctly Predicted Safe,True,6.802721088435375,8.266360544217687,False,Correctly Predicted Safe,True,False
9,2,9.0,9,Melissa Joan Hart,19.0,Mark Ballas,7.16,0.0,99.99,,9,0.0001,9,18.0,False,Correctly Predicted Safe,True,6.462585034013606,6.8112925170068035,False,Correctly Predicted Safe,True,False
9,2,9.0,11,Chuck Liddell,19.0,Anna Trebunskaya,4.56,0.0,99.99,,11,0.0001,11,20.0,False,Correctly Predicted Safe,True,6.462585034013606,5.511292517006803,False,Correctly Predicted Safe,True,False
9,2,9.0,8,Louie Vito,19.0,Chelsie Hightower,8.46,0.0,99.99,,8,0.0001,8,17.0,False,Correctly Predicted Safe,True,6.462585034013606,7.461292517006804,False,Correctly Predicted Safe,True,False
9,2,9.0,3,Kelly Osbourne,19.0,Louis van Amstel,9.73,0.0,99.99,,6,0.0001,7,15.0,False,Correctly Predicted Safe,True,6.462585034013606,8.096292517006804,False,Correctly Predicted Safe,True,False
9,2,13.0,14,Kathy Ireland,18.0,Tony Dovolani,0.7,0.0,8.15,,14,0.9185,14,27.0,True,Correctly Predicted Eliminated,True,6.122448979591836,3.4112244897959183,True,Correctly Predicted Eliminated,True,True
9,2,13.0,13,Tom DeLay,18.0,Cheryl Burke,2.0,0.01,100.0,,13,0.0001,13,26.0,False,Correctly Predicted Safe,True,6.122448979591836,4.061224489795919,False,Correctly Predicted Safe,True,False
9,3,1.0,2,Mya,27.0,Dmitry Chaplin,10.52,0.0,98.82,,5,0.0118,1,6.0,False,Correctly Predicted Safe,True,10.465116279069768,10.492558139534884,False,Correctly Predicted Safe,True,False
9,3,2.0,10,Natalie Coughlin,26.0,Alec Mazo,4.95,0.0,98.82,,10,0.0118,9,12.0,False,Correctly Predicted Safe,True,10.077519379844961,7.51375968992248,False,Correctly Predicted Safe,True,False
9,3,3.0,4,Joanna Krupa,23.0,Derek Hough,10.52,0.0,98.82,,1,0.0118,2,4.0,False,Correctly Predicted Safe,True,8.914728682170542,9.717364341085272,False,Correctly Predicted Safe,True,False
9,3,4.0,5,Aaron Carter,21.0,Karina Smirnoff,10.52,0.0,98.82,,2,0.0118,3,6.0,False,Correctly Predicted Safe,True,8.13953488372093,9.329767441860465,False,Correctly Predicted Safe,True,False
9,3,4.0,1,Donny Osmond,21.0,Kym Johnson,10.52,0.0,98.82,,3,0.0118,4,7.0,False,Correctly Predicted Safe,True,8.13953488372093,9.329767441860465,False,Correctly Predicted Safe,True,False
9,3,6.0,8,Louie Vito,20.0,Chelsie Hightower,8.2,0.0,98.82,,8,0.0118,7,14.0,False,Correctly Predicted Safe,True,7.751937984496124,7.975968992248061,False,Correctly Predicted Safe,True,False
9,3,6.0,3,Kelly Osbourne,20.0,Louis van Amstel,10.52,0.0,98.82,,4,0.0118,5,10.0,False,Correctly Predicted Safe,True,7.751937984496124,9.135968992248062,False,Correctly Predicted Safe,True,False
9,3,8.0,9,Melissa Joan Hart,19.0,Mark Ballas,6.74,0.0,98.82,,9,0.0118,10,17.0,False,Correctly Predicted Safe,True,7.3643410852713185,7.052170542635659,False,Correctly Predicted Safe,True,False
9,3,9.0,6,Mark Dacascos,18.0,Lacey Schwimmer,10.52,0.0,98.82,,6,0.0118,6,15.0,False,Correctly Predicted Safe,True,6.976744186046512,8.748372093023256,False,Correctly Predicted Safe,True,False
9,3,10.0,12,Debi Mazar,17.0,Maksim Chmerkoskiy,2.31,0.0,9.58,,12,0.9042,12,22.0,True,Correctly Predicted Eliminated,True,6.5891472868217065,4.4495736434108535,True,Correctly Predicted Eliminated,True,True
9,3,10.0,11,Chuck Liddell,17.0,Anna Trebunskaya,3.82,0.01,98.83,,11,0.0118,11,21.0,False,Correctly Predicted Safe,True,6.5891472868217065,5.204573643410853,False,Correctly Predicted Safe,True,False
9,3,12.0,13,Tom DeLay,15.0,Cheryl Burke,0.89,0.0,9.55,,13,0.9045,13,25.0,True,Correctly Predicted Eliminated,True,5.813953488372093,3.351976744186046,True,Correctly Predicted Eliminated,True,True
9,3,13.0,7,Michael Irvin,14.0,Anna Demidova,9.95,1.17,99.99,,7,0.0118,8,20.0,False,Correctly Predicted Safe,True,5.426356589147287,7.6881782945736425,False,Correctly Predicted Safe,True,False
9,4,1.0,9,Melissa Joan Hart,28.0,Mark Ballas,4.81,0.0,99.15,,9,0.0085,7,10.0,False,Correctly Predicted Safe,True,11.570247933884298,8.19012396694215,False,Correctly Predicted Safe,True,False
9,4,1.0,2,Mya,28.0,Dmitry Chaplin,12.51,0.0,99.15,,1,0.0085,1,2.0,False,Correctly Predicted Safe,True,11.570247933884298,12.040123966942149,False,Correctly Predicted Safe,True,False
9,4,3.0,4,Joanna Krupa,26.0,Derek Hough,12.51,0.0,99.15,,4,0.0085,2,7.0,False,Correctly Predicted Safe,True,10.743801652892563,11.626900826446281,False,Correctly Predicted Safe,True,False
9,4,4.0,10,Natalie Coughlin,24.0,Alec Mazo,2.93,0.0,99.15,,10,0.0085,10,14.0,False,Correctly Predicted Safe,True,9.917355371900827,6.423677685950413,False,Correctly Predicted Safe,True,False
9,4,4.0,1,Donny Osmond,24.0,Kym Johnson,12.51,0.0,99.15,,2,0.0085,3,6.0,False,Correctly Predicted Safe,True,9.917355371900827,11.213677685950413,False,Correctly Predicted Safe,True,False
9,4,6.0,3,Kelly Osbourne,23.0,Louis van Amstel,12.51,0.0,99.15,,3,0.0085,4,9.0,False,Correctly Predicted Safe,True,9.50413223140496,11.007066115702479,False,Correctly Predicted Safe,True,False
9,4,7.0,6,Mark Dacascos,22.0,Lacey Schwimmer,11.38,0.0,99.15,,6,0.0085,5,13.0,False,Correctly Predicted Safe,True,9.090909090909092,10.235454545454546,False,Correctly Predicted Safe,True,False
9,4,8.0,5,Aaron Carter,18.0,Karina Smirnoff,12.51,0.0,99.15,,5,0.0085,6,13.0,False,Correctly Predicted Safe,True,7.43801652892562,9.97400826446281,False,Correctly Predicted Safe,True,False
9,4,9.0,11,Chuck Liddell,17.0,Anna Trebunskaya,1.21,0.0,11.15,,11,0.8885,11,20.0,True,Correctly Predicted Eliminated,True,7.024793388429752,4.117396694214876,True,Correctly Predicted Eliminated,True,True
9,4,10.0,8,Louie Vito,16.0,Chelsie Hightower,7.52,0.42,99.58,,8,0.0085,9,18.0,False,Correctly Predicted Safe,True,6.6115702479338845,7.065785123966942,False,Correctly Predicted Safe,True,False
9,4,10.0,7,Michael Irvin,16.0,Anna Demidova,9.6,0.42,99.58,,7,0.0085,8,17.0,False,Correctly Predicted Safe,True,6.6115702479338845,8.105785123966943,False,Correctly Predicted Safe,True,False
9,5,1.0,1,Donny Osmond,29.0,Kym Johnson,13.8,0.0,99.57,,1,0.0043,1,2.0,False,Correctly Predicted Safe,True,11.983471074380166,12.891735537190083,False,Correctly Predicted Safe,True,False
9,5,2.0,2,Mya,27.0,Dmitry Chaplin,13.8,0.0,99.57,,2,0.0043,2,4.0,False,Correctly Predicted Safe,True,11.15702479338843,12.478512396694216,False,Correctly Predicted Safe,True,False
9,5,3.0,6,Mark Dacascos,26.0,Lacey Schwimmer,11.06,0.0,99.57,,6,0.0043,6,9.0,False,Correctly Predicted Safe,True,10.743801652892563,10.901900826446282,False,Correctly Predicted Safe,True,False
9,5,4.0,4,Joanna Krupa,24.0,Derek Hough,13.8,0.0,99.57,,4,0.0043,3,8.0,False,Correctly Predicted Safe,True,9.917355371900827,11.858677685950415,False,Correctly Predicted Safe,True,False
9,5,4.0,5,Aaron Carter,24.0,Karina Smirnoff,13.68,0.0,99.57,,5,0.0043,5,9.0,False,Correctly Predicted Safe,True,9.917355371900827,11.798677685950413,False,Correctly Predicted Safe,True,False
9,5,4.0,3,Kelly Osbourne,24.0,Louis van Amstel,13.8,0.0,99.57,,3,0.0043,4,7.0,False,Correctly Predicted Safe,True,9.917355371900827,11.858677685950415,False,Correctly Predicted Safe,True,False
9,5,7.0,9,Melissa Joan Hart,23.0,Mark Ballas,3.71,0.0,99.57,,9,0.0043,9,16.0,False,Correctly Predicted Safe,True,9.50413223140496,6.60706611570248,False,Correctly Predicted Safe,True,False
9,5,8.0,10,Natalie Coughlin,22.0,Alec Mazo,1.25,0.0,10.9,,10,0.891,10,18.0,True,Correctly Predicted Eliminated,True,9.090909090909092,5.170454545454546,True,Correctly Predicted Eliminated,True,True
9,5,8.0,8,Louie Vito,22.0,Chelsie Hightower,6.27,0.01,99.58,,8,0.0043,8,16.0,False,Correctly Predicted Safe,True,9.090909090909092,7.680454545454546,False,Correctly Predicted Safe,True,False
9,5,10.0,7,Michael Irvin,21.0,Anna Demidova,8.84,0.42,99.99,,7,0.0043,7,17.0,False,Correctly Predicted Safe,True,8.677685950413224,8.758842975206612,False,Correctly Predicted Safe,True,False
9,6,1.0,4,Joanna Krupa,35.9999,Derek Hough,15.43,0.0,99.2,,3,0.008,1,4.0,False,Correctly Predicted Safe,False,13.846163313642238,14.638081656821118,False,Correctly Predicted Safe,True,False
9,6,2.0,2,Mya,33.0,Dmitry Chaplin,15.43,0.0,99.2,,4,0.008,2,6.0,False,Correctly Predicted Safe,False,12.692351627371018,14.061175813685509,False,Correctly Predicted Safe,True,False
9,6,3.0,5,Aaron Carter,32.9998,Karina Smirnoff,13.47,0.0,99.2,,5,0.008,4,8.0,False,Correctly Predicted Safe,False,12.692274704027822,13.081137352013911,False,Correctly Predicted Safe,True,False
9,6,4.0,6,Mark Dacascos,32.0,Lacey Schwimmer,10.45,0.0,99.2,,6,0.008,6,10.0,False,Correctly Predicted Safe,False,12.307734911390078,11.378867455695039,False,Correctly Predicted Safe,True,False
9,6,5.0,1,Donny Osmond,30.9999,Kym Johnson,15.43,0.0,99.2,,2,0.008,3,7.0,False,Correctly Predicted Safe,False,11.923079733737541,13.67653986686877,False,Correctly Predicted Safe,True,False
9,6,6.0,3,Kelly Osbourne,24.9998,Louis van Amstel,15.43,0.0,99.2,,1,0.008,5,7.0,False,Correctly Predicted Safe,False,9.615340976180303,12.522670488090151,False,Correctly Predicted Safe,True,False
9,6,7.0,8,Louie Vito,24.0,Chelsie Hightower,4.75,0.01,14.61,,8,0.854,8,15.0,False,Incorrectly Predicted Safe,False,9.230801183542559,6.990400591771279,True,Correctly Predicted Eliminated,True,True
9,6,8.0,9,Melissa Joan Hart,23.9999,Mark Ballas,1.66,0.0,12.97,,9,0.8703,9,17.0,True,Correctly Predicted Eliminated,False,9.230762721870962,5.445381360935481,True,Correctly Predicted Eliminated,True,True
9,6,9.0,7,Michael Irvin,21.9998,Anna Demidova,7.95,0.79,99.99,,7,0.008,7,16.0,True,Incorrectly Predicted Eliminated,False,8.461490828237482,8.205745414118741,False,Correctly Predicted Safe,True,False
9,7,1.0,4,Joanna Krupa,27.5,Derek Hough,17.09,0.0,98.85,,4,0.0115,4,5.0,False,Correctly Predicted Safe,True,15.669515669515668,16.379757834757832,False,Correctly Predicted Safe,True,False
9,7,2.0,5,Aaron Carter,26.5,Karina Smirnoff,12.14,0.0,98.85,,5,0.0115,5,7.0,False,Correctly Predicted Safe,True,15.0997150997151,13.61985754985755,False,Correctly Predicted Safe,True,False
9,7,3.0,1,Donny Osmond,26.0,Kym Johnson,20.26,0.0,98.85,,1,0.0115,1,4.0,False,Correctly Predicted Safe,True,14.814814814814813,17.537407407407407,False,Correctly Predicted Safe,True,False
9,7,3.0,3,Kelly Osbourne,26.0,Louis van Amstel,20.26,0.0,98.85,,2,0.0115,2,5.0,False,Correctly Predicted Safe,True,14.814814814814813,17.537407407407407,False,Correctly Predicted Safe,True,False
9,7,5.0,2,Mya,24.5,Dmitry Chaplin,20.26,0.0,98.85,,3,0.0115,3,8.0,False,Correctly Predicted Safe,True,13.96011396011396,17.11005698005698,False,Correctly Predicted Safe,True,False
9,7,6.0,7,Michael Irvin,23.5,Anna Demidova,2.35,0.0,15.17,,7,0.8483,7,13.0,True,Correctly Predicted Eliminated,True,13.390313390313391,7.8701566951566955,True,Correctly Predicted Eliminated,True,True
9,7,7.0,6,Mark Dacascos,21.5,Lacey Schwimmer,7.65,1.15,18.84,,6,0.8231,6,13.0,True,Correctly Predicted Eliminated,True,12.250712250712251,9.950356125356127,True,Correctly Predicted Eliminated,True,True
9,8,1.0,2,Mya,29.5,Dmitry Chaplin,29.27,0.0,99.99,,1,0.0001,1,2.0,False,Correctly Predicted Safe,True,22.519083969465647,25.894541984732825,False,Correctly Predicted Safe,True,False
9,8,2.0,4,Joanna Krupa,26.0,Derek Hough,13.71,0.0,99.99,,4,0.0001,4,6.0,False,Correctly Predicted Safe,True,19.84732824427481,16.778664122137407,False,Correctly Predicted Safe,True,False
9,8,3.0,3,Kelly Osbourne,25.5,Louis van Amstel,23.58,0.0,99.99,,3,0.0001,3,6.0,False,Correctly Predicted Safe,True,19.46564885496183,21.522824427480913,False,Correctly Predicted Safe,True,False
9,8,4.0,5,Aaron Carter,25.0,Karina Smirnoff,4.17,0.0,20.91,,5,0.7909,5,9.0,True,Correctly Predicted Eliminated,True,19.083969465648856,11.626984732824429,True,Correctly Predicted Eliminated,True,True
9,8,4.0,1,Donny Osmond,25.0,Kym Johnson,29.27,0.01,100.0,,2,0.0001,2,6.0,False,Correctly Predicted Safe,True,19.083969465648856,24.17698473282443,False,Correctly Predicted Safe,True,False
9,9,1.0,2,Mya,28.9999,Dmitry Chaplin,35.27,0.0,96.85,,2,0.0315,1,3.0,False,Correctly Predicted Safe,True,27.187499707030245,31.228749853515126,False,Correctly Predicted Safe,True,False
9,9,2.0,4,Joanna Krupa,27.0,Derek Hough,5.58,0.0,24.68,,4,0.7532,4,6.0,True,Correctly Predicted Eliminated,True,25.312587012017858,15.446293506008928,True,Correctly Predicted Eliminated,True,True
9,9,3.0,3,Kelly Osbourne,25.9998,Louis van Amstel,21.14,0.95,97.8,,3,0.0315,3,6.0,False,Correctly Predicted Safe,True,24.374896288705994,22.757448144353,False,Correctly Predicted Safe,True,False
9,9,4.0,1,Donny Osmond,24.666600000000003,Kym Johnson,38.0,2.2,99.05,,1,0.0315,2,5.0,False,Correctly Predicted Safe,True,23.125016992245914,30.56250849612296,False,Correctly Predicted Safe,True,False
9,10,1.0,1,Donny Osmond,28.9998,Kym Johnson,54.01,31.55,100.0,,1,0.3155,1,2.0,False,Correctly Predicted Safe,True,35.12776905634048,44.568884528170244,False,Correctly Predicted Safe,True,False
9,10,2.0,2,Mya,28.3332,Dmitry Chaplin,35.48,0.0,50.4,,2,0.496,2,4.0,True,Correctly Predicted Eliminated,True,34.32030932030932,34.900154660154655,True,Correctly Predicted Eliminated,True,True
9,10,3.0,3,Kelly Osbourne,25.2222,Louis van Amstel,10.51,0.0,36.1,,3,0.639,3,6.0,True,Correctly Predicted Eliminated,True,30.551921623350196,20.530960811675097,True,Correctly Predicted Eliminated,True,True
10,2,1.0,1,Nicole Scherzinger,53.0,Derek Hough,12.49,0.0,93.67,,1,0.0633,1,2.0,False,Correctly Predicted Safe,False,12.354312354312354,12.422156177156177,False,Correctly Predicted Safe,True,False
10,2,2.0,2,Evan Lysacek,47.0,Anna Trebunskaya,12.49,0.0,93.67,,2,0.0633,2,4.0,False,Correctly Predicted Safe,False,10.955710955710956,11.722855477855479,False,Correctly Predicted Safe,True,False
10,2,3.0,3,Erin Andrews,44.0,Maksim Chmerkoskiy,12.49,0.0,93.67,,5,0.0633,3,8.0,False,Correctly Predicted Safe,False,10.256410256410255,11.373205128205129,False,Correctly Predicted Safe,True,False
10,2,4.0,6,Pamela Anderson,43.0,Damian Whitewood,11.24,0.0,93.67,,6,0.0633,5,10.0,False,Correctly Predicted Safe,False,10.023310023310025,10.631655011655013,False,Correctly Predicted Safe,True,False
10,2,6.0,5,Niecy Nash,39.0,Louis van Amstel,12.49,0.0,93.67,,3,0.0633,4,9.0,False,Correctly Predicted Safe,False,9.090909090909092,10.790454545454546,False,Correctly Predicted Safe,True,False
10,2,7.0,11,Shannen Doherty,38.0,Mark Ballas,0.79,0.0,9.31,,11,0.9069,11,18.0,False,Incorrectly Predicted Safe,False,8.857808857808857,4.823904428904429,True,Correctly Predicted Eliminated,True,True
10,2,5.0,7,Jake Pavelka,40.0,Chelsie Hightower,9.25,0.0,93.67,,7,0.0633,7,12.0,False,Correctly Predicted Safe,False,9.324009324009324,9.287004662004662,False,Correctly Predicted Safe,True,False
10,2,8.0,9,Aiden Turner,34.0,Edyta Sliwinska,5.26,0.94,94.61,,9,0.0633,9,17.0,False,Correctly Predicted Safe,False,7.925407925407925,6.592703962703963,False,Correctly Predicted Safe,True,False
10,2,8.0,4,Chad Ochocinco,34.0,Cheryl Burke,12.49,0.94,94.61,,4,0.0633,6,12.0,False,Correctly Predicted Safe,False,7.925407925407925,10.207703962703963,False,Correctly Predicted Safe,True,False
10,2,10.0,8,Kate Gosselin,31.0,Tony Dovolani,7.43,1.64,95.31,,8,0.0633,8,18.0,False,Correctly Predicted Safe,False,7.226107226107226,7.328053613053613,False,Correctly Predicted Safe,True,False
10,2,11.0,10,Buzz Aldrin,26.0,Ashly DelGrosso,3.59,2.81,96.47,,10,0.0633,10,21.0,True,Incorrectly Predicted Eliminated,False,6.0606060606060606,4.82530303030303,False,Correctly Predicted Safe,True,False
10,3,1.0,2,Evan Lysacek,26.0,Anna Trebunskaya,13.75,0.0,100.0,,2,0.0,1,3.0,False,Correctly Predicted Safe,True,12.807881773399016,13.278940886699509,False,Correctly Predicted Safe,True,False
10,3,2.0,1,Nicole Scherzinger,23.0,Derek Hough,13.75,0.0,100.0,,1,0.0,2,3.0,False,Correctly Predicted Safe,True,11.330049261083744,12.540024630541872,False,Correctly Predicted Safe,True,False
10,3,2.0,3,Erin Andrews,23.0,Maksim Chmerkoskiy,13.75,0.0,100.0,,3,0.0,3,5.0,False,Correctly Predicted Safe,True,11.330049261083744,12.540024630541872,False,Correctly Predicted Safe,True,False
10,3,4.0,5,Niecy Nash,21.0,Louis van Amstel,13.58,0.0,100.0,,5,0.0,4,9.0,False,Correctly Predicted Safe,True,10.344827586206897,11.962413793103448,False,Correctly Predicted Safe,True,False
10,3,4.0,6,Pamela Anderson,21.0,Damian Whitewood,11.08,0.0,100.0,,6,0.0,6,10.0,False,Correctly Predicted Safe,True,10.344827586206897,10.712413793103448,False,Correctly Predicted Safe,True,False
10,3,4.0,7,Jake Pavelka,21.0,Chelsie Hightower,8.58,0.0,100.0,,7,0.0,7,11.0,False,Correctly Predicted Safe,True,10.344827586206897,9.462413793103448,False,Correctly Predicted Safe,True,False
10,3,7.0,9,Aiden Turner,20.0,Edyta Sliwinska,3.65,0.0,100.0,,9,0.0,9,16.0,False,Correctly Predicted Safe,True,9.852216748768473,6.751108374384237,False,Correctly Predicted Safe,True,False
10,3,7.0,4,Chad Ochocinco,20.0,Cheryl Burke,13.75,0.0,100.0,,4,0.0,5,11.0,False,Correctly Predicted Safe,True,9.852216748768473,11.801108374384237,False,Correctly Predicted Safe,True,False
10,3,9.0,8,Kate Gosselin,15.0,Tony Dovolani,6.49,0.0,100.0,,8,0.0,8,17.0,False,Correctly Predicted Safe,True,7.389162561576355,6.939581280788177,False,Correctly Predicted Safe,True,False
10,3,10.0,10,Buzz Aldrin,13.0,Ashly DelGrosso,1.62,0.0,13.59,,10,0.8641,10,20.0,True,Correctly Predicted Eliminated,True,6.403940886699508,4.011970443349754,True,Correctly Predicted Eliminated,True,True
10,4,1.0,2,Evan Lysacek,26.0,Anna Trebunskaya,15.39,0.0,99.72,,1,0.0028,1,2.0,False,Correctly Predicted Safe,True,14.016172506738545,14.703086253369273,False,Correctly Predicted Safe,True,False
10,4,2.0,1,Nicole Scherzinger,25.0,Derek Hough,15.39,0.0,99.72,,2,0.0028,2,4.0,False,Correctly Predicted Safe,True,13.477088948787062,14.433544474393532,False,Correctly Predicted Safe,True,False
10,4,3.0,6,Pamela Anderson,23.5,Damian Whitewood,10.36,0.0,99.72,,6,0.0028,6,9.0,False,Correctly Predicted Safe,True,12.668463611859837,11.514231805929917,False,Correctly Predicted Safe,True,False
10,4,4.0,4,Chad Ochocinco,22.0,Cheryl Burke,15.39,0.0,99.72,,4,0.0028,3,8.0,False,Correctly Predicted Safe,True,11.859838274932615,13.624919137466307,False,Correctly Predicted Safe,True,False
10,4,5.0,3,Erin Andrews,19.5,Maksim Chmerkoskiy,15.39,0.0,99.72,,3,0.0028,4,8.0,False,Correctly Predicted Safe,True,10.512129380053908,12.951064690026953,False,Correctly Predicted Safe,True,False
10,4,6.0,7,Jake Pavelka,19.0,Chelsie Hightower,7.66,0.0,99.72,,7,0.0028,7,13.0,False,Correctly Predicted Safe,True,10.242587601078167,8.951293800539084,False,Correctly Predicted Safe,True,False
10,4,7.0,5,Niecy Nash,18.0,Louis van Amstel,13.9,0.0,99.72,,5,0.0028,5,12.0,False,Correctly Predicted Safe,True,9.703504043126685,11.801752021563342,False,Correctly Predicted Safe,True,False
10,4,8.0,9,Aiden Turner,16.5,Edyta Sliwinska,1.71,0.0,13.32,,9,0.8668,9,17.0,True,Correctly Predicted Eliminated,True,8.89487870619946,5.3024393530997305,True,Correctly Predicted Eliminated,True,True
10,4,9.0,8,Kate Gosselin,16.0,Tony Dovolani,4.83,0.28,100.0,,8,0.0028,8,17.0,False,Correctly Predicted Safe,True,8.62533692722372,6.72766846361186,False,Correctly Predicted Safe,True,False
10,5,1.0,1,Nicole Scherzinger,29.0,Derek Hough,17.31,0.0,100.0,,2,0.0,1,3.0,False,Correctly Predicted Safe,True,16.76300578034682,17.03650289017341,False,Correctly Predicted Safe,True,False
10,5,2.0,2,Evan Lysacek,27.0,Anna Trebunskaya,17.31,0.0,100.0,,3,0.0,2,5.0,False,Correctly Predicted Safe,True,15.606936416184972,16.458468208092484,False,Correctly Predicted Safe,True,False
10,5,3.0,7,Jake Pavelka,23.0,Chelsie Hightower,5.39,0.0,100.0,,7,0.0,7,10.0,False,Correctly Predicted Safe,True,13.294797687861271,9.342398843930635,False,Correctly Predicted Safe,True,False
10,5,4.0,3,Erin Andrews,22.0,Maksim Chmerkoskiy,17.31,0.0,100.0,,4,0.0,3,8.0,False,Correctly Predicted Safe,True,12.716763005780345,15.013381502890173,False,Correctly Predicted Safe,True,False
10,5,5.0,6,Pamela Anderson,21.0,Damian Whitewood,9.44,0.0,100.0,,6,0.0,6,11.0,False,Correctly Predicted Safe,True,12.138728323699421,10.789364161849711,False,Correctly Predicted Safe,True,False
10,5,6.0,5,Niecy Nash,18.0,Louis van Amstel,13.59,0.0,100.0,,5,0.0,5,11.0,False,Correctly Predicted Safe,True,10.404624277456648,11.997312138728324,False,Correctly Predicted Safe,True,False
10,5,6.0,4,Chad Ochocinco,18.0,Cheryl Burke,17.31,0.0,100.0,,1,0.0,4,7.0,False,Correctly Predicted Safe,True,10.404624277456648,13.857312138728323,False,Correctly Predicted Safe,True,False
10,5,8.0,8,Kate Gosselin,15.0,Tony Dovolani,2.35,0.0,16.32,,8,0.8368,8,16.0,True,Correctly Predicted Eliminated,True,8.670520231213873,5.510260115606936,True,Correctly Predicted Eliminated,True,True
10,6,1.0,1,Nicole Scherzinger,35.9999,Derek Hough,20.14,0.0,100.0,,1,0.0,1,2.0,False,Correctly Predicted Safe,True,17.224890226905064,18.68244511345253,False,Correctly Predicted Safe,True,False
10,6,2.0,3,Erin Andrews,34.0,Maksim Chmerkoskiy,20.14,0.0,100.0,,2,0.0,2,4.0,False,Correctly Predicted Safe,True,16.267997069846647,18.203998534923322,False,Correctly Predicted Safe,True,False
10,6,3.0,4,Chad Ochocinco,30.9999,Cheryl Burke,17.16,0.0,100.0,,4,0.0,4,7.0,False,Correctly Predicted Safe,True,14.832537716633503,15.996268858316752,False,Correctly Predicted Safe,True,False
10,6,4.0,6,Pamela Anderson,29.9998,Damian Whitewood,7.18,0.0,100.0,,6,0.0,6,10.0,False,Correctly Predicted Safe,True,14.354019367528984,10.767009683764492,False,Correctly Predicted Safe,True,False
10,6,5.0,2,Evan Lysacek,27.0,Anna Trebunskaya,20.14,0.0,100.0,,3,0.0,3,8.0,False,Correctly Predicted Safe,True,12.918703555466454,16.529351777733226,False,Correctly Predicted Safe,True,False
10,6,6.0,5,Niecy Nash,25.9998,Louis van Amstel,12.6,0.0,100.0,,5,0.0,5,11.0,False,Correctly Predicted Safe,True,12.44013735931173,12.520068679655864,False,Correctly Predicted Safe,True,False
10,6,7.0,7,Jake Pavelka,24.9999,Chelsie Hightower,2.63,0.0,16.6,,7,0.834,7,14.0,True,Correctly Predicted Eliminated,True,11.961714704307623,7.295857352153812,True,Correctly Predicted Eliminated,True,True
10,7,1.0,2,Evan Lysacek,27.0,Anna Trebunskaya,23.78,0.0,99.34,,1,0.0066,1,2.0,False,Correctly Predicted Safe,False,17.363344051446948,20.571672025723473,False,Correctly Predicted Safe,True,False
10,7,1.0,1,Nicole Scherzinger,27.0,Derek Hough,23.78,0.0,99.34,,2,0.0066,2,3.0,False,Correctly Predicted Safe,False,17.363344051446948,20.571672025723473,False,Correctly Predicted Safe,True,False
10,7,3.0,4,Chad Ochocinco,26.0,Cheryl Burke,16.41,0.0,99.34,,4,0.0066,4,7.0,False,Correctly Predicted Safe,False,16.720257234726688,16.565128617363342,False,Correctly Predicted Safe,True,False
10,7,4.0,6,Pamela Anderson,25.5,Damian Whitewood,2.9,0.0,16.93,,6,0.8307,6,10.0,False,Incorrectly Predicted Safe,False,16.39871382636656,9.64935691318328,True,Correctly Predicted Eliminated,True,True
10,7,4.0,3,Erin Andrews,25.5,Maksim Chmerkoskiy,23.28,0.01,99.35,,3,0.0066,3,7.0,False,Correctly Predicted Safe,False,16.39871382636656,19.83935691318328,False,Correctly Predicted Safe,True,False
10,7,6.0,5,Niecy Nash,24.5,Louis van Amstel,9.84,0.65,99.99,,5,0.0066,5,11.0,True,Incorrectly Predicted Eliminated,False,15.755627009646304,12.797813504823152,False,Correctly Predicted Safe,True,False
10,8,1.0,1,Nicole Scherzinger,29.5,Derek Hough,29.05,0.0,100.0,,1,0.0,1,2.0,False,Correctly Predicted Safe,True,23.3201581027668,26.1850790513834,False,Correctly Predicted Safe,True,False
10,8,2.0,2,Evan Lysacek,26.5,Anna Trebunskaya,29.05,0.0,100.0,,2,0.0,2,4.0,False,Correctly Predicted Safe,True,20.948616600790515,24.999308300395256,False,Correctly Predicted Safe,True,False
10,8,2.0,3,Erin Andrews,26.5,Maksim Chmerkoskiy,22.96,0.0,100.0,,3,0.0,3,5.0,False,Correctly Predicted Safe,True,20.948616600790515,21.954308300395258,False,Correctly Predicted Safe,True,False
10,8,4.0,4,Chad Ochocinco,22.5,Cheryl Burke,14.2,0.0,100.0,,4,0.0,4,8.0,False,Correctly Predicted Safe,True,17.786561264822133,15.993280632411066,False,Correctly Predicted Safe,True,False
10,8,5.0,5,Niecy Nash,21.5,Louis van Amstel,4.75,0.0,23.0,,5,0.77,5,10.0,True,Correctly Predicted Eliminated,True,16.99604743083004,10.87302371541502,True,Correctly Predicted Eliminated,True,True
10,9,1.0,2,Evan Lysacek,29.5,Anna Trebunskaya,35.29,0.0,100.0,,2,0.0,2,3.0,False,Correctly Predicted Safe,True,26.10619469026549,30.698097345132744,False,Correctly Predicted Safe,True,False
10,9,1.0,1,Nicole Scherzinger,29.5,Derek Hough,37.58,0.0,100.0,,1,0.0,1,2.0,False,Correctly Predicted Safe,True,26.10619469026549,31.843097345132744,False,Correctly Predicted Safe,True,False
10,9,3.0,3,Erin Andrews,28.0,Maksim Chmerkoskiy,20.75,0.0,100.0,,3,0.0,3,6.0,False,Correctly Predicted Safe,True,24.778761061946902,22.76438053097345,False,Correctly Predicted Safe,True,False
10,9,4.0,4,Chad Ochocinco,26.0,Cheryl Burke,6.39,0.0,26.98,,4,0.7302,4,8.0,True,Correctly Predicted Eliminated,True,23.008849557522122,14.699424778761061,True,Correctly Predicted Eliminated,True,True
10,10,1.0,1,Nicole Scherzinger,28.7777,Derek Hough,54.11,31.86,99.86,,1,0.3201,1,2.0,False,Correctly Predicted Safe,True,34.81193038992962,44.460965194964814,False,Correctly Predicted Safe,True,False
10,10,2.0,3,Erin Andrews,26.9998,Maksim Chmerkoskiy,9.38,0.0,34.0,,3,0.66,3,5.0,True,Correctly Predicted Eliminated,True,32.66123276502368,21.02061638251184,True,Correctly Predicted Eliminated,True,True
10,10,3.0,2,Evan Lysacek,26.8887,Anna Trebunskaya,36.51,0.14,51.14,,2,0.4901,2,5.0,True,Correctly Predicted Eliminated,True,32.5268368450467,34.518418422523354,True,Correctly Predicted Eliminated,True,True
11,1,1.0,1,Jennifer Grey,24.0,Derek Hough,11.39,0.0,99.98,,1,0.0002,1,2.0,False,Correctly Predicted Safe,True,10.572687224669604,10.981343612334802,False,Correctly Predicted Safe,True,False
11,1,2.0,2,Kyle Massey,23.0,Lacey Schwimmer,11.39,0.0,99.98,,2,0.0002,2,4.0,False,Correctly Predicted Safe,True,10.13215859030837,10.761079295154186,False,Correctly Predicted Safe,True,False
11,1,2.0,4,Brandy,23.0,Maksim Chmerkoskiy,11.39,0.0,99.98,,3,0.0002,3,5.0,False,Correctly Predicted Safe,True,10.13215859030837,10.761079295154186,False,Correctly Predicted Safe,True,False
11,1,4.0,6,Rick Fox,22.0,Cheryl Burke,11.16,0.0,99.98,,6,0.0002,4,10.0,False,Correctly Predicted Safe,True,9.691629955947137,10.42581497797357,False,Correctly Predicted Safe,True,False
11,1,5.0,5,Kurt Warner,19.0,Anna Trebunskaya,11.39,0.0,99.98,,5,0.0002,5,10.0,False,Correctly Predicted Safe,True,8.370044052863436,9.880022026431718,False,Correctly Predicted Safe,True,False
11,1,5.0,7,Audrina Patridge,19.0,Tony Dovolani,9.56,0.0,99.98,,7,0.0002,7,12.0,False,Correctly Predicted Safe,True,8.370044052863436,8.965022026431718,False,Correctly Predicted Safe,True,False
11,1,7.0,8,Florence Henderson,18.0,Corky Ballas,7.86,0.0,99.98,,8,0.0002,8,15.0,False,Correctly Predicted Safe,True,7.929515418502203,7.894757709251102,False,Correctly Predicted Safe,True,False
11,1,7.0,3,Bristol Palin,18.0,Mark Ballas,11.39,0.0,99.98,,4,0.0002,6,11.0,False,Correctly Predicted Safe,True,7.929515418502203,9.659757709251101,False,Correctly Predicted Safe,True,False
11,1,9.0,11,Michael Bolton,16.0,Chelsie Hightower,2.7,0.0,99.98,,11,0.0002,11,20.0,False,Correctly Predicted Safe,True,7.048458149779736,4.874229074889868,False,Correctly Predicted Safe,True,False
11,1,10.0,12,David Hasselhoff,15.0,Kym Johnson,1.0,0.0,10.05,,12,0.8995,12,22.0,True,Correctly Predicted Eliminated,True,6.607929515418502,3.803964757709251,True,Correctly Predicted Eliminated,True,True
11,1,10.0,10,Margaret Cho,15.0,Louis van Amstel,4.5,0.01,99.99,,10,0.0002,10,20.0,False,Correctly Predicted Safe,True,6.607929515418502,5.553964757709251,False,Correctly Predicted Safe,True,False
11,1,10.0,9,The Situation,15.0,Karina Smirnoff,6.26,0.01,99.99,,9,0.0002,9,19.0,False,Correctly Predicted Safe,True,6.607929515418502,6.433964757709251,False,Correctly Predicted Safe,True,False
11,2,1.0,1,Jennifer Grey,24.0,Derek Hough,12.5,0.0,100.0,,1,0.0,1,2.0,False,Correctly Predicted Safe,True,10.85972850678733,11.679864253393665,False,Correctly Predicted Safe,True,False
11,2,2.0,7,Audrina Patridge,23.0,Tony Dovolani,9.12,0.0,100.0,,7,0.0,7,9.0,False,Correctly Predicted Safe,True,10.407239819004525,9.763619909502262,False,Correctly Predicted Safe,True,False
11,2,3.0,2,Kyle Massey,22.0,Lacey Schwimmer,12.5,0.0,100.0,,5,0.0,2,8.0,False,Correctly Predicted Safe,True,9.95475113122172,11.22737556561086,False,Correctly Predicted Safe,True,False
11,2,3.0,3,Bristol Palin,22.0,Mark Ballas,12.5,0.0,100.0,,2,0.0,3,5.0,False,Correctly Predicted Safe,True,9.95475113122172,11.22737556561086,False,Correctly Predicted Safe,True,False
11,2,5.0,6,Rick Fox,21.0,Cheryl Burke,11.32,0.0,100.0,,6,0.0,6,11.0,False,Correctly Predicted Safe,True,9.502262443438914,10.411131221719458,False,Correctly Predicted Safe,True,False
11,2,5.0,5,Kurt Warner,21.0,Anna Trebunskaya,12.5,0.0,100.0,,3,0.0,4,8.0,False,Correctly Predicted Safe,True,9.502262443438914,11.001131221719458,False,Correctly Predicted Safe,True,False
11,2,5.0,4,Brandy,21.0,Maksim Chmerkoskiy,12.5,0.0,100.0,,4,0.0,5,9.0,False,Correctly Predicted Safe,True,9.502262443438914,11.001131221719458,False,Correctly Predicted Safe,True,False
11,2,8.0,8,Florence Henderson,19.0,Corky Ballas,7.26,0.0,100.0,,8,0.0,8,16.0,False,Correctly Predicted Safe,True,8.597285067873303,7.928642533936651,False,Correctly Predicted Safe,True,False
11,2,9.0,10,Margaret Cho,18.0,Louis van Amstel,3.15,0.0,100.0,,10,0.0,10,19.0,False,Correctly Predicted Safe,True,8.144796380090497,5.647398190045249,False,Correctly Predicted Safe,True,False
11,2,9.0,9,The Situation,18.0,Karina Smirnoff,5.23,0.0,100.0,,9,0.0,9,18.0,False,Correctly Predicted Safe,True,8.144796380090497,6.687398190045249,False,Correctly Predicted Safe,True,False
11,2,11.0,11,Michael Bolton,12.0,Chelsie Hightower,1.41,0.0,12.74,,11,0.8726,11,22.0,True,Correctly Predicted Eliminated,True,5.429864253393665,3.4199321266968328,True,Correctly Predicted Eliminated,True,True
11,3,1.0,7,Audrina Patridge,26.0,Tony Dovolani,8.44,0.0,100.0,,7,0.0,7,8.0,False,Correctly Predicted Safe,True,11.76470588235294,10.10235294117647,False,Correctly Predicted Safe,True,False
11,3,2.0,1,Jennifer Grey,24.0,Derek Hough,13.84,0.0,100.0,,1,0.0,1,3.0,False,Correctly Predicted Safe,True,10.85972850678733,12.349864253393665,False,Correctly Predicted Safe,True,False
11,3,2.0,6,Rick Fox,24.0,Cheryl Burke,11.08,0.0,100.0,,6,0.0,6,8.0,False,Correctly Predicted Safe,True,10.85972850678733,10.969864253393666,False,Correctly Predicted Safe,True,False
11,3,2.0,4,Brandy,24.0,Maksim Chmerkoskiy,13.84,0.0,100.0,,2,0.0,2,4.0,False,Correctly Predicted Safe,True,10.85972850678733,12.349864253393665,False,Correctly Predicted Safe,True,False
11,3,5.0,2,Kyle Massey,23.0,Lacey Schwimmer,13.84,0.0,100.0,,3,0.0,3,8.0,False,Correctly Predicted Safe,True,10.407239819004525,12.123619909502263,False,Correctly Predicted Safe,True,False
11,3,5.0,5,Kurt Warner,23.0,Anna Trebunskaya,13.66,0.0,100.0,,5,0.0,4,10.0,False,Correctly Predicted Safe,True,10.407239819004525,12.033619909502264,False,Correctly Predicted Safe,True,False
11,3,7.0,8,Florence Henderson,20.0,Corky Ballas,6.3,0.0,100.0,,8,0.0,8,15.0,False,Correctly Predicted Safe,True,9.049773755656108,7.674886877828055,False,Correctly Predicted Safe,True,False
11,3,7.0,9,The Situation,20.0,Karina Smirnoff,3.78,0.0,100.0,,9,0.0,9,16.0,False,Correctly Predicted Safe,True,9.049773755656108,6.414886877828054,False,Correctly Predicted Safe,True,False
11,3,9.0,3,Bristol Palin,19.0,Mark Ballas,13.84,0.0,100.0,,4,0.0,5,13.0,False,Correctly Predicted Safe,True,8.597285067873303,11.218642533936652,False,Correctly Predicted Safe,True,False
11,3,10.0,10,Margaret Cho,18.0,Louis van Amstel,1.39,0.0,11.85,,10,0.8815,10,20.0,True,Correctly Predicted Eliminated,True,8.144796380090497,4.767398190045249,True,Correctly Predicted Eliminated,True,True
11,4,1.0,1,Jennifer Grey,28.0,Derek Hough,15.4,0.0,100.0,,2,0.0,1,3.0,False,Correctly Predicted Safe,True,15.64245810055866,15.52122905027933,False,Correctly Predicted Safe,True,False
11,4,2.0,4,Brandy,24.0,Maksim Chmerkoskiy,15.4,0.0,100.0,,3,0.0,2,5.0,False,Correctly Predicted Safe,True,13.40782122905028,14.40391061452514,False,Correctly Predicted Safe,True,False
11,4,3.0,7,Audrina Patridge,23.0,Tony Dovolani,7.26,0.0,100.0,,7,0.0,7,10.0,False,Correctly Predicted Safe,True,12.849162011173185,10.054581005586591,False,Correctly Predicted Safe,True,False
11,4,4.0,2,Kyle Massey,20.0,Lacey Schwimmer,15.4,0.0,100.0,,4,0.0,3,8.0,False,Correctly Predicted Safe,True,11.1731843575419,13.286592178770949,False,Correctly Predicted Safe,True,False
11,4,5.0,6,Rick Fox,19.5,Cheryl Burke,10.65,0.0,100.0,,6,0.0,6,11.0,False,Correctly Predicted Safe,True,10.893854748603351,10.771927374301676,False,Correctly Predicted Safe,True,False
11,4,6.0,8,Florence Henderson,17.5,Corky Ballas,4.66,0.0,100.0,,8,0.0,8,14.0,False,Correctly Predicted Safe,True,9.776536312849162,7.218268156424581,False,Correctly Predicted Safe,True,False
11,4,7.0,5,Kurt Warner,17.0,Anna Trebunskaya,13.94,0.0,100.0,,5,0.0,5,12.0,False,Correctly Predicted Safe,True,9.497206703910614,11.718603351955306,False,Correctly Predicted Safe,True,False
11,4,8.0,3,Bristol Palin,16.0,Mark Ballas,15.4,0.0,100.0,,1,0.0,4,9.0,False,Correctly Predicted Safe,True,8.938547486033519,12.16927374301676,False,Correctly Predicted Safe,True,False
11,4,9.0,9,The Situation,14.0,Karina Smirnoff,1.88,0.0,14.39,,9,0.8561,9,18.0,True,Correctly Predicted Eliminated,True,7.82122905027933,4.850614525139665,True,Correctly Predicted Eliminated,True,True
11,5,1.0,4,Brandy,27.0,Maksim Chmerkoskiy,16.95,0.0,97.78,,4,0.0222,1,5.0,False,Correctly Predicted Safe,True,14.835164835164836,15.892582417582418,False,Correctly Predicted Safe,True,False
11,5,2.0,1,Jennifer Grey,25.0,Derek Hough,17.61,0.0,97.78,,1,0.0222,2,3.0,False,Correctly Predicted Safe,True,13.736263736263737,15.673131868131868,False,Correctly Predicted Safe,True,False
11,5,3.0,6,Rick Fox,24.0,Cheryl Burke,9.42,0.0,97.78,,6,0.0222,6,9.0,False,Correctly Predicted Safe,True,13.186813186813188,11.303406593406594,False,Correctly Predicted Safe,True,False
11,5,3.0,5,Kurt Warner,24.0,Anna Trebunskaya,13.33,0.0,97.78,,5,0.0222,5,8.0,False,Correctly Predicted Safe,True,13.186813186813188,13.258406593406594,False,Correctly Predicted Safe,True,False
11,5,5.0,7,Audrina Patridge,23.0,Tony Dovolani,5.6,0.0,97.78,,7,0.0222,7,12.0,False,Correctly Predicted Safe,True,12.637362637362637,9.118681318681318,False,Correctly Predicted Safe,True,False
11,5,6.0,8,Florence Henderson,21.0,Corky Ballas,1.88,0.0,13.45,,8,0.8655,8,14.0,True,Correctly Predicted Eliminated,True,11.538461538461538,6.7092307692307696,True,Correctly Predicted Eliminated,True,True
11,5,7.0,2,Kyle Massey,20.0,Lacey Schwimmer,17.61,0.56,98.34,,2,0.0222,3,9.0,False,Correctly Predicted Safe,True,10.989010989010989,14.299505494505494,False,Correctly Predicted Safe,True,False
11,5,8.0,3,Bristol Palin,18.0,Mark Ballas,17.61,1.66,99.44,,3,0.0222,4,11.0,False,Correctly Predicted Safe,True,9.89010989010989,13.750054945054945,False,Correctly Predicted Safe,True,False
11,6,1.0,4,Brandy,35.9999,Maksim Chmerkoskiy,16.79,0.0,89.81,,4,0.1019,3,5.0,False,Correctly Predicted Safe,False,17.391314849856983,17.09065742492849,False,Correctly Predicted Safe,True,False
11,6,2.0,7,Audrina Patridge,31.9998,Tony Dovolani,1.94,0.0,13.1,,7,0.869,7,9.0,False,Incorrectly Predicted Safe,False,15.45889285615942,8.69944642807971,True,Correctly Predicted Eliminated,True,True
11,6,3.0,6,Rick Fox,30.0,Cheryl Burke,7.22,0.98,90.78,,6,0.1019,6,9.0,False,Correctly Predicted Safe,False,14.49280263266591,10.856401316332954,False,Correctly Predicted Safe,True,False
11,6,4.0,2,Kyle Massey,29.9999,Lacey Schwimmer,20.32,0.98,90.78,,3,0.1019,1,7.0,False,Correctly Predicted Safe,False,14.492754323323801,17.4063771616619,False,Correctly Predicted Safe,True,False
11,6,5.0,1,Jennifer Grey,29.0,Derek Hough,20.32,1.46,91.26,,1,0.1019,2,6.0,False,Correctly Predicted Safe,False,14.009709211577045,17.164854605788523,False,Correctly Predicted Safe,True,False
11,6,6.0,3,Bristol Palin,27.9998,Mark Ballas,20.32,1.94,91.75,,2,0.1019,4,8.0,False,Correctly Predicted Safe,False,13.526519171803963,16.92325958590198,False,Correctly Predicted Safe,True,False
11,6,7.0,5,Kurt Warner,21.9999,Anna Trebunskaya,13.08,4.84,94.65,,5,0.1019,5,12.0,True,Incorrectly Predicted Eliminated,False,10.628006954612891,11.854003477306446,False,Correctly Predicted Safe,True,False
11,7,1.0,1,Jennifer Grey,36.5,Derek Hough,23.85,0.0,98.54,,1,0.0146,1,2.0,False,Correctly Predicted Safe,True,17.505995203836928,20.677997601918463,False,Correctly Predicted Safe,True,False
11,7,1.0,4,Brandy,36.5,Maksim Chmerkoskiy,16.27,0.0,98.54,,4,0.0146,4,5.0,False,Correctly Predicted Safe,True,17.505995203836928,16.887997601918464,False,Correctly Predicted Safe,True,False
11,7,3.0,5,Kurt Warner,35.0,Anna Trebunskaya,9.63,0.0,98.54,,5,0.0146,5,8.0,False,Correctly Predicted Safe,True,16.786570743405278,13.20828537170264,False,Correctly Predicted Safe,True,False
11,7,4.0,6,Rick Fox,34.5,Cheryl Burke,2.87,0.0,16.78,,6,0.8322,6,10.0,True,Correctly Predicted Eliminated,True,16.546762589928058,9.70838129496403,True,Correctly Predicted Eliminated,True,True
11,7,5.0,2,Kyle Massey,33.5,Lacey Schwimmer,23.85,0.49,99.03,,2,0.0146,2,7.0,False,Correctly Predicted Safe,True,16.06714628297362,19.95857314148681,False,Correctly Predicted Safe,True,False
11,7,6.0,3,Bristol Palin,32.5,Mark Ballas,23.54,0.97,99.51,,3,0.0146,3,9.0,False,Correctly Predicted Safe,True,15.587529976019185,19.56376498800959,False,Correctly Predicted Safe,True,False
11,8,1.0,1,Jennifer Grey,28.5,Derek Hough,29.18,0.0,99.61,,2,0.0039,1,3.0,False,Correctly Predicted Safe,True,21.50943396226415,25.344716981132073,False,Correctly Predicted Safe,True,False
11,8,1.0,4,Brandy,28.5,Maksim Chmerkoskiy,13.18,0.0,99.61,,4,0.0039,4,5.0,False,Correctly Predicted Safe,True,21.50943396226415,17.344716981132073,False,Correctly Predicted Safe,True,False
11,8,3.0,2,Kyle Massey,28.0,Lacey Schwimmer,29.18,0.0,99.61,,1,0.0039,2,4.0,False,Correctly Predicted Safe,True,21.132075471698116,25.156037735849058,False,Correctly Predicted Safe,True,False
11,8,4.0,5,Kurt Warner,24.0,Anna Trebunskaya,4.44,0.0,21.88,,5,0.7812,5,9.0,True,Correctly Predicted Eliminated,True,18.11320754716981,11.276603773584906,True,Correctly Predicted Eliminated,True,True
11,8,5.0,3,Bristol Palin,23.5,Mark Ballas,24.01,0.39,100.0,,3,0.0039,3,8.0,False,Correctly Predicted Safe,True,17.735849056603772,20.872924528301887,False,Correctly Predicted Safe,True,False
11,9,1.0,1,Jennifer Grey,30.0,Derek Hough,37.55,0.0,98.24,,1,0.0176,1,2.0,False,Correctly Predicted Safe,False,26.31578947368421,31.9328947368421,False,Correctly Predicted Safe,True,False
11,9,2.0,2,Kyle Massey,29.0,Lacey Schwimmer,35.51,0.0,98.24,,2,0.0176,2,4.0,False,Correctly Predicted Safe,False,25.438596491228072,30.474298245614037,False,Correctly Predicted Safe,True,False
11,9,3.0,4,Brandy,28.5,Maksim Chmerkoskiy,5.63,0.0,24.99,,4,0.7501,4,7.0,False,Incorrectly Predicted Safe,False,25.0,15.315,True,Correctly Predicted Eliminated,True,True
11,9,4.0,3,Bristol Palin,26.5,Mark Ballas,21.31,1.76,100.0,,3,0.0176,3,7.0,True,Incorrectly Predicted Eliminated,False,23.24561403508772,22.277807017543857,False,Correctly Predicted Safe,True,False
11,10,1.0,1,Jennifer Grey,30.0,Derek Hough,53.72,30.53,100.0,,1,0.3053,1,2.0,False,Correctly Predicted Safe,True,36.1446654088323,44.932332704416154,False,Correctly Predicted Safe,True,False
11,10,2.0,2,Kyle Massey,27.3332,Lacey Schwimmer,36.03,0.0,51.6,,2,0.484,2,4.0,True,Correctly Predicted Eliminated,True,32.931645618423175,34.48082280921159,True,Correctly Predicted Eliminated,True,True
11,10,3.0,3,Bristol Palin,25.666600000000003,Mark Ballas,10.25,0.0,35.73,,3,0.6427,3,6.0,True,Correctly Predicted Eliminated,True,30.92368897274451,20.586844486372257,True,Correctly Predicted Eliminated,True,True
12,2,2.0,1,Hines Ward,44.0,Kym Johnson,12.49,0.0,100.0,,5,0.0,2,7.0,False,Correctly Predicted Safe,True,10.401891252955082,11.445945626477542,False,Correctly Predicted Safe,True,False
12,2,4.0,7,Chris Jericho,42.0,Cheryl Burke,9.17,0.0,100.0,,7,0.0,7,11.0,False,Correctly Predicted Safe,True,9.929078014184398,9.5495390070922,False,Correctly Predicted Safe,True,False
12,2,4.0,5,Romeo,42.0,Chelsie Hightower,12.49,0.0,100.0,,1,0.0,4,5.0,False,Correctly Predicted Safe,True,9.929078014184398,11.2095390070922,False,Correctly Predicted Safe,True,False
12,2,1.0,4,Ralph Macchio,45.0,Karina Smirnoff,12.49,0.0,100.0,,2,0.0,1,3.0,False,Correctly Predicted Safe,True,10.638297872340425,11.564148936170213,False,Correctly Predicted Safe,True,False
12,2,3.0,2,Kirstie Alley,43.0,Maksim Chmerkoskiy,12.49,0.0,100.0,,3,0.0,3,6.0,False,Correctly Predicted Safe,True,10.16548463356974,11.327742316784871,False,Correctly Predicted Safe,True,False
12,2,7.0,6,Kendra Wilkinson,37.0,Louis van Amstel,11.4,0.0,100.0,,6,0.0,6,13.0,False,Correctly Predicted Safe,True,8.747044917257684,10.073522458628842,False,Correctly Predicted Safe,True,False
12,2,6.0,3,Chelsea Kane,39.0,Mark Ballas,12.49,0.0,100.0,,4,0.0,5,10.0,False,Correctly Predicted Safe,True,9.219858156028367,10.854929078014184,False,Correctly Predicted Safe,True,False
12,2,8.0,8,Petra Nemcova,36.0,Dmitry Chaplin,7.27,0.0,100.0,,8,0.0,8,16.0,False,Correctly Predicted Safe,True,8.51063829787234,7.89031914893617,False,Correctly Predicted Safe,True,False
12,2,9.0,9,Sugar Ray Leonard,34.0,Anna Trebunskaya,5.24,0.0,100.0,,9,0.0,9,18.0,False,Correctly Predicted Safe,True,8.037825059101655,6.638912529550828,False,Correctly Predicted Safe,True,False
12,2,11.0,11,Mike Catherwood,30.0,Lacey Schwimmer,1.2,0.0,11.08,,11,0.8892,11,22.0,True,Correctly Predicted Eliminated,True,7.092198581560284,4.146099290780142,True,Correctly Predicted Eliminated,True,True
12,2,10.0,10,Wendy Williams,31.0,Tony Dovolani,3.25,0.0,100.0,,10,0.0,10,20.0,False,Correctly Predicted Safe,True,7.328605200945626,5.289302600472813,False,Correctly Predicted Safe,True,False
12,3,1.0,1,Hines Ward,25.0,Kym Johnson,13.81,0.0,100.0,,1,0.0,1,2.0,False,Correctly Predicted Safe,True,11.682242990654206,12.746121495327102,False,Correctly Predicted Safe,True,False
12,3,1.0,8,Petra Nemcova,25.0,Dmitry Chaplin,5.92,0.0,100.0,,8,0.0,8,9.0,False,Correctly Predicted Safe,True,11.682242990654206,8.801121495327102,False,Correctly Predicted Safe,True,False
12,3,3.0,3,Chelsea Kane,23.0,Mark Ballas,13.81,0.0,100.0,,2,0.0,2,5.0,False,Correctly Predicted Safe,True,10.74766355140187,12.278831775700935,False,Correctly Predicted Safe,True,False
12,3,3.0,6,Kendra Wilkinson,23.0,Louis van Amstel,11.07,0.0,100.0,,6,0.0,6,9.0,False,Correctly Predicted Safe,True,10.74766355140187,10.908831775700936,False,Correctly Predicted Safe,True,False
12,3,5.0,4,Ralph Macchio,21.0,Karina Smirnoff,13.81,0.0,100.0,,3,0.0,3,8.0,False,Correctly Predicted Safe,True,9.813084112149532,11.811542056074767,False,Correctly Predicted Safe,True,False
12,3,5.0,2,Kirstie Alley,21.0,Maksim Chmerkoskiy,13.81,0.0,100.0,,4,0.0,4,9.0,False,Correctly Predicted Safe,True,9.813084112149532,11.811542056074767,False,Correctly Predicted Safe,True,False
12,3,5.0,7,Chris Jericho,21.0,Cheryl Burke,8.69,0.0,100.0,,7,0.0,7,12.0,False,Correctly Predicted Safe,True,9.813084112149532,9.251542056074765,False,Correctly Predicted Safe,True,False
12,3,8.0,9,Sugar Ray Leonard,20.0,Anna Trebunskaya,3.73,0.0,100.0,,9,0.0,9,17.0,False,Correctly Predicted Safe,True,9.345794392523365,6.5378971962616825,False,Correctly Predicted Safe,True,False
12,3,8.0,5,Romeo,20.0,Chelsie Hightower,13.78,0.0,100.0,,5,0.0,5,13.0,False,Correctly Predicted Safe,True,9.345794392523365,11.562897196261682,False,Correctly Predicted Safe,True,False
12,3,10.0,10,Wendy Williams,15.0,Tony Dovolani,1.54,0.0,12.98,,10,0.8702,10,20.0,True,Correctly Predicted Eliminated,True,7.009345794392523,4.274672897196261,True,Correctly Predicted Eliminated,True,True
12,4,1.0,3,Chelsea Kane,26.0,Mark Ballas,15.44,0.0,98.53,,2,0.0147,1,3.0,False,Correctly Predicted Safe,True,12.62135922330097,14.030679611650484,False,Correctly Predicted Safe,True,False
12,4,2.0,4,Ralph Macchio,25.0,Karina Smirnoff,15.44,0.0,98.53,,3,0.0147,2,5.0,False,Correctly Predicted Safe,True,12.135922330097088,13.787961165048543,False,Correctly Predicted Safe,True,False
12,4,2.0,1,Hines Ward,25.0,Kym Johnson,15.44,0.0,98.53,,4,0.0147,3,6.0,False,Correctly Predicted Safe,True,12.135922330097088,13.787961165048543,False,Correctly Predicted Safe,True,False
12,4,4.0,7,Chris Jericho,23.0,Cheryl Burke,7.54,0.0,98.53,,7,0.0147,7,11.0,False,Correctly Predicted Safe,True,11.165048543689322,9.352524271844661,False,Correctly Predicted Safe,True,False
12,4,4.0,8,Petra Nemcova,23.0,Dmitry Chaplin,4.45,0.0,98.53,,8,0.0147,8,12.0,False,Correctly Predicted Safe,True,11.165048543689322,7.807524271844661,False,Correctly Predicted Safe,True,False
12,4,4.0,5,Romeo,23.0,Chelsie Hightower,13.72,0.0,98.53,,5,0.0147,5,9.0,False,Correctly Predicted Safe,True,11.165048543689322,12.442524271844661,False,Correctly Predicted Safe,True,False
12,4,7.0,2,Kirstie Alley,22.0,Maksim Chmerkoskiy,15.44,0.0,98.53,,1,0.0147,4,8.0,False,Correctly Predicted Safe,True,10.679611650485436,13.059805825242718,False,Correctly Predicted Safe,True,False
12,4,8.0,9,Sugar Ray Leonard,21.0,Anna Trebunskaya,1.51,0.0,12.02,,9,0.8798,9,17.0,True,Correctly Predicted Eliminated,True,10.194174757281553,5.8520873786407765,True,Correctly Predicted Eliminated,True,True
12,4,9.0,6,Kendra Wilkinson,18.0,Louis van Amstel,11.01,1.47,100.0,,6,0.0147,6,15.0,False,Correctly Predicted Safe,True,8.737864077669903,9.873932038834951,False,Correctly Predicted Safe,True,False
12,5,1.0,1,Hines Ward,27.0,Kym Johnson,17.47,0.0,99.98,,2,0.0002,1,3.0,False,Correctly Predicted Safe,True,13.917525773195877,15.693762886597938,False,Correctly Predicted Safe,True,False
12,5,2.0,3,Chelsea Kane,26.0,Mark Ballas,17.47,0.0,99.98,,3,0.0002,2,5.0,False,Correctly Predicted Safe,True,13.402061855670103,15.436030927835052,False,Correctly Predicted Safe,True,False
12,5,2.0,7,Chris Jericho,26.0,Cheryl Burke,5.42,0.0,99.98,,7,0.0002,7,9.0,False,Correctly Predicted Safe,True,13.402061855670103,9.411030927835052,False,Correctly Predicted Safe,True,False
12,5,2.0,5,Romeo,26.0,Chelsie Hightower,13.19,0.0,99.98,,5,0.0002,5,7.0,False,Correctly Predicted Safe,True,13.402061855670103,13.296030927835051,False,Correctly Predicted Safe,True,False
12,5,5.0,2,Kirstie Alley,23.0,Maksim Chmerkoskiy,17.47,0.0,99.98,,1,0.0002,3,6.0,False,Correctly Predicted Safe,True,11.855670103092782,14.662835051546391,False,Correctly Predicted Safe,True,False
12,5,6.0,4,Ralph Macchio,22.0,Karina Smirnoff,17.43,0.01,99.99,,4,0.0002,4,10.0,False,Correctly Predicted Safe,True,11.34020618556701,14.385103092783506,False,Correctly Predicted Safe,True,False
12,5,6.0,8,Petra Nemcova,22.0,Dmitry Chaplin,1.9,0.0,13.65,,8,0.8635,8,14.0,True,Correctly Predicted Eliminated,True,11.34020618556701,6.620103092783506,True,Correctly Predicted Eliminated,True,True
12,5,6.0,6,Kendra Wilkinson,22.0,Louis van Amstel,9.66,0.01,99.99,,6,0.0002,6,12.0,False,Correctly Predicted Safe,True,11.34020618556701,10.500103092783505,False,Correctly Predicted Safe,True,False
12,6,1.0,3,Chelsea Kane,28.0,Mark Ballas,20.2,0.0,100.0,,1,0.0,1,2.0,False,Correctly Predicted Safe,True,15.555555555555555,17.877777777777776,False,Correctly Predicted Safe,True,False
12,6,1.0,5,Romeo,28.0,Chelsie Hightower,12.01,0.0,100.0,,5,0.0,5,6.0,False,Correctly Predicted Safe,True,15.555555555555555,13.782777777777778,False,Correctly Predicted Safe,True,False
12,6,3.0,1,Hines Ward,27.0,Kym Johnson,20.2,0.0,100.0,,2,0.0,2,5.0,False,Correctly Predicted Safe,True,15.0,17.6,False,Correctly Predicted Safe,True,False
12,6,4.0,2,Kirstie Alley,26.0,Maksim Chmerkoskiy,20.2,0.0,100.0,,3,0.0,3,7.0,False,Correctly Predicted Safe,True,14.444444444444443,17.322222222222223,False,Correctly Predicted Safe,True,False
12,6,5.0,6,Kendra Wilkinson,25.0,Louis van Amstel,7.3,0.0,100.0,,6,0.0,6,11.0,False,Correctly Predicted Safe,True,13.88888888888889,10.594444444444445,False,Correctly Predicted Safe,True,False
12,6,6.0,4,Ralph Macchio,24.0,Karina Smirnoff,17.51,0.0,100.0,,4,0.0,4,10.0,False,Correctly Predicted Safe,True,13.333333333333334,15.421666666666667,False,Correctly Predicted Safe,True,False
12,6,7.0,7,Chris Jericho,22.0,Cheryl Burke,2.58,0.0,16.34,,7,0.8366,7,14.0,True,Correctly Predicted Eliminated,True,12.222222222222221,7.401111111111111,True,Correctly Predicted Eliminated,True,True
12,7,1.0,4,Ralph Macchio,33.0,Karina Smirnoff,16.27,0.0,99.45,,4,0.0055,4,5.0,False,Correctly Predicted Safe,False,17.50663129973475,16.888315649867373,False,Correctly Predicted Safe,True,False
12,7,1.0,1,Hines Ward,33.0,Kym Johnson,23.86,0.0,99.45,,1,0.0055,1,2.0,False,Correctly Predicted Safe,False,17.50663129973475,20.683315649867374,False,Correctly Predicted Safe,True,False
12,7,3.0,3,Chelsea Kane,32.0,Mark Ballas,23.22,0.0,99.45,,3,0.0055,2,6.0,False,Correctly Predicted Safe,False,16.976127320954905,20.09806366047745,False,Correctly Predicted Safe,True,False
12,7,4.0,6,Kendra Wilkinson,30.5,Louis van Amstel,2.96,0.0,17.14,,6,0.8286,6,10.0,False,Incorrectly Predicted Safe,False,16.180371352785148,9.570185676392574,True,Correctly Predicted Eliminated,True,True
12,7,5.0,2,Kirstie Alley,30.0,Maksim Chmerkoskiy,23.86,0.28,99.72,,2,0.0055,3,7.0,False,Correctly Predicted Safe,False,15.915119363395224,19.88755968169761,False,Correctly Predicted Safe,True,False
12,7,5.0,5,Romeo,30.0,Chelsie Hightower,9.84,0.28,99.72,,5,0.0055,5,10.0,True,Incorrectly Predicted Eliminated,False,15.915119363395224,12.877559681697612,False,Correctly Predicted Safe,True,False
12,8,1.0,3,Chelsea Kane,27.5,Mark Ballas,23.11,0.0,97.68,,3,0.0232,3,4.0,False,Correctly Predicted Safe,False,21.153846153846153,22.131923076923076,False,Correctly Predicted Safe,True,False
12,8,2.0,1,Hines Ward,27.0,Kym Johnson,29.31,0.0,97.68,,1,0.0232,1,3.0,False,Correctly Predicted Safe,False,20.76923076923077,25.039615384615384,False,Correctly Predicted Safe,True,False
12,8,3.0,2,Kirstie Alley,26.5,Maksim Chmerkoskiy,29.31,0.0,97.68,,2,0.0232,2,5.0,False,Correctly Predicted Safe,False,20.384615384615383,24.84730769230769,False,Correctly Predicted Safe,True,False
12,8,4.0,5,Romeo,26.0,Chelsie Hightower,3.91,0.0,19.99,,5,0.8001,5,9.0,False,Incorrectly Predicted Safe,False,20.0,11.955,True,Correctly Predicted Eliminated,True,True
12,8,5.0,4,Ralph Macchio,23.0,Karina Smirnoff,14.36,2.32,100.0,,4,0.0232,4,9.0,True,Incorrectly Predicted Eliminated,False,17.692307692307693,16.026153846153846,False,Correctly Predicted Safe,True,False
12,9,1.0,3,Chelsea Kane,36.5,Mark Ballas,18.43,0.0,100.0,,3,0.0,3,4.0,False,Correctly Predicted Safe,True,31.06382978723404,24.74691489361702,False,Correctly Predicted Safe,True,False
12,9,2.0,1,Hines Ward,30.0,Kym Johnson,37.66,0.0,100.0,,1,0.0,1,3.0,False,Correctly Predicted Safe,True,25.53191489361702,31.59595744680851,False,Correctly Predicted Safe,True,False
12,9,3.0,2,Kirstie Alley,27.0,Maksim Chmerkoskiy,36.54,0.0,100.0,,2,0.0,2,5.0,False,Correctly Predicted Safe,True,22.97872340425532,29.75936170212766,False,Correctly Predicted Safe,True,False
12,9,4.0,4,Ralph Macchio,24.0,Karina Smirnoff,7.37,0.0,29.57,,4,0.7043,4,8.0,True,Correctly Predicted Eliminated,True,20.425531914893615,13.897765957446808,True,Correctly Predicted Eliminated,True,True
12,10,1.0,3,Chelsea Kane,29.666600000000003,Mark Ballas,8.71,0.0,32.69,,3,0.6731,3,4.0,True,Correctly Predicted Eliminated,True,33.969480071129965,21.339740035564983,True,Correctly Predicted Eliminated,True,True
12,10,1.0,1,Hines Ward,29.666600000000003,Kym Johnson,54.35,32.71,98.08,,1,0.3463,1,2.0,False,Correctly Predicted Safe,True,33.969480071129965,44.15974003556498,False,Correctly Predicted Safe,True,False
12,10,3.0,2,Kirstie Alley,27.9999,Maksim Chmerkoskiy,36.93,1.92,50.95,,2,0.5097,2,5.0,True,Correctly Predicted Eliminated,True,32.06103985774008,34.49551992887004,True,Correctly Predicted Eliminated,True,True
13,1,1.0,1,J.R. Martinez,22.0,Karina Smirnoff,11.43,0.0,100.0,,2,0.0,1,3.0,False,Correctly Predicted Safe,True,10.138248847926267,10.784124423963133,False,Correctly Predicted Safe,True,False
13,1,1.0,9,Chynna Phillips,22.0,Tony Dovolani,5.88,0.0,100.0,,9,0.0,8,10.0,False,Correctly Predicted Safe,True,10.138248847926267,8.009124423963133,False,Correctly Predicted Safe,True,False
13,1,3.0,4,Hope Solo,21.0,Maksim Chmerkoskiy,11.43,0.0,100.0,,3,0.0,2,6.0,False,Correctly Predicted Safe,True,9.67741935483871,10.553709677419356,False,Correctly Predicted Safe,True,False
13,1,4.0,3,Ricki Lake,20.0,Derek Hough,11.43,0.0,100.0,,5,0.0,3,9.0,False,Correctly Predicted Safe,True,9.216589861751153,10.323294930875576,False,Correctly Predicted Safe,True,False
13,1,5.0,10,Kristin Cavallari,19.0,Mark Ballas,4.28,0.0,100.0,,10,0.0,10,15.0,False,Correctly Predicted Safe,True,8.755760368663594,6.517880184331798,False,Correctly Predicted Safe,True,False
13,1,6.0,6,David Arquette,18.0,Kym Johnson,11.37,0.0,100.0,,6,0.0,4,12.0,False,Correctly Predicted Safe,True,8.294930875576037,9.832465437788018,False,Correctly Predicted Safe,True,False
13,1,7.0,8,Carson Kressley,17.0,Anna Trebunskaya,7.9,0.0,100.0,,8,0.0,9,15.0,False,Correctly Predicted Safe,True,7.834101382488479,7.8670506912442395,False,Correctly Predicted Safe,True,False
13,1,7.0,7,Chaz Bono,17.0,Lacey Schwimmer,9.66,0.0,100.0,,7,0.0,7,14.0,False,Correctly Predicted Safe,True,7.834101382488479,8.74705069124424,False,Correctly Predicted Safe,True,False
13,1,9.0,5,Nancy Grace,16.0,Tristan MacManus,11.43,0.0,100.0,,4,0.0,5,13.0,False,Correctly Predicted Safe,True,7.373271889400922,9.40163594470046,False,Correctly Predicted Safe,True,False
13,1,9.0,2,Rob Kardashian,16.0,Cheryl Burke,11.43,0.0,100.0,,1,0.0,6,10.0,False,Correctly Predicted Safe,True,7.373271889400922,9.40163594470046,False,Correctly Predicted Safe,True,False
13,1,11.0,11,Elisabetta Canalis,15.0,Valentin Chmerkovskiy,2.73,0.0,100.0,,11,0.0,11,22.0,False,Correctly Predicted Safe,True,6.912442396313365,4.821221198156683,False,Correctly Predicted Safe,True,False
13,1,12.0,12,Metta World Peace (Ron),14.0,Peta Murgatroyd,1.02,0.0,10.21,,12,0.8979,12,24.0,True,Correctly Predicted Eliminated,True,6.451612903225806,3.735806451612903,True,Correctly Predicted Eliminated,True,True
13,2,1.0,3,Ricki Lake,23.0,Derek Hough,12.54,0.0,94.55,,2,0.0545,1,3.0,False,Correctly Predicted Safe,False,10.31390134529148,11.42695067264574,False,Correctly Predicted Safe,True,False
13,2,2.0,1,J.R. Martinez,22.0,Karina Smirnoff,12.54,0.0,94.55,,3,0.0545,2,5.0,False,Correctly Predicted Safe,False,9.865470852017937,11.202735426008967,False,Correctly Predicted Safe,True,False
13,2,2.0,10,Kristin Cavallari,22.0,Mark Ballas,2.94,0.0,94.55,,10,0.0545,10,12.0,False,Correctly Predicted Safe,False,9.865470852017937,6.402735426008968,False,Correctly Predicted Safe,True,False
13,2,4.0,11,Elisabetta Canalis,21.0,Valentin Chmerkovskiy,0.91,0.0,8.76,,11,0.9124,11,15.0,False,Incorrectly Predicted Safe,False,9.417040358744394,5.163520179372197,True,Correctly Predicted Eliminated,True,True
13,2,4.0,9,Chynna Phillips,21.0,Tony Dovolani,5.09,0.01,94.56,,9,0.0545,9,13.0,False,Correctly Predicted Safe,False,9.417040358744394,7.253520179372197,False,Correctly Predicted Safe,True,False
13,2,4.0,5,Nancy Grace,21.0,Tristan MacManus,12.54,0.01,94.56,,1,0.0545,3,5.0,False,Correctly Predicted Safe,False,9.417040358744394,10.978520179372197,False,Correctly Predicted Safe,True,False
13,2,4.0,2,Rob Kardashian,21.0,Cheryl Burke,12.54,0.01,94.56,,4,0.0545,4,8.0,False,Correctly Predicted Safe,False,9.417040358744394,10.978520179372197,False,Correctly Predicted Safe,True,False
13,2,8.0,4,Hope Solo,19.0,Maksim Chmerkoskiy,12.54,0.91,95.46,,5,0.0545,5,13.0,False,Correctly Predicted Safe,False,8.520179372197308,10.530089686098654,False,Correctly Predicted Safe,True,False
13,2,9.0,6,David Arquette,18.0,Kym Johnson,11.53,1.36,95.9,,6,0.0545,6,15.0,False,Correctly Predicted Safe,False,8.071748878923767,9.800874439461882,False,Correctly Predicted Safe,True,False
13,2,9.0,8,Carson Kressley,18.0,Anna Trebunskaya,7.35,1.36,95.9,,8,0.0545,8,17.0,False,Correctly Predicted Safe,False,8.071748878923767,7.710874439461883,False,Correctly Predicted Safe,True,False
13,2,11.0,7,Chaz Bono,17.0,Lacey Schwimmer,9.49,1.8,96.35,,7,0.0545,7,18.0,True,Incorrectly Predicted Eliminated,False,7.623318385650224,8.556659192825112,False,Correctly Predicted Safe,True,False
13,3,1.0,3,Ricki Lake,27.0,Derek Hough,13.81,0.0,95.72,,2,0.0428,1,3.0,False,Correctly Predicted Safe,False,11.39240506329114,12.60120253164557,False,Correctly Predicted Safe,True,False
13,3,2.0,1,J.R. Martinez,26.0,Karina Smirnoff,13.81,0.0,95.72,,3,0.0428,2,5.0,False,Correctly Predicted Safe,False,10.970464135021098,12.39023206751055,False,Correctly Predicted Safe,True,False
13,3,2.0,9,Chynna Phillips,26.0,Tony Dovolani,3.51,0.0,95.72,,9,0.0428,9,11.0,False,Correctly Predicted Safe,False,10.970464135021098,7.240232067510549,False,Correctly Predicted Safe,True,False
13,3,4.0,6,David Arquette,24.0,Kym Johnson,11.16,0.01,95.73,,6,0.0428,6,10.0,False,Correctly Predicted Safe,False,10.126582278481013,10.643291139240507,False,Correctly Predicted Safe,True,False
13,3,4.0,4,Hope Solo,24.0,Maksim Chmerkoskiy,13.81,0.01,95.73,,4,0.0428,3,8.0,False,Correctly Predicted Safe,False,10.126582278481013,11.968291139240506,False,Correctly Predicted Safe,True,False
13,3,4.0,10,Kristin Cavallari,24.0,Mark Ballas,1.11,0.0,9.86,,10,0.9014,10,14.0,False,Incorrectly Predicted Safe,False,10.126582278481013,5.618291139240506,True,Correctly Predicted Eliminated,True,True
13,3,4.0,2,Rob Kardashian,24.0,Cheryl Burke,13.81,0.01,95.73,,5,0.0428,4,9.0,False,Correctly Predicted Safe,False,10.126582278481013,11.968291139240506,False,Correctly Predicted Safe,True,False
13,3,8.0,8,Carson Kressley,23.0,Anna Trebunskaya,6.19,0.43,96.15,,8,0.0428,8,16.0,False,Correctly Predicted Safe,False,9.70464135021097,7.947320675105486,False,Correctly Predicted Safe,True,False
13,3,9.0,5,Nancy Grace,21.0,Tristan MacManus,13.81,1.28,97.0,,1,0.0428,5,10.0,False,Correctly Predicted Safe,False,8.860759493670885,11.335379746835443,False,Correctly Predicted Safe,True,False
13,3,10.0,7,Chaz Bono,18.0,Lacey Schwimmer,8.99,2.54,98.26,,7,0.0428,7,17.0,True,Incorrectly Predicted Eliminated,False,7.59493670886076,8.29246835443038,False,Correctly Predicted Safe,True,False
13,4,1.0,3,Ricki Lake,29.0,Derek Hough,15.4,0.0,99.49,,1,0.0051,1,2.0,False,Correctly Predicted Safe,False,13.875598086124402,14.637799043062202,False,Correctly Predicted Safe,True,False
13,4,2.0,1,J.R. Martinez,26.0,Karina Smirnoff,15.4,0.0,99.49,,2,0.0051,2,4.0,False,Correctly Predicted Safe,False,12.440191387559809,13.920095693779905,False,Correctly Predicted Safe,True,False
13,4,3.0,4,Hope Solo,24.0,Maksim Chmerkoskiy,15.4,0.0,99.49,,3,0.0051,3,6.0,False,Correctly Predicted Safe,False,11.483253588516746,13.441626794258372,False,Correctly Predicted Safe,True,False
13,4,3.0,2,Rob Kardashian,24.0,Cheryl Burke,15.4,0.0,99.49,,4,0.0051,4,7.0,False,Correctly Predicted Safe,False,11.483253588516746,13.441626794258372,False,Correctly Predicted Safe,True,False
13,4,5.0,6,David Arquette,23.0,Kym Johnson,10.63,0.0,99.49,,6,0.0051,6,11.0,False,Correctly Predicted Safe,False,11.004784688995215,10.817392344497609,False,Correctly Predicted Safe,True,False
13,4,6.0,9,Chynna Phillips,21.0,Tony Dovolani,1.53,0.0,12.17,,9,0.8783,9,15.0,False,Incorrectly Predicted Safe,False,10.047846889952153,5.788923444976076,True,Correctly Predicted Eliminated,True,True
13,4,6.0,7,Chaz Bono,21.0,Lacey Schwimmer,7.69,0.01,99.5,,7,0.0051,7,13.0,False,Correctly Predicted Safe,False,10.047846889952153,8.868923444976076,False,Correctly Predicted Safe,True,False
13,4,6.0,5,Nancy Grace,21.0,Tristan MacManus,13.85,0.01,99.5,,5,0.0051,5,11.0,False,Correctly Predicted Safe,False,10.047846889952153,11.948923444976076,False,Correctly Predicted Safe,True,False
13,4,9.0,8,Carson Kressley,20.0,Anna Trebunskaya,4.69,0.49,99.98,,8,0.0051,8,17.0,True,Incorrectly Predicted Eliminated,False,9.569377990430622,7.129688995215311,False,Correctly Predicted Safe,True,False
13,5,1.0,1,J.R. Martinez,28.0,Karina Smirnoff,17.41,0.0,100.0,,1,0.0,1,2.0,False,Correctly Predicted Safe,True,14.893617021276595,16.151808510638297,False,Correctly Predicted Safe,True,False
13,5,2.0,6,David Arquette,25.0,Kym Johnson,9.29,0.0,100.0,,6,0.0,6,8.0,False,Correctly Predicted Safe,True,13.297872340425531,11.293936170212765,False,Correctly Predicted Safe,True,False
13,5,2.0,2,Rob Kardashian,25.0,Cheryl Burke,17.41,0.0,100.0,,3,0.0,2,5.0,False,Correctly Predicted Safe,True,13.297872340425531,15.353936170212766,False,Correctly Predicted Safe,True,False
13,5,4.0,3,Ricki Lake,24.0,Derek Hough,17.41,0.0,100.0,,2,0.0,3,6.0,False,Correctly Predicted Safe,True,12.76595744680851,15.087978723404255,False,Correctly Predicted Safe,True,False
13,5,4.0,4,Hope Solo,24.0,Maksim Chmerkoskiy,17.13,0.0,100.0,,4,0.0,4,8.0,False,Correctly Predicted Safe,True,12.76595744680851,14.947978723404255,False,Correctly Predicted Safe,True,False
13,5,6.0,5,Nancy Grace,22.0,Tristan MacManus,13.44,0.0,100.0,,5,0.0,5,11.0,False,Correctly Predicted Safe,True,11.702127659574469,12.571063829787235,False,Correctly Predicted Safe,True,False
13,5,7.0,7,Chaz Bono,21.0,Lacey Schwimmer,5.79,0.0,100.0,,7,0.0,7,14.0,False,Correctly Predicted Safe,True,11.170212765957446,8.480106382978724,False,Correctly Predicted Safe,True,False
13,5,8.0,8,Carson Kressley,19.0,Anna Trebunskaya,2.11,0.0,14.88,,8,0.8512,8,16.0,True,Correctly Predicted Eliminated,True,10.106382978723403,6.108191489361701,True,Correctly Predicted Eliminated,True,True
13,6,1.0,3,Ricki Lake,29.0,Derek Hough,20.07,0.0,100.0,,1,0.0,1,2.0,False,Correctly Predicted Safe,True,17.46987951807229,18.769939759036145,False,Correctly Predicted Safe,True,False
13,6,1.0,1,J.R. Martinez,29.0,Karina Smirnoff,20.07,0.0,100.0,,2,0.0,2,3.0,False,Correctly Predicted Safe,True,17.46987951807229,18.769939759036145,False,Correctly Predicted Safe,True,False
13,6,3.0,5,Nancy Grace,24.0,Tristan MacManus,12.15,0.0,100.0,,5,0.0,5,8.0,False,Correctly Predicted Safe,True,14.457831325301203,13.303915662650603,False,Correctly Predicted Safe,True,False
13,6,4.0,6,David Arquette,23.0,Kym Johnson,7.26,0.0,100.0,,6,0.0,6,10.0,False,Correctly Predicted Safe,True,13.855421686746988,10.557710843373494,False,Correctly Predicted Safe,True,False
13,6,5.0,2,Rob Kardashian,22.0,Cheryl Burke,20.07,0.0,100.0,,3,0.0,3,8.0,False,Correctly Predicted Safe,True,13.253012048192772,16.661506024096386,False,Correctly Predicted Safe,True,False
13,6,6.0,4,Hope Solo,20.0,Maksim Chmerkoskiy,17.66,0.0,100.0,,4,0.0,4,10.0,False,Correctly Predicted Safe,True,12.048192771084338,14.854096385542169,False,Correctly Predicted Safe,True,False
13,6,7.0,7,Chaz Bono,19.0,Lacey Schwimmer,2.72,0.0,17.12,,7,0.8288,7,14.0,True,Correctly Predicted Eliminated,True,11.44578313253012,7.082891566265061,True,Correctly Predicted Eliminated,True,True
13,7,1.0,3,Ricki Lake,26.5,Derek Hough,22.93,0.0,98.97,,3,0.0103,2,4.0,False,Correctly Predicted Safe,True,18.088737201365188,20.509368600682592,False,Correctly Predicted Safe,True,False
13,7,2.0,2,Rob Kardashian,25.5,Cheryl Burke,23.84,0.0,98.97,,1,0.0103,1,3.0,False,Correctly Predicted Safe,True,17.4061433447099,20.62307167235495,False,Correctly Predicted Safe,True,False
13,7,3.0,4,Hope Solo,25.0,Maksim Chmerkoskiy,16.37,0.0,98.97,,4,0.0103,4,7.0,False,Correctly Predicted Safe,True,17.064846416382252,16.71742320819113,False,Correctly Predicted Safe,True,False
13,7,4.0,1,J.R. Martinez,24.0,Karina Smirnoff,23.84,0.0,98.97,,2,0.0103,3,6.0,False,Correctly Predicted Safe,True,16.38225255972696,20.11112627986348,False,Correctly Predicted Safe,True,False
13,7,5.0,6,David Arquette,23.5,Kym Johnson,2.99,0.0,17.28,,6,0.8272,6,11.0,True,Correctly Predicted Eliminated,True,16.040955631399317,9.515477815699658,True,Correctly Predicted Eliminated,True,True
13,7,6.0,5,Nancy Grace,22.0,Tristan MacManus,10.04,1.03,100.0,,5,0.0103,5,11.0,False,Correctly Predicted Safe,True,15.017064846416384,12.52853242320819,False,Correctly Predicted Safe,True,False
13,8,1.0,1,J.R. Martinez,30.0,Karina Smirnoff,29.17,0.0,100.0,,2,0.0,1,3.0,False,Correctly Predicted Safe,True,23.166023166023166,26.168011583011584,False,Correctly Predicted Safe,True,False
13,8,2.0,3,Ricki Lake,26.0,Derek Hough,23.31,0.0,100.0,,3,0.0,3,5.0,False,Correctly Predicted Safe,True,20.077220077220076,21.69361003861004,False,Correctly Predicted Safe,True,False
13,8,2.0,4,Hope Solo,26.0,Maksim Chmerkoskiy,13.59,0.0,100.0,,4,0.0,4,6.0,False,Correctly Predicted Safe,True,20.077220077220076,16.83361003861004,False,Correctly Predicted Safe,True,False
13,8,4.0,2,Rob Kardashian,25.5,Cheryl Burke,29.17,0.0,100.0,,1,0.0,2,5.0,False,Correctly Predicted Safe,True,19.69111969111969,24.43055984555985,False,Correctly Predicted Safe,True,False
13,8,5.0,5,Nancy Grace,22.0,Tristan MacManus,4.77,0.0,23.0,,5,0.77,5,10.0,True,Correctly Predicted Eliminated,True,16.988416988416986,10.879208494208493,True,Correctly Predicted Eliminated,True,True
13,9,1.0,3,Ricki Lake,33.4999,Derek Hough,19.62,0.0,100.0,,3,0.0,3,4.0,False,Correctly Predicted Safe,True,28.270077088932865,23.945038544466435,False,Correctly Predicted Safe,True,False
13,9,2.0,2,Rob Kardashian,32.4998,Cheryl Burke,35.12,0.0,100.0,,2,0.0,1,4.0,False,Correctly Predicted Safe,True,27.426107283153094,31.273053641576546,False,Correctly Predicted Safe,True,False
13,9,3.0,1,J.R. Martinez,28.0,Karina Smirnoff,37.93,0.0,100.0,,1,0.0,2,4.0,False,Correctly Predicted Safe,True,23.62879168266533,30.779395841332665,False,Correctly Predicted Safe,True,False
13,9,4.0,4,Hope Solo,24.4998,Maksim Chmerkoskiy,7.33,0.0,29.32,,4,0.7068,4,8.0,True,Correctly Predicted Eliminated,True,20.675023945248718,14.002511972624358,True,Correctly Predicted Eliminated,True,True
13,10,1.0,2,Rob Kardashian,28.3332,Cheryl Burke,36.26,0.0,49.9,,2,0.501,2,3.0,True,Correctly Predicted Eliminated,True,33.530572925788995,34.8952864628945,True,Correctly Predicted Eliminated,True,True
13,10,2.0,1,J.R. Martinez,28.1665,Karina Smirnoff,54.54,33.34,100.0,,1,0.3334,1,3.0,False,Correctly Predicted Safe,True,33.33329388541484,43.93664694270742,False,Correctly Predicted Safe,True,False
13,10,3.0,3,Ricki Lake,27.9999,Derek Hough,9.2,0.0,33.52,,3,0.6648,3,6.0,True,Correctly Predicted Eliminated,True,33.13613318879616,21.168066594398077,True,Correctly Predicted Eliminated,True,True
14,2,2.0,6,Roshon Fegan,49.0,Chelsie Hightower,11.28,0.0,100.0,,6,0.0,3,8.0,False,Correctly Predicted Safe,True,9.090909090909092,10.185454545454546,False,Correctly Predicted Safe,True,False
14,2,1.0,2,Katherine Jenkins,52.0,Mark Ballas,11.44,0.0,100.0,,3,0.0,1,4.0,False,Correctly Predicted Safe,True,9.647495361781075,10.543747680890537,False,Correctly Predicted Safe,True,False
14,2,2.0,3,William Levy,49.0,Cheryl Burke,11.44,0.0,100.0,,4,0.0,2,6.0,False,Correctly Predicted Safe,True,9.090909090909092,10.265454545454546,False,Correctly Predicted Safe,True,False
14,2,5.0,4,Maria Menounos,46.0,Derek Hough,11.44,0.0,100.0,,5,0.0,4,10.0,False,Correctly Predicted Safe,True,8.534322820037106,9.987161410018553,False,Correctly Predicted Safe,True,False
14,2,7.0,1,Donald Driver,45.0,Peta Murgatroyd,11.44,0.0,100.0,,2,0.0,5,9.0,False,Correctly Predicted Safe,True,8.348794063079778,9.894397031539889,False,Correctly Predicted Safe,True,False
14,2,5.0,10,Sherri Sheperd,46.0,Valentin Chmerkovskiy,4.31,0.0,100.0,,10,0.0,10,15.0,False,Correctly Predicted Safe,True,8.534322820037106,6.422161410018553,False,Correctly Predicted Safe,True,False
14,2,4.0,7,Jaleel White,48.0,Kym Johnson,9.55,0.0,100.0,,7,0.0,7,11.0,False,Correctly Predicted Safe,True,8.905380333951761,9.227690166975881,False,Correctly Predicted Safe,True,False
14,2,8.0,11,Jack Wagner,44.0,Anna Trebunskaya,2.59,0.0,100.0,,11,0.0,11,19.0,False,Correctly Predicted Safe,True,8.16326530612245,5.3766326530612245,False,Correctly Predicted Safe,True,False
14,2,10.0,9,Gavin DeGraw,41.0,Karina Smirnoff,6.17,0.0,100.0,,9,0.0,9,19.0,False,Correctly Predicted Safe,True,7.606679035250464,6.888339517625232,False,Correctly Predicted Safe,True,False
14,2,11.0,5,Melissa Gilbert,40.0,Maksim Chmerkoskiy,11.44,0.0,100.0,,1,0.0,6,12.0,False,Correctly Predicted Safe,True,7.421150278293136,9.430575139146567,False,Correctly Predicted Safe,True,False
14,2,9.0,8,Gladys Knight,42.0,Tristan MacManus,7.91,0.0,100.0,,8,0.0,8,17.0,False,Correctly Predicted Safe,True,7.792207792207792,7.851103896103896,False,Correctly Predicted Safe,True,False
14,2,12.0,12,Martina Navratilova,37.0,Tony Dovolani,0.98,0.0,9.79,,12,0.9021,12,24.0,True,Correctly Predicted Eliminated,True,6.8645640074211505,3.922282003710575,True,Correctly Predicted Eliminated,True,True
14,3,1.0,2,Katherine Jenkins,29.0,Mark Ballas,12.53,0.0,99.96,,3,0.0004,1,4.0,False,Correctly Predicted Safe,True,10.357142857142858,11.443571428571428,False,Correctly Predicted Safe,True,False
14,3,2.0,3,William Levy,28.0,Cheryl Burke,12.53,0.0,99.96,,1,0.0004,2,3.0,False,Correctly Predicted Safe,True,10.0,11.265,False,Correctly Predicted Safe,True,False
14,3,3.0,4,Maria Menounos,27.0,Derek Hough,12.53,0.0,99.96,,5,0.0004,3,8.0,False,Correctly Predicted Safe,True,9.642857142857144,11.086428571428572,False,Correctly Predicted Safe,True,False
14,3,4.0,1,Donald Driver,26.0,Peta Murgatroyd,12.53,0.0,99.96,,4,0.0004,4,8.0,False,Correctly Predicted Safe,True,9.285714285714286,10.907857142857143,False,Correctly Predicted Safe,True,False
14,3,5.0,7,Jaleel White,25.0,Kym Johnson,9.33,0.0,99.96,,7,0.0004,7,12.0,False,Correctly Predicted Safe,True,8.928571428571429,9.129285714285714,False,Correctly Predicted Safe,True,False
14,3,5.0,6,Roshon Fegan,25.0,Chelsie Hightower,11.42,0.0,99.96,,6,0.0004,6,11.0,False,Correctly Predicted Safe,True,8.928571428571429,10.174285714285714,False,Correctly Predicted Safe,True,False
14,3,7.0,11,Jack Wagner,24.0,Anna Trebunskaya,1.01,0.0,9.6,,11,0.904,11,18.0,True,Correctly Predicted Eliminated,True,8.571428571428571,4.7907142857142855,True,Correctly Predicted Eliminated,True,True
14,3,7.0,10,Sherri Sheperd,24.0,Valentin Chmerkovskiy,3.1,0.01,99.97,,10,0.0004,10,17.0,False,Correctly Predicted Safe,True,8.571428571428571,5.835714285714285,False,Correctly Predicted Safe,True,False
14,3,7.0,5,Melissa Gilbert,24.0,Maksim Chmerkoskiy,12.53,0.01,99.97,,2,0.0004,5,9.0,False,Correctly Predicted Safe,True,8.571428571428571,10.550714285714285,False,Correctly Predicted Safe,True,False
14,3,7.0,9,Gavin DeGraw,24.0,Karina Smirnoff,5.19,0.01,99.97,,9,0.0004,9,16.0,False,Correctly Predicted Safe,True,8.571428571428571,6.880714285714285,False,Correctly Predicted Safe,True,False
14,3,7.0,8,Gladys Knight,24.0,Tristan MacManus,7.28,0.01,99.97,,8,0.0004,8,15.0,False,Correctly Predicted Safe,True,8.571428571428571,7.925714285714285,False,Correctly Predicted Safe,True,False
14,4,1.0,1,Donald Driver,27.0,Peta Murgatroyd,13.81,0.0,99.56,,1,0.0044,1,2.0,False,Correctly Predicted Safe,True,11.587982832618025,12.698991416309013,False,Correctly Predicted Safe,True,False
14,4,2.0,6,Roshon Fegan,26.0,Chelsie Hightower,11.01,0.0,99.56,,6,0.0044,6,8.0,False,Correctly Predicted Safe,True,11.158798283261802,11.0843991416309,False,Correctly Predicted Safe,True,False
14,4,2.0,4,Maria Menounos,26.0,Derek Hough,13.81,0.0,99.56,,2,0.0044,2,4.0,False,Correctly Predicted Safe,True,11.158798283261802,12.484399141630902,False,Correctly Predicted Safe,True,False
14,4,4.0,2,Katherine Jenkins,24.0,Mark Ballas,13.81,0.0,99.56,,4,0.0044,3,8.0,False,Correctly Predicted Safe,True,10.300429184549357,12.055214592274679,False,Correctly Predicted Safe,True,False
14,4,5.0,9,Gavin DeGraw,23.0,Karina Smirnoff,3.66,0.0,99.56,,9,0.0044,9,14.0,False,Correctly Predicted Safe,True,9.871244635193133,6.765622317596566,False,Correctly Predicted Safe,True,False
14,4,6.0,3,William Levy,22.0,Cheryl Burke,13.81,0.0,99.56,,3,0.0044,4,9.0,False,Correctly Predicted Safe,True,9.44206008583691,11.626030042918455,False,Correctly Predicted Safe,True,False
14,4,6.0,7,Jaleel White,22.0,Kym Johnson,8.74,0.0,99.56,,7,0.0044,7,13.0,False,Correctly Predicted Safe,True,9.44206008583691,9.091030042918455,False,Correctly Predicted Safe,True,False
14,4,6.0,5,Melissa Gilbert,22.0,Maksim Chmerkoskiy,13.76,0.0,99.56,,5,0.0044,5,11.0,False,Correctly Predicted Safe,True,9.44206008583691,11.601030042918456,False,Correctly Predicted Safe,True,False
14,4,9.0,10,Sherri Sheperd,21.0,Valentin Chmerkovskiy,1.27,0.0,10.98,,10,0.8902,10,19.0,True,Correctly Predicted Eliminated,True,9.012875536480687,5.141437768240343,True,Correctly Predicted Eliminated,True,True
14,4,10.0,8,Gladys Knight,20.0,Tristan MacManus,6.35,0.44,100.0,,8,0.0044,8,18.0,False,Correctly Predicted Safe,True,8.583690987124463,7.466845493562231,False,Correctly Predicted Safe,True,False
14,5,1.0,3,William Levy,29.0,Cheryl Burke,15.38,0.0,100.0,,1,0.0,1,2.0,False,Correctly Predicted Safe,True,12.946428571428573,14.163214285714286,False,Correctly Predicted Safe,True,False
14,5,1.0,2,Katherine Jenkins,29.0,Mark Ballas,15.38,0.0,100.0,,2,0.0,2,3.0,False,Correctly Predicted Safe,True,12.946428571428573,14.163214285714286,False,Correctly Predicted Safe,True,False
14,5,3.0,1,Donald Driver,27.0,Peta Murgatroyd,15.38,0.0,100.0,,3,0.0,3,6.0,False,Correctly Predicted Safe,True,12.053571428571429,13.716785714285715,False,Correctly Predicted Safe,True,False
14,5,3.0,4,Maria Menounos,27.0,Derek Hough,15.38,0.0,100.0,,4,0.0,4,7.0,False,Correctly Predicted Safe,True,12.053571428571429,13.716785714285715,False,Correctly Predicted Safe,True,False
14,5,5.0,6,Roshon Fegan,26.0,Chelsie Hightower,10.52,0.0,100.0,,6,0.0,6,11.0,False,Correctly Predicted Safe,True,11.607142857142858,11.063571428571429,False,Correctly Predicted Safe,True,False
14,5,6.0,7,Jaleel White,24.0,Kym Johnson,7.58,0.0,100.0,,7,0.0,7,13.0,False,Correctly Predicted Safe,True,10.714285714285714,9.147142857142857,False,Correctly Predicted Safe,True,False
14,5,7.0,8,Gladys Knight,22.0,Tristan MacManus,4.64,0.0,100.0,,8,0.0,8,15.0,False,Correctly Predicted Safe,True,9.821428571428571,7.230714285714285,False,Correctly Predicted Safe,True,False
14,5,8.0,5,Melissa Gilbert,21.0,Maksim Chmerkoskiy,13.94,0.0,100.0,,5,0.0,5,13.0,False,Correctly Predicted Safe,True,9.375,11.657499999999999,False,Correctly Predicted Safe,True,False
14,5,9.0,9,Gavin DeGraw,19.0,Karina Smirnoff,1.77,0.0,13.73,,9,0.8627,9,18.0,True,Correctly Predicted Eliminated,True,8.482142857142858,5.126071428571429,True,Correctly Predicted Eliminated,True,True
14,6,1.0,2,Katherine Jenkins,38.9999,Mark Ballas,17.37,0.0,100.0,,1,0.0,1,2.0,False,Correctly Predicted Safe,True,15.116281323243902,16.24314066162195,False,Correctly Predicted Safe,True,False
14,6,2.0,7,Jaleel White,36.9998,Kym Johnson,5.23,0.0,100.0,,7,0.0,7,9.0,False,Correctly Predicted Safe,True,14.341046661754511,9.785523330877256,False,Correctly Predicted Safe,True,False
14,6,3.0,3,William Levy,36.0,Cheryl Burke,17.37,0.0,100.0,,3,0.0,2,6.0,False,Correctly Predicted Safe,True,13.953526230497527,15.661763115248764,False,Correctly Predicted Safe,True,False
14,6,4.0,1,Donald Driver,33.9999,Peta Murgatroyd,17.37,0.0,100.0,,2,0.0,3,6.0,False,Correctly Predicted Safe,True,13.178291569008135,15.274145784504068,False,Correctly Predicted Safe,True,False
14,6,5.0,5,Melissa Gilbert,30.0,Maksim Chmerkoskiy,13.42,0.0,100.0,,5,0.0,5,10.0,False,Correctly Predicted Safe,True,11.627938525414606,12.523969262707304,False,Correctly Predicted Safe,True,False
14,6,6.0,4,Maria Menounos,29.9999,Derek Hough,17.28,0.0,100.0,,4,0.0,4,10.0,False,Correctly Predicted Safe,True,11.627899765619523,14.453949882809763,False,Correctly Predicted Safe,True,False
14,6,7.0,6,Roshon Fegan,27.9998,Chelsie Hightower,9.7,0.0,100.0,,6,0.0,6,13.0,False,Correctly Predicted Safe,True,10.85266510413013,10.276332552065064,False,Correctly Predicted Safe,True,False
14,6,8.0,8,Gladys Knight,24.0,Tristan MacManus,2.24,0.0,15.69,,8,0.8431,8,16.0,True,Correctly Predicted Eliminated,True,9.302350820331686,5.771175410165843,True,Correctly Predicted Eliminated,True,True
14,7,1.0,4,Maria Menounos,28.5,Derek Hough,17.11,0.0,98.9,,4,0.011,4,5.0,False,Correctly Predicted Safe,True,15.531335149863759,16.32066757493188,False,Correctly Predicted Safe,True,False
14,7,2.0,2,Katherine Jenkins,27.0,Mark Ballas,20.26,0.0,98.9,,2,0.011,1,4.0,False,Correctly Predicted Safe,True,14.713896457765669,17.486948228882834,False,Correctly Predicted Safe,True,False
14,7,3.0,3,William Levy,26.5,Cheryl Burke,20.26,0.0,98.9,,3,0.011,2,6.0,False,Correctly Predicted Safe,True,14.441416893732969,17.350708446866484,False,Correctly Predicted Safe,True,False
14,7,3.0,1,Donald Driver,26.5,Peta Murgatroyd,20.26,0.0,98.9,,1,0.011,3,4.0,False,Correctly Predicted Safe,True,14.441416893732969,17.350708446866484,False,Correctly Predicted Safe,True,False
14,7,5.0,6,Roshon Fegan,26.0,Chelsie Hightower,7.26,0.0,98.9,,6,0.011,6,11.0,False,Correctly Predicted Safe,True,14.168937329700274,10.714468664850138,False,Correctly Predicted Safe,True,False
14,7,6.0,7,Jaleel White,25.5,Kym Johnson,2.25,0.0,14.67,,7,0.8533,7,13.0,True,Correctly Predicted Eliminated,True,13.896457765667575,8.073228882833789,True,Correctly Predicted Eliminated,True,True
14,7,7.0,5,Melissa Gilbert,23.5,Maksim Chmerkoskiy,12.6,1.1,100.0,,5,0.011,5,12.0,False,Correctly Predicted Safe,True,12.806539509536785,12.703269754768392,False,Correctly Predicted Safe,True,False
14,8,1.0,3,William Levy,28.5,Cheryl Burke,23.1,0.0,96.87,,3,0.0313,3,4.0,False,Correctly Predicted Safe,False,17.431192660550458,20.26559633027523,False,Correctly Predicted Safe,True,False
14,8,2.0,6,Roshon Fegan,28.0,Chelsie Hightower,2.73,0.0,16.19,,6,0.8381,6,8.0,False,Incorrectly Predicted Safe,False,17.12538226299694,9.92769113149847,True,Correctly Predicted Eliminated,True,True
14,8,3.0,1,Donald Driver,27.5,Peta Murgatroyd,23.84,0.33,97.2,,1,0.0313,1,4.0,False,Correctly Predicted Safe,False,16.819571865443425,20.329785932721713,False,Correctly Predicted Safe,True,False
14,8,3.0,2,Katherine Jenkins,27.5,Mark Ballas,23.84,0.33,97.2,,2,0.0313,2,5.0,False,Correctly Predicted Safe,False,16.819571865443425,20.329785932721713,False,Correctly Predicted Safe,True,False
14,8,5.0,4,Maria Menounos,26.5,Derek Hough,16.58,0.94,97.81,,4,0.0313,4,9.0,True,Incorrectly Predicted Eliminated,False,16.207951070336392,16.393975535168195,False,Correctly Predicted Safe,True,False
14,8,6.0,5,Melissa Gilbert,25.5,Maksim Chmerkoskiy,9.91,1.54,20.97,,5,0.8057,5,11.0,True,Correctly Predicted Eliminated,False,15.59633027522936,12.75316513761468,True,Correctly Predicted Eliminated,True,True
14,9,1.0,4,Maria Menounos,29.5,Derek Hough,5.42,0.0,24.34,,4,0.7566,4,5.0,False,Incorrectly Predicted Safe,False,25.65217391304348,15.53608695652174,True,Correctly Predicted Eliminated,True,True
14,9,2.0,3,William Levy,29.0,Cheryl Burke,20.69,0.44,97.81,,3,0.0264,3,5.0,False,Correctly Predicted Safe,False,25.217391304347824,22.953695652173913,False,Correctly Predicted Safe,True,False
14,9,3.0,1,Donald Driver,28.5,Peta Murgatroyd,37.76,0.88,98.24,,1,0.0264,1,4.0,False,Correctly Predicted Safe,False,24.782608695652176,31.27130434782609,False,Correctly Predicted Safe,True,False
14,9,4.0,2,Katherine Jenkins,28.0,Mark Ballas,36.13,1.31,98.68,,2,0.0264,2,6.0,True,Incorrectly Predicted Eliminated,False,24.347826086956523,30.238913043478263,False,Correctly Predicted Safe,True,False
14,10,1.0,2,Katherine Jenkins,30.0,Mark Ballas,36.25,0.0,49.81,,2,0.5019,2,3.0,True,Correctly Predicted Eliminated,True,33.58213967483533,34.916069837417666,True,Correctly Predicted Eliminated,True,True
14,10,2.0,3,William Levy,29.666600000000003,Cheryl Burke,9.17,0.0,33.45,,3,0.6655,3,5.0,True,Correctly Predicted Eliminated,True,33.208930162582334,21.189465081291168,True,Correctly Predicted Eliminated,True,True
14,10,2.0,1,Donald Driver,29.666600000000003,Peta Murgatroyd,54.58,33.47,100.0,,1,0.3347,1,3.0,False,Correctly Predicted Safe,True,33.208930162582334,43.894465081291166,False,Correctly Predicted Safe,True,False
15,1,1.0,4,Emmitt Smith,24.5,Cheryl Burke,10.54,0.0,100.0,,2,0.0,1,3.0,False,Correctly Predicted Safe,True,8.860759493670885,9.700379746835441,False,Correctly Predicted Safe,True,False
15,1,2.0,6,Gilles Marini,24.0,Peta Murgatroyd,10.54,0.0,100.0,,3,0.0,2,5.0,False,Correctly Predicted Safe,True,8.679927667269439,9.609963833634719,False,Correctly Predicted Safe,True,False
15,1,3.0,8,Sabrina Bryan,22.5,Louis van Amstel,8.18,0.0,100.0,,8,0.0,8,11.0,False,Correctly Predicted Safe,True,8.1374321880651,8.158716094032549,False,Correctly Predicted Safe,True,False
15,1,4.0,5,Apolo Anton Ohno,22.0,Karina Smirnoff,10.54,0.0,100.0,,4,0.0,3,8.0,False,Correctly Predicted Safe,True,7.956600361663653,9.248300180831826,False,Correctly Predicted Safe,True,False
15,1,4.0,2,Shawn Johnson,22.0,Derek Hough,10.54,0.0,100.0,,5,0.0,4,9.0,False,Correctly Predicted Safe,True,7.956600361663653,9.248300180831826,False,Correctly Predicted Safe,True,False
15,1,6.0,3,Kelly Monaco,21.5,Valentin Chmerkovskiy,10.54,0.0,100.0,,1,0.0,5,7.0,False,Correctly Predicted Safe,True,7.775768535262206,9.157884267631102,False,Correctly Predicted Safe,True,False
15,1,6.0,10,Helio Castroneves,21.5,Chelsie Hightower,5.2,0.0,100.0,,10,0.0,10,16.0,False,Correctly Predicted Safe,True,7.775768535262206,6.487884267631103,False,Correctly Predicted Safe,True,False
15,1,6.0,11,Drew Lachey,21.5,Anna Trebunskaya,3.7,0.0,100.0,,11,0.0,11,17.0,False,Correctly Predicted Safe,True,7.775768535262206,5.737884267631103,False,Correctly Predicted Safe,True,False
15,1,9.0,1,Melissa Rycroft,21.0,Tony Dovolani,10.54,0.0,100.0,,6,0.0,6,15.0,False,Correctly Predicted Safe,True,7.59493670886076,9.06746835443038,False,Correctly Predicted Safe,True,False
15,1,10.0,12,Joey Fatone,20.5,Kym Johnson,2.23,0.0,100.0,,12,0.0,12,22.0,False,Correctly Predicted Safe,True,7.414104882459313,4.822052441229657,False,Correctly Predicted Safe,True,False
15,1,11.0,9,Bristol Palin,19.5,Mark Ballas,6.79,0.0,100.0,,9,0.0,9,20.0,False,Correctly Predicted Safe,True,7.05244122965642,6.92122061482821,False,Correctly Predicted Safe,True,False
15,1,12.0,7,Kirstie Alley,19.0,Maksim Chmerkoskiy,9.82,0.0,100.0,,7,0.0,7,19.0,False,Correctly Predicted Safe,True,6.871609403254973,8.345804701627486,False,Correctly Predicted Safe,True,False
15,1,13.0,13,Pamela Anderson,17.0,Tristan MacManus,0.86,0.0,9.23,,13,0.9077,13,26.0,True,Correctly Predicted Eliminated,True,6.148282097649186,3.504141048824593,True,Correctly Predicted Eliminated,True,True
15,2,1.0,8,Sabrina Bryan,26.0,Louis van Amstel,7.73,0.0,97.59,,8,0.0241,8,9.0,False,Correctly Predicted Safe,False,9.420289855072465,8.575144927536233,False,Correctly Predicted Safe,True,False
15,2,2.0,6,Gilles Marini,25.5,Peta Murgatroyd,11.27,0.0,97.59,,6,0.0241,1,8.0,False,Correctly Predicted Safe,False,9.239130434782608,10.254565217391303,False,Correctly Predicted Safe,True,False
15,2,3.0,2,Shawn Johnson,25.0,Derek Hough,11.45,0.0,97.59,,1,0.0241,2,4.0,False,Correctly Predicted Safe,False,9.057971014492754,10.253985507246377,False,Correctly Predicted Safe,True,False
15,2,4.0,5,Apolo Anton Ohno,24.5,Karina Smirnoff,11.45,0.0,97.59,,5,0.0241,3,9.0,False,Correctly Predicted Safe,False,8.876811594202898,10.163405797101449,False,Correctly Predicted Safe,True,False
15,2,5.0,1,Melissa Rycroft,23.5,Tony Dovolani,11.45,0.0,97.59,,2,0.0241,4,7.0,False,Correctly Predicted Safe,False,8.51449275362319,9.982246376811595,False,Correctly Predicted Safe,True,False
15,2,6.0,10,Helio Castroneves,23.0,Chelsie Hightower,4.33,0.0,97.59,,10,0.0241,10,16.0,False,Correctly Predicted Safe,False,8.333333333333332,6.331666666666666,False,Correctly Predicted Safe,True,False
15,2,7.0,4,Emmitt Smith,22.5,Cheryl Burke,11.45,0.01,97.6,,3,0.0241,5,10.0,False,Correctly Predicted Safe,False,8.152173913043478,9.80108695652174,False,Correctly Predicted Safe,True,False
15,2,7.0,12,Joey Fatone,22.5,Kym Johnson,0.83,0.0,8.51,,12,0.9149,12,19.0,False,Incorrectly Predicted Safe,False,8.152173913043478,4.491086956521739,True,Correctly Predicted Eliminated,True,True
15,2,7.0,11,Drew Lachey,22.5,Anna Trebunskaya,2.59,0.01,97.6,,11,0.0241,11,18.0,False,Correctly Predicted Safe,False,8.152173913043478,5.371086956521739,False,Correctly Predicted Safe,True,False
15,2,10.0,3,Kelly Monaco,22.0,Valentin Chmerkovskiy,11.45,0.19,97.79,,4,0.0241,6,14.0,False,Correctly Predicted Safe,False,7.971014492753622,9.71050724637681,False,Correctly Predicted Safe,True,False
15,2,11.0,7,Kirstie Alley,21.0,Maksim Chmerkoskiy,9.7,0.55,98.15,,7,0.0241,7,18.0,False,Correctly Predicted Safe,False,7.608695652173914,8.654347826086957,False,Correctly Predicted Safe,True,False
15,2,12.0,9,Bristol Palin,18.0,Mark Ballas,6.3,1.64,99.24,,9,0.0241,9,21.0,True,Incorrectly Predicted Eliminated,False,6.521739130434782,6.410869565217391,False,Correctly Predicted Safe,True,False
15,3,1.0,3,Kelly Monaco,27.0,Valentin Chmerkovskiy,12.54,0.0,98.14,,1,0.0186,1,2.0,False,Correctly Predicted Safe,False,9.712230215827338,11.12611510791367,False,Correctly Predicted Safe,True,False
15,3,1.0,1,Melissa Rycroft,27.0,Tony Dovolani,12.54,0.0,98.14,,2,0.0186,2,3.0,False,Correctly Predicted Safe,False,9.712230215827338,11.12611510791367,False,Correctly Predicted Safe,True,False
15,3,3.0,2,Shawn Johnson,26.5,Derek Hough,12.54,0.0,98.14,,3,0.0186,3,6.0,False,Correctly Predicted Safe,False,9.532374100719425,11.036187050359711,False,Correctly Predicted Safe,True,False
15,3,4.0,6,Gilles Marini,25.5,Peta Murgatroyd,11.4,0.01,98.15,,6,0.0186,6,10.0,False,Correctly Predicted Safe,False,9.172661870503598,10.286330935251799,False,Correctly Predicted Safe,True,False
15,3,4.0,8,Sabrina Bryan,25.5,Louis van Amstel,7.21,0.01,98.15,,8,0.0186,8,12.0,False,Correctly Predicted Safe,False,9.172661870503598,8.191330935251798,False,Correctly Predicted Safe,True,False
15,3,4.0,5,Apolo Anton Ohno,25.5,Karina Smirnoff,12.54,0.01,98.15,,4,0.0186,4,8.0,False,Correctly Predicted Safe,False,9.172661870503598,10.856330935251798,False,Correctly Predicted Safe,True,False
15,3,4.0,10,Helio Castroneves,25.5,Chelsie Hightower,3.03,0.0,9.96,,10,0.9004,10,14.0,False,Incorrectly Predicted Safe,False,9.172661870503598,6.101330935251799,True,Correctly Predicted Eliminated,True,True
15,3,8.0,4,Emmitt Smith,25.0,Cheryl Burke,12.54,0.19,98.33,,5,0.0186,5,13.0,False,Correctly Predicted Safe,False,8.992805755395683,10.76640287769784,False,Correctly Predicted Safe,True,False
15,3,9.0,7,Kirstie Alley,24.0,Maksim Chmerkoskiy,9.37,0.55,98.69,,7,0.0186,7,16.0,False,Correctly Predicted Safe,False,8.633093525179856,9.001546762589928,False,Correctly Predicted Safe,True,False
15,3,9.0,11,Drew Lachey,24.0,Anna Trebunskaya,1.01,0.0,9.53,,11,0.9047,11,20.0,True,Correctly Predicted Eliminated,False,8.633093525179856,4.821546762589928,True,Correctly Predicted Eliminated,True,True
15,3,11.0,9,Bristol Palin,22.5,Mark Ballas,5.26,1.09,99.23,,9,0.0186,9,20.0,True,Incorrectly Predicted Eliminated,False,8.093525179856115,6.676762589928058,False,Correctly Predicted Safe,True,False
15,4,1.0,6,Gilles Marini,39.5,Peta Murgatroyd,10.47,0.0,99.37,,6,0.0063,6,7.0,False,Correctly Predicted Safe,True,12.28615863141524,11.37807931570762,False,Correctly Predicted Safe,True,False
15,4,1.0,2,Shawn Johnson,39.5,Derek Hough,15.46,0.0,99.37,,2,0.0063,1,3.0,False,Correctly Predicted Safe,True,12.28615863141524,13.87307931570762,False,Correctly Predicted Safe,True,False
15,4,3.0,3,Kelly Monaco,37.5,Valentin Chmerkovskiy,15.46,0.0,99.37,,3,0.0063,2,6.0,False,Correctly Predicted Safe,True,11.66407465007776,13.56203732503888,False,Correctly Predicted Safe,True,False
15,4,4.0,1,Melissa Rycroft,37.0,Tony Dovolani,15.46,0.0,99.37,,4,0.0063,3,8.0,False,Correctly Predicted Safe,True,11.508553654743391,13.484276827371696,False,Correctly Predicted Safe,True,False
15,4,5.0,4,Emmitt Smith,36.0,Cheryl Burke,15.46,0.0,99.37,,1,0.0063,4,6.0,False,Correctly Predicted Safe,True,11.19751166407465,13.328755832037325,False,Correctly Predicted Safe,True,False
15,4,6.0,8,Sabrina Bryan,35.5,Louis van Amstel,4.48,0.0,99.37,,8,0.0063,8,14.0,False,Correctly Predicted Safe,True,11.04199066874028,7.76099533437014,False,Correctly Predicted Safe,True,False
15,4,7.0,5,Apolo Anton Ohno,34.5,Karina Smirnoff,13.81,0.0,99.37,,5,0.0063,5,12.0,False,Correctly Predicted Safe,True,10.730948678071538,12.270474339035768,False,Correctly Predicted Safe,True,False
15,4,8.0,9,Bristol Palin,32.0,Mark Ballas,1.55,0.0,12.26,,9,0.8774,9,17.0,True,Correctly Predicted Eliminated,True,9.953343701399689,5.751671850699845,True,Correctly Predicted Eliminated,True,True
15,4,9.0,7,Kirstie Alley,30.0,Maksim Chmerkoskiy,7.84,0.63,100.0,,7,0.0063,7,16.0,False,Correctly Predicted Safe,True,9.331259720062208,8.585629860031105,False,Correctly Predicted Safe,True,False
15,6,1.0,8,Sabrina Bryan,59.25,Louis van Amstel,1.58,0.0,11.77,,8,0.8823,8,9.0,False,Incorrectly Predicted Safe,False,13.218070273284996,7.399035136642498,True,Correctly Predicted Eliminated,True,True
15,6,2.0,5,Apolo Anton Ohno,58.25,Karina Smirnoff,13.3,0.23,94.42,,5,0.0581,5,7.0,False,Correctly Predicted Safe,False,12.994980479643056,13.14749023982153,False,Correctly Predicted Safe,True,False
15,6,3.0,1,Melissa Rycroft,57.75,Tony Dovolani,17.53,0.34,94.53,,1,0.0581,1,4.0,False,Correctly Predicted Safe,False,12.883435582822086,15.206717791411045,False,Correctly Predicted Safe,True,False
15,6,4.0,2,Shawn Johnson,56.25,Derek Hough,17.53,0.68,94.86,,2,0.0581,2,6.0,False,Correctly Predicted Safe,False,12.548800892359175,15.039400446179588,False,Correctly Predicted Safe,True,False
15,6,5.0,6,Gilles Marini,55.75,Peta Murgatroyd,9.51,0.79,94.98,,6,0.0581,6,11.0,False,Correctly Predicted Safe,False,12.437255995538205,10.973627997769103,False,Correctly Predicted Safe,True,False
15,6,7.0,7,Kirstie Alley,53.75,Maksim Chmerkoskiy,5.69,1.24,95.42,,7,0.0581,7,14.0,True,Incorrectly Predicted Eliminated,False,11.991076408254322,8.840538204127162,False,Correctly Predicted Safe,True,False
15,6,8.0,3,Kelly Monaco,52.75,Valentin Chmerkovskiy,17.53,1.46,95.65,,3,0.0581,4,11.0,False,Correctly Predicted Safe,False,11.767986614612381,14.648993307306192,False,Correctly Predicted Safe,True,False
15,6,6.0,4,Emmitt Smith,54.5,Cheryl Burke,17.34,1.07,95.26,,4,0.0581,3,10.0,False,Correctly Predicted Safe,False,12.158393753485779,14.74919687674289,False,Correctly Predicted Safe,True,False
15,8,1.0,1,Melissa Rycroft,68.9999,Tony Dovolani,20.2,0.0,99.88,,2,0.0012,1,3.0,False,Correctly Predicted Safe,False,15.636424946071251,17.918212473035624,False,Correctly Predicted Safe,True,False
15,8,5.0,6,Gilles Marini,62.7775,Peta Murgatroyd,7.23,0.0,17.08,,6,0.8292,6,11.0,False,Incorrectly Predicted Safe,False,14.226334633122484,10.728167316561242,True,Correctly Predicted Eliminated,True,True
15,8,6.0,5,Apolo Anton Ohno,62.2777,Karina Smirnoff,12.3,0.12,100.0,,5,0.0012,5,11.0,True,Incorrectly Predicted Eliminated,False,14.113072364799685,13.206536182399843,False,Correctly Predicted Safe,True,False
15,8,4.0,4,Emmitt Smith,63.5553,Cheryl Burke,17.29,0.0,99.88,,4,0.0012,4,8.0,False,Correctly Predicted Safe,False,14.40259592224108,15.84629796112054,False,Correctly Predicted Safe,True,False
15,8,3.0,3,Kelly Monaco,64.33330000000001,Valentin Chmerkovskiy,20.2,0.0,99.88,,3,0.0012,3,6.0,False,Correctly Predicted Safe,False,14.57890253439622,17.389451267198112,False,Correctly Predicted Safe,True,False
15,8,2.0,2,Shawn Johnson,65.8331,Derek Hough,20.2,0.0,99.88,,1,0.0012,2,3.0,False,Correctly Predicted Safe,False,14.918779985437707,17.559389992718852,False,Correctly Predicted Safe,True,False
15,8,7.0,7,Kirstie Alley,53.4999,Maksim Chmerkoskiy,2.6,0.0,16.43,,7,0.8357,7,14.0,True,Correctly Predicted Eliminated,False,12.123889613931576,7.361944806965788,True,Correctly Predicted Eliminated,True,True
15,9,1.0,2,Shawn Johnson,29.5,Derek Hough,29.3,0.0,97.76,,1,0.0224,1,2.0,False,Correctly Predicted Safe,True,20.922030330560982,25.11101516528049,False,Correctly Predicted Safe,True,False
15,9,2.0,1,Melissa Rycroft,28.7777,Tony Dovolani,29.3,0.0,97.76,,2,0.0224,2,4.0,False,Correctly Predicted Safe,True,20.40975973707745,24.854879868538724,False,Correctly Predicted Safe,True,False
15,9,3.0,5,Apolo Anton Ohno,28.611,Karina Smirnoff,3.82,0.0,19.69,,5,0.8031,5,8.0,True,Correctly Predicted Eliminated,True,20.291532535175605,12.055766267587803,True,Correctly Predicted Eliminated,True,True
15,9,4.0,3,Kelly Monaco,27.111,Valentin Chmerkovskiy,23.67,1.08,98.85,,3,0.0224,3,7.0,False,Correctly Predicted Safe,True,19.227700484469114,21.448850242234556,False,Correctly Predicted Safe,True,False
15,9,5.0,4,Emmitt Smith,27.0,Cheryl Burke,13.92,1.15,25.77,,4,0.7538,4,9.0,True,Correctly Predicted Eliminated,True,19.148976912716833,16.534488456358417,True,Correctly Predicted Eliminated,True,True
15,10,1.0,1,Melissa Rycroft,29.3331,Tony Dovolani,54.47,33.11,99.8,,1,0.3331,1,2.0,False,Correctly Predicted Safe,True,33.56639275509422,44.01819637754711,False,Correctly Predicted Safe,True,False
15,10,2.0,3,Kelly Monaco,29.1109,Valentin Chmerkovskiy,9.09,0.0,33.34,,3,0.6666,3,5.0,True,Correctly Predicted Eliminated,True,33.31212530739241,21.201062653696205,True,Correctly Predicted Eliminated,True,True
15,10,3.0,2,Shawn Johnson,28.9443,Derek Hough,36.43,0.2,50.22,,2,0.4998,2,5.0,True,Correctly Predicted Eliminated,True,33.12148193751337,34.775740968756686,True,Correctly Predicted Eliminated,True,True
16,2,1.0,2,Zendaya,50.0,Valentin Chmerkovskiy,11.38,0.0,98.27,,5,0.0173,1,6.0,False,Correctly Predicted Safe,False,10.570824524312897,10.97541226215645,False,Correctly Predicted Safe,True,False
16,2,2.0,1,Kellie Pickler,47.0,Derek Hough,11.38,0.0,98.27,,3,0.0173,2,5.0,False,Correctly Predicted Safe,False,9.936575052854122,10.658287526427062,False,Correctly Predicted Safe,True,False
16,2,3.0,4,Alexandra Raisman,45.0,Mark Ballas,11.38,0.0,98.27,,4,0.0173,3,7.0,False,Correctly Predicted Safe,False,9.513742071881607,10.446871035940804,False,Correctly Predicted Safe,True,False
16,2,4.0,3,Jacoby Jones,43.0,Karina Smirnoff,11.38,0.0,98.27,,1,0.0173,4,5.0,False,Correctly Predicted Safe,False,9.090909090909092,10.235454545454546,False,Correctly Predicted Safe,True,False
16,2,5.0,5,Ingo Rademacher,40.0,Kym Johnson,11.38,0.0,98.27,,2,0.0173,5,7.0,False,Correctly Predicted Safe,False,8.456659619450317,9.918329809725158,False,Correctly Predicted Safe,True,False
16,2,7.0,7,Andy Dick,37.0,Sharna Burgess,9.62,0.0,98.27,,7,0.0173,7,14.0,False,Correctly Predicted Safe,False,7.822410147991543,8.72120507399577,False,Correctly Predicted Safe,True,False
16,2,6.0,6,Sean Lowe,39.0,Peta Murgatroyd,11.32,0.0,98.27,,6,0.0173,6,12.0,False,Correctly Predicted Safe,False,8.24524312896406,9.78262156448203,False,Correctly Predicted Safe,True,False
16,2,8.0,8,Victor Ortiz,36.0,Lindsay Arnold,7.89,0.01,98.28,,8,0.0173,8,16.0,False,Correctly Predicted Safe,False,7.6109936575052854,7.750496828752643,False,Correctly Predicted Safe,True,False
16,2,8.0,11,Wynonna Judd,36.0,Tony Dovolani,2.64,0.01,98.28,,11,0.0173,11,19.0,False,Correctly Predicted Safe,False,7.6109936575052854,5.125496828752643,False,Correctly Predicted Safe,True,False
16,2,8.0,10,Lisa Vanderpump,36.0,Gleb Savchenko,4.39,0.01,98.28,,10,0.0173,10,18.0,False,Correctly Predicted Safe,False,7.6109936575052854,6.000496828752643,False,Correctly Predicted Safe,True,False
16,2,12.0,9,D. L. Hughley,28.0,Cheryl Burke,6.33,1.7,99.97,,9,0.0173,9,21.0,True,Incorrectly Predicted Eliminated,False,5.9196617336152215,6.124830866807611,False,Correctly Predicted Safe,True,False
16,2,8.0,12,Dorothy Hamill,36.0,Tristan MacManus,0.89,0.0,9.05,,12,0.9095,12,20.0,False,Incorrectly Predicted Safe,False,7.6109936575052854,4.250496828752643,True,Correctly Predicted Eliminated,True,True
16,3,1.0,2,Zendaya,25.9998,Valentin Chmerkovskiy,12.48,0.0,100.0,,1,0.0,1,2.0,False,Correctly Predicted Safe,True,11.063763512788958,11.771881756394478,False,Correctly Predicted Safe,True,False
16,3,1.0,3,Jacoby Jones,25.9998,Karina Smirnoff,12.48,0.0,100.0,,2,0.0,2,3.0,False,Correctly Predicted Safe,True,11.063763512788958,11.771881756394478,False,Correctly Predicted Safe,True,False
16,3,3.0,1,Kellie Pickler,25.0,Derek Hough,12.48,0.0,100.0,,5,0.0,3,8.0,False,Correctly Predicted Safe,True,10.638315980112308,11.559157990056153,False,Correctly Predicted Safe,True,False
16,3,4.0,8,Victor Ortiz,23.0,Lindsay Arnold,7.1,0.0,100.0,,8,0.0,8,12.0,False,Correctly Predicted Safe,True,9.787250701703321,8.443625350851661,False,Correctly Predicted Safe,True,False
16,3,4.0,4,Alexandra Raisman,23.0,Mark Ballas,12.48,0.0,100.0,,3,0.0,4,7.0,False,Correctly Predicted Safe,True,9.787250701703321,11.133625350851661,False,Correctly Predicted Safe,True,False
16,3,6.0,5,Ingo Rademacher,21.0,Kym Johnson,12.48,0.0,100.0,,4,0.0,5,10.0,False,Correctly Predicted Safe,True,8.936185423294338,10.708092711647168,False,Correctly Predicted Safe,True,False
16,3,6.0,10,Lisa Vanderpump,21.0,Gleb Savchenko,3.04,0.0,100.0,,10,0.0,10,16.0,False,Correctly Predicted Safe,True,8.936185423294338,5.98809271164717,False,Correctly Predicted Safe,True,False
16,3,6.0,6,Sean Lowe,21.0,Peta Murgatroyd,11.36,0.0,100.0,,6,0.0,6,12.0,False,Correctly Predicted Safe,True,8.936185423294338,10.14809271164717,False,Correctly Predicted Safe,True,False
16,3,9.0,7,Andy Dick,18.0,Sharna Burgess,9.44,0.0,100.0,,7,0.0,7,16.0,False,Correctly Predicted Safe,True,7.659587505680861,8.54979375284043,False,Correctly Predicted Safe,True,False
16,3,10.0,9,D. L. Hughley,16.0,Cheryl Burke,5.39,0.0,100.0,,9,0.0,9,19.0,False,Correctly Predicted Safe,True,6.808522227271877,6.099261113635938,False,Correctly Predicted Safe,True,False
16,3,11.0,11,Wynonna Judd,15.0,Tony Dovolani,1.28,0.0,11.79,,11,0.8821,11,22.0,True,Correctly Predicted Eliminated,True,6.3829895880673835,3.831494794033692,True,Correctly Predicted Eliminated,True,True
16,4,1.0,4,Alexandra Raisman,27.0,Mark Ballas,13.74,0.0,99.99,,2,0.0001,1,3.0,False,Correctly Predicted Safe,True,12.053571428571429,12.896785714285715,False,Correctly Predicted Safe,True,False
16,4,2.0,2,Zendaya,26.0,Valentin Chmerkovskiy,13.74,0.0,99.99,,1,0.0001,2,3.0,False,Correctly Predicted Safe,True,11.607142857142858,12.673571428571428,False,Correctly Predicted Safe,True,False
16,4,2.0,1,Kellie Pickler,26.0,Derek Hough,13.74,0.0,99.99,,3,0.0001,3,5.0,False,Correctly Predicted Safe,True,11.607142857142858,12.673571428571428,False,Correctly Predicted Safe,True,False
16,4,4.0,3,Jacoby Jones,24.0,Karina Smirnoff,13.74,0.0,99.99,,4,0.0001,4,8.0,False,Correctly Predicted Safe,True,10.714285714285714,12.227142857142857,False,Correctly Predicted Safe,True,False
16,4,5.0,5,Ingo Rademacher,23.0,Kym Johnson,13.58,0.0,99.99,,5,0.0001,5,10.0,False,Correctly Predicted Safe,True,10.267857142857142,11.923928571428572,False,Correctly Predicted Safe,True,False
16,4,6.0,9,D. L. Hughley,21.0,Cheryl Burke,3.71,0.0,99.99,,9,0.0001,9,15.0,False,Correctly Predicted Safe,True,9.375,6.5425,False,Correctly Predicted Safe,True,False
16,4,6.0,7,Andy Dick,21.0,Sharna Burgess,8.71,0.0,99.99,,7,0.0001,7,13.0,False,Correctly Predicted Safe,True,9.375,9.0425,False,Correctly Predicted Safe,True,False
16,4,8.0,6,Sean Lowe,20.0,Peta Murgatroyd,11.26,0.0,99.99,,6,0.0001,6,14.0,False,Correctly Predicted Safe,True,8.928571428571429,10.094285714285714,False,Correctly Predicted Safe,True,False
16,4,9.0,8,Victor Ortiz,18.0,Lindsay Arnold,6.39,0.01,100.0,,8,0.0001,8,17.0,False,Correctly Predicted Safe,True,8.035714285714286,7.212857142857143,False,Correctly Predicted Safe,True,False
16,4,9.0,10,Lisa Vanderpump,18.0,Gleb Savchenko,1.39,0.0,11.96,,10,0.8804,10,19.0,True,Correctly Predicted Eliminated,True,8.035714285714286,4.7128571428571435,True,Correctly Predicted Eliminated,True,True
16,5,1.0,2,Zendaya,29.0,Valentin Chmerkovskiy,15.36,0.0,99.99,,1,0.0001,1,2.0,False,Correctly Predicted Safe,True,13.875598086124402,14.6177990430622,False,Correctly Predicted Safe,True,False
16,5,2.0,1,Kellie Pickler,27.0,Derek Hough,15.36,0.0,99.99,,2,0.0001,2,4.0,False,Correctly Predicted Safe,True,12.918660287081341,14.13933014354067,False,Correctly Predicted Safe,True,False
16,5,3.0,3,Jacoby Jones,26.0,Karina Smirnoff,15.36,0.0,99.99,,3,0.0001,3,6.0,False,Correctly Predicted Safe,True,12.440191387559809,13.900095693779903,False,Correctly Predicted Safe,True,False
16,5,4.0,4,Alexandra Raisman,25.0,Mark Ballas,15.36,0.0,99.99,,4,0.0001,4,8.0,False,Correctly Predicted Safe,True,11.961722488038278,13.660861244019138,False,Correctly Predicted Safe,True,False
16,5,5.0,6,Sean Lowe,24.0,Peta Murgatroyd,10.52,0.0,99.99,,6,0.0001,6,11.0,False,Correctly Predicted Safe,True,11.483253588516746,11.001626794258373,False,Correctly Predicted Safe,True,False
16,5,6.0,5,Ingo Rademacher,21.0,Kym Johnson,13.81,0.0,99.99,,5,0.0001,5,11.0,False,Correctly Predicted Safe,True,10.047846889952153,11.928923444976077,False,Correctly Predicted Safe,True,False
16,5,6.0,8,Victor Ortiz,21.0,Lindsay Arnold,4.6,0.0,99.99,,8,0.0001,8,14.0,False,Correctly Predicted Safe,True,10.047846889952153,7.323923444976076,False,Correctly Predicted Safe,True,False
16,5,8.0,9,D. L. Hughley,18.0,Cheryl Burke,1.75,0.0,13.6,,9,0.864,9,17.0,True,Correctly Predicted Eliminated,True,8.61244019138756,5.18122009569378,True,Correctly Predicted Eliminated,True,True
16,5,8.0,7,Andy Dick,18.0,Sharna Burgess,7.89,0.01,100.0,,7,0.0001,7,15.0,False,Correctly Predicted Safe,True,8.61244019138756,8.25122009569378,False,Correctly Predicted Safe,True,False
16,6,1.0,1,Kellie Pickler,27.0,Derek Hough,17.45,0.0,100.0,,2,0.0,1,3.0,False,Correctly Predicted Safe,True,14.323607427055704,15.88680371352785,False,Correctly Predicted Safe,True,False
16,6,2.0,4,Alexandra Raisman,26.0,Mark Ballas,16.98,0.0,100.0,,4,0.0,3,6.0,False,Correctly Predicted Safe,True,13.793103448275861,15.38655172413793,False,Correctly Predicted Safe,True,False
16,6,3.0,2,Zendaya,25.5,Valentin Chmerkovskiy,17.45,0.0,100.0,,3,0.0,2,6.0,False,Correctly Predicted Safe,True,13.527851458885943,15.488925729442972,False,Correctly Predicted Safe,True,False
16,6,4.0,5,Ingo Rademacher,23.0,Kym Johnson,13.38,0.0,100.0,,5,0.0,5,9.0,False,Correctly Predicted Safe,True,12.20159151193634,12.790795755968169,False,Correctly Predicted Safe,True,False
16,6,4.0,6,Sean Lowe,23.0,Peta Murgatroyd,9.5,0.0,100.0,,6,0.0,6,10.0,False,Correctly Predicted Safe,True,12.20159151193634,10.85079575596817,False,Correctly Predicted Safe,True,False
16,6,6.0,3,Jacoby Jones,22.5,Karina Smirnoff,17.45,0.0,100.0,,1,0.0,4,7.0,False,Correctly Predicted Safe,True,11.936339522546419,14.693169761273209,False,Correctly Predicted Safe,True,False
16,6,7.0,7,Andy Dick,21.5,Sharna Burgess,5.76,0.0,100.0,,7,0.0,7,14.0,False,Correctly Predicted Safe,True,11.405835543766578,8.582917771883288,False,Correctly Predicted Safe,True,False
16,6,8.0,8,Victor Ortiz,20.0,Lindsay Arnold,2.03,0.0,14.38,,8,0.8562,8,16.0,True,Correctly Predicted Eliminated,True,10.610079575596817,6.320039787798408,True,Correctly Predicted Eliminated,True,True
16,7,1.0,4,Alexandra Raisman,32.0,Mark Ballas,16.63,0.0,100.0,,4,0.0,4,5.0,False,Correctly Predicted Safe,True,17.391304347826086,17.010652173913044,False,Correctly Predicted Safe,True,False
16,7,2.0,2,Zendaya,30.0,Valentin Chmerkovskiy,20.13,0.0,100.0,,1,0.0,1,3.0,False,Correctly Predicted Safe,True,16.304347826086957,18.217173913043478,False,Correctly Predicted Safe,True,False
16,7,3.0,1,Kellie Pickler,29.0,Derek Hough,20.13,0.0,100.0,,2,0.0,2,5.0,False,Correctly Predicted Safe,True,15.760869565217392,17.945434782608697,False,Correctly Predicted Safe,True,False
16,7,4.0,3,Jacoby Jones,27.0,Karina Smirnoff,20.13,0.0,100.0,,3,0.0,3,7.0,False,Correctly Predicted Safe,True,14.673913043478262,17.40195652173913,False,Correctly Predicted Safe,True,False
16,7,5.0,5,Ingo Rademacher,25.0,Kym Johnson,12.36,0.0,100.0,,5,0.0,5,10.0,False,Correctly Predicted Safe,True,13.586956521739129,12.973478260869564,False,Correctly Predicted Safe,True,False
16,7,6.0,6,Sean Lowe,24.0,Peta Murgatroyd,7.44,0.0,100.0,,6,0.0,6,12.0,False,Correctly Predicted Safe,True,13.043478260869565,10.241739130434782,False,Correctly Predicted Safe,True,False
16,7,7.0,7,Andy Dick,17.0,Sharna Burgess,3.17,0.0,19.32,,7,0.8068,7,14.0,True,Correctly Predicted Eliminated,True,9.239130434782608,6.204565217391304,True,Correctly Predicted Eliminated,True,True
16,8,1.0,2,Zendaya,29.0,Valentin Chmerkovskiy,23.69,0.0,100.0,,2,0.0,1,3.0,False,Correctly Predicted Safe,True,18.64951768488746,21.16975884244373,False,Correctly Predicted Safe,True,False
16,8,2.0,4,Alexandra Raisman,28.0,Mark Ballas,16.04,0.0,100.0,,4,0.0,4,6.0,False,Correctly Predicted Safe,True,18.006430868167204,17.023215434083603,False,Correctly Predicted Safe,True,False
16,8,3.0,1,Kellie Pickler,27.5,Derek Hough,23.69,0.0,100.0,,1,0.0,2,4.0,False,Correctly Predicted Safe,True,17.684887459807076,20.68744372990354,False,Correctly Predicted Safe,True,False
16,8,4.0,3,Jacoby Jones,26.0,Karina Smirnoff,23.12,0.0,100.0,,3,0.0,3,7.0,False,Correctly Predicted Safe,True,16.720257234726688,19.920128617363346,False,Correctly Predicted Safe,True,False
16,8,5.0,5,Ingo Rademacher,24.0,Kym Johnson,9.88,0.0,100.0,,5,0.0,5,10.0,False,Correctly Predicted Safe,True,15.434083601286176,12.65704180064309,False,Correctly Predicted Safe,True,False
16,8,6.0,6,Sean Lowe,21.0,Peta Murgatroyd,3.57,0.0,19.82,,6,0.8018,6,12.0,True,Correctly Predicted Eliminated,True,13.504823151125404,8.537411575562702,True,Correctly Predicted Eliminated,True,True
16,9,1.0,4,Alexandra Raisman,29.5,Mark Ballas,13.45,0.0,100.0,,4,0.0,4,5.0,False,Correctly Predicted Safe,True,20.921985815602838,17.18599290780142,False,Correctly Predicted Safe,True,False
16,9,1.0,3,Jacoby Jones,29.5,Karina Smirnoff,23.25,0.0,100.0,,3,0.0,3,4.0,False,Correctly Predicted Safe,True,20.921985815602838,22.08599290780142,False,Correctly Predicted Safe,True,False
16,9,3.0,1,Kellie Pickler,29.0,Derek Hough,29.4,0.0,100.0,,1,0.0,1,4.0,False,Correctly Predicted Safe,True,20.56737588652482,24.98368794326241,False,Correctly Predicted Safe,True,False
16,9,4.0,2,Zendaya,27.5,Valentin Chmerkovskiy,29.4,0.0,100.0,,2,0.0,2,6.0,False,Correctly Predicted Safe,True,19.50354609929078,24.45177304964539,False,Correctly Predicted Safe,True,False
16,9,5.0,5,Ingo Rademacher,25.5,Kym Johnson,4.48,0.0,21.91,,5,0.7809,5,10.0,True,Correctly Predicted Eliminated,True,18.085106382978726,11.282553191489363,True,Correctly Predicted Eliminated,True,True
16,10,1.0,2,Zendaya,30.0,Valentin Chmerkovskiy,35.52,0.0,49.56,,2,0.5044,2,3.0,True,Correctly Predicted Eliminated,True,25.641047556450903,30.580523778225455,True,Correctly Predicted Eliminated,True,True
16,10,1.0,1,Kellie Pickler,30.0,Derek Hough,37.64,24.37,99.14,,1,0.2524,1,2.0,False,Correctly Predicted Safe,True,25.641047556450903,31.64052377822545,False,Correctly Predicted Safe,True,False
16,10,3.0,4,Alexandra Raisman,29.0,Mark Ballas,5.73,0.0,25.2,,4,0.748,4,7.0,True,Correctly Predicted Eliminated,True,24.786345971235875,15.258172985617938,True,Correctly Predicted Eliminated,True,True
16,10,4.0,3,Jacoby Jones,27.9999,Karina Smirnoff,21.11,0.86,34.46,,3,0.664,3,7.0,True,Correctly Predicted Eliminated,True,23.931558915862322,22.520779457931162,True,Correctly Predicted Eliminated,True,True
17,2,2.0,2,Corbin Bleu,50.0,Karina Smirnoff,11.43,0.0,99.22,,1,0.0078,2,3.0,False,Correctly Predicted Safe,False,9.578544061302683,10.504272030651341,False,Correctly Predicted Safe,True,False
17,2,3.0,6,Elizabeth Berkley Lauren,49.0,Valentin Chmerkovskiy,11.23,0.0,99.22,,6,0.0078,3,9.0,False,Correctly Predicted Safe,False,9.386973180076629,10.308486590038314,False,Correctly Predicted Safe,True,False
17,2,4.0,9,Christina Milian,47.0,Mark Ballas,6.0,0.0,99.22,,9,0.0078,9,13.0,False,Correctly Predicted Safe,False,9.003831417624522,7.501915708812261,False,Correctly Predicted Safe,True,False
17,2,6.0,5,Leah Remini,45.0,Tony Dovolani,11.43,0.0,99.22,,2,0.0078,5,8.0,False,Correctly Predicted Safe,False,8.620689655172415,10.025344827586206,False,Correctly Predicted Safe,True,False
17,2,1.0,1,Amber Riley,51.0,Derek Hough,11.43,0.0,99.22,,3,0.0078,1,4.0,False,Correctly Predicted Safe,False,9.770114942528735,10.600057471264368,False,Correctly Predicted Safe,True,False
17,2,4.0,3,Jack Osbourne,47.0,Cheryl Burke,11.43,0.0,99.22,,4,0.0078,4,8.0,False,Correctly Predicted Safe,False,9.003831417624522,10.21691570881226,False,Correctly Predicted Safe,True,False
17,2,6.0,7,Brant Daugherty,45.0,Peta Murgatroyd,9.56,0.0,99.22,,7,0.0078,7,13.0,False,Correctly Predicted Safe,False,8.620689655172415,9.090344827586208,False,Correctly Predicted Safe,True,False
17,2,10.0,4,Bill Engvall,39.0,Emma Slater,11.43,0.0,99.22,,5,0.0078,6,15.0,False,Correctly Predicted Safe,False,7.471264367816093,9.450632183908047,False,Correctly Predicted Safe,True,False
17,2,8.0,8,"Nicole ""Snooki"" Polizzi",43.0,Sasha Farber,7.85,0.0,99.22,,8,0.0078,8,16.0,False,Correctly Predicted Safe,False,8.237547892720306,8.043773946360153,False,Correctly Predicted Safe,True,False
17,2,9.0,10,Valerie Harper,40.0,Tristan MacManus,4.4,0.0,99.22,,10,0.0078,10,19.0,False,Correctly Predicted Safe,False,7.662835249042145,6.031417624521072,False,Correctly Predicted Safe,True,False
17,2,11.0,12,Keyshawn Johnson,35.0,Sharna Burgess,0.99,0.0,9.95,,12,0.9005,12,23.0,False,Incorrectly Predicted Safe,False,6.704980842911877,3.8474904214559387,True,Correctly Predicted Eliminated,True,True
17,2,12.0,11,Bill Nye,31.0,Tyne Stecklein,2.84,0.78,100.0,,11,0.0078,11,23.0,True,Incorrectly Predicted Eliminated,False,5.938697318007663,4.389348659003831,False,Correctly Predicted Safe,True,False
17,3,1.0,7,Brant Daugherty,27.0,Peta Murgatroyd,9.13,0.0,99.99,,7,0.0001,7,8.0,False,Correctly Predicted Safe,True,10.588235294117647,9.859117647058824,False,Correctly Predicted Safe,True,False
17,3,2.0,2,Corbin Bleu,26.0,Karina Smirnoff,12.55,0.0,99.99,,1,0.0001,1,3.0,False,Correctly Predicted Safe,True,10.196078431372548,11.373039215686275,False,Correctly Predicted Safe,True,False
17,3,2.0,9,Christina Milian,26.0,Mark Ballas,4.99,0.0,99.99,,9,0.0001,9,11.0,False,Correctly Predicted Safe,True,10.196078431372548,7.593039215686274,False,Correctly Predicted Safe,True,False
17,3,4.0,6,Elizabeth Berkley Lauren,25.0,Valentin Chmerkovskiy,11.32,0.0,99.99,,6,0.0001,6,10.0,False,Correctly Predicted Safe,True,9.803921568627452,10.561960784313726,False,Correctly Predicted Safe,True,False
17,3,4.0,8,"Nicole ""Snooki"" Polizzi",25.0,Sasha Farber,7.13,0.0,99.99,,8,0.0001,8,12.0,False,Correctly Predicted Safe,True,9.803921568627452,8.466960784313725,False,Correctly Predicted Safe,True,False
17,3,6.0,5,Leah Remini,24.0,Tony Dovolani,12.55,0.0,99.99,,2,0.0001,2,8.0,False,Correctly Predicted Safe,True,9.411764705882353,10.980882352941176,False,Correctly Predicted Safe,True,False
17,3,6.0,1,Amber Riley,24.0,Derek Hough,12.55,0.0,99.99,,3,0.0001,3,9.0,False,Correctly Predicted Safe,True,9.411764705882353,10.980882352941176,False,Correctly Predicted Safe,True,False
17,3,6.0,4,Bill Engvall,24.0,Emma Slater,12.55,0.0,99.99,,5,0.0001,4,11.0,False,Correctly Predicted Safe,True,9.411764705882353,10.980882352941176,False,Correctly Predicted Safe,True,False
17,3,9.0,3,Jack Osbourne,22.0,Cheryl Burke,12.55,0.0,99.99,,4,0.0001,5,13.0,False,Correctly Predicted Safe,True,8.627450980392156,10.58872549019608,False,Correctly Predicted Safe,True,False
17,3,10.0,10,Valerie Harper,16.0,Tristan MacManus,3.4,0.01,100.0,,10,0.0001,10,20.0,False,Correctly Predicted Safe,True,6.2745098039215685,4.837254901960784,False,Correctly Predicted Safe,True,False
17,3,10.0,11,Bill Nye,16.0,Tyne Stecklein,1.3,0.0,11.9,,11,0.881,11,21.0,True,Correctly Predicted Eliminated,True,6.2745098039215685,3.787254901960784,True,Correctly Predicted Eliminated,True,True
17,4,1.0,6,Elizabeth Berkley Lauren,27.0,Valentin Chmerkovskiy,10.99,0.0,100.0,,6,0.0,6,7.0,False,Correctly Predicted Safe,True,11.39240506329114,11.191202531645569,False,Correctly Predicted Safe,True,False
17,4,1.0,2,Corbin Bleu,27.0,Karina Smirnoff,13.82,0.0,100.0,,2,0.0,1,3.0,False,Correctly Predicted Safe,True,11.39240506329114,12.60620253164557,False,Correctly Predicted Safe,True,False
17,4,1.0,1,Amber Riley,27.0,Derek Hough,13.82,0.0,100.0,,3,0.0,2,4.0,False,Correctly Predicted Safe,True,11.39240506329114,12.60620253164557,False,Correctly Predicted Safe,True,False
17,4,4.0,5,Leah Remini,24.0,Tony Dovolani,13.68,0.0,100.0,,5,0.0,4,9.0,False,Correctly Predicted Safe,True,10.126582278481013,11.903291139240507,False,Correctly Predicted Safe,True,False
17,4,4.0,9,Christina Milian,24.0,Mark Ballas,3.63,0.0,100.0,,9,0.0,9,13.0,False,Correctly Predicted Safe,True,10.126582278481013,6.878291139240506,False,Correctly Predicted Safe,True,False
17,4,4.0,8,"Nicole ""Snooki"" Polizzi",24.0,Sasha Farber,6.14,0.0,100.0,,8,0.0,8,12.0,False,Correctly Predicted Safe,True,10.126582278481013,8.133291139240507,False,Correctly Predicted Safe,True,False
17,4,4.0,3,Jack Osbourne,24.0,Cheryl Burke,13.82,0.0,100.0,,4,0.0,3,8.0,False,Correctly Predicted Safe,True,10.126582278481013,11.973291139240507,False,Correctly Predicted Safe,True,False
17,4,8.0,7,Brant Daugherty,21.0,Peta Murgatroyd,8.83,0.0,100.0,,7,0.0,7,15.0,False,Correctly Predicted Safe,True,8.860759493670885,8.845379746835443,False,Correctly Predicted Safe,True,False
17,4,8.0,4,Bill Engvall,21.0,Emma Slater,13.82,0.0,100.0,,1,0.0,5,9.0,False,Correctly Predicted Safe,True,8.860759493670885,11.340379746835442,False,Correctly Predicted Safe,True,False
17,4,10.0,10,Valerie Harper,18.0,Tristan MacManus,1.46,0.0,12.4,,10,0.876,10,20.0,True,Correctly Predicted Eliminated,True,7.59493670886076,4.52746835443038,True,Correctly Predicted Eliminated,True,True
17,5,1.0,2,Corbin Bleu,28.0,Karina Smirnoff,15.51,0.01,92.7,,1,0.0731,1,2.0,False,Correctly Predicted Safe,False,11.914893617021278,13.712446808510638,False,Correctly Predicted Safe,True,False
17,5,1.0,9,Christina Milian,28.0,Mark Ballas,1.25,0.0,10.3,,9,0.897,9,10.0,False,Incorrectly Predicted Safe,False,11.914893617021278,6.582446808510639,True,Correctly Predicted Eliminated,True,True
17,5,3.0,7,Brant Daugherty,27.0,Peta Murgatroyd,7.53,0.44,93.12,,7,0.0731,7,10.0,False,Correctly Predicted Safe,False,11.48936170212766,9.50968085106383,False,Correctly Predicted Safe,True,False
17,5,3.0,8,"Nicole ""Snooki"" Polizzi",27.0,Sasha Farber,4.42,0.44,93.12,,8,0.0731,8,11.0,False,Correctly Predicted Safe,False,11.48936170212766,7.95468085106383,False,Correctly Predicted Safe,True,False
17,5,3.0,3,Jack Osbourne,27.0,Cheryl Burke,15.51,0.44,93.12,,3,0.0731,2,6.0,False,Correctly Predicted Safe,False,11.48936170212766,13.499680851063829,False,Correctly Predicted Safe,True,False
17,5,6.0,6,Elizabeth Berkley Lauren,26.0,Valentin Chmerkovskiy,10.69,0.86,93.55,,6,0.0731,6,12.0,False,Correctly Predicted Safe,False,11.063829787234042,10.87691489361702,False,Correctly Predicted Safe,True,False
17,5,6.0,1,Amber Riley,26.0,Derek Hough,15.51,0.86,93.55,,2,0.0731,3,8.0,False,Correctly Predicted Safe,False,11.063829787234042,13.28691489361702,False,Correctly Predicted Safe,True,False
17,5,8.0,4,Bill Engvall,24.0,Emma Slater,15.51,1.71,94.4,,4,0.0731,4,12.0,False,Correctly Predicted Safe,False,10.212765957446807,12.861382978723404,False,Correctly Predicted Safe,True,False
17,5,9.0,5,Leah Remini,22.0,Tony Dovolani,14.06,2.56,95.25,,5,0.0731,5,14.0,True,Incorrectly Predicted Eliminated,False,9.361702127659575,11.710851063829788,False,Correctly Predicted Safe,True,False
17,7,5.0,2,Corbin Bleu,56.4999,Karina Smirnoff,17.5,0.12,97.32,,1,0.028,2,6.0,False,Correctly Predicted Safe,False,12.486187820884545,14.993093910442273,False,Correctly Predicted Safe,True,False
17,7,1.0,1,Amber Riley,61.4999,Derek Hough,17.5,0.0,97.2,,2,0.028,1,3.0,False,Correctly Predicted Safe,False,13.591162150120928,15.545581075060465,False,Correctly Predicted Safe,True,False
17,7,2.0,7,Brant Daugherty,59.5,Peta Murgatroyd,5.48,0.0,97.2,,7,0.028,7,9.0,False,Correctly Predicted Safe,False,13.14919451791296,9.31459725895648,False,Correctly Predicted Safe,True,False
17,7,6.0,3,Jack Osbourne,55.4998,Cheryl Burke,17.5,0.34,97.54,,3,0.028,3,9.0,False,Correctly Predicted Safe,False,12.265170855550684,14.882585427775343,False,Correctly Predicted Safe,True,False
17,7,3.0,6,Elizabeth Berkley Lauren,58.9998,Valentin Chmerkovskiy,9.39,0.0,97.2,,6,0.028,6,9.0,False,Correctly Predicted Safe,False,13.038652886016152,11.214326443008076,False,Correctly Predicted Safe,True,False
17,7,4.0,8,"Nicole ""Snooki"" Polizzi",57.0,Sasha Farber,1.68,0.0,12.39,,8,0.8761,8,12.0,False,Incorrectly Predicted Safe,False,12.59670735329477,7.138353676647385,True,Correctly Predicted Eliminated,True,True
17,7,7.0,5,Leah Remini,54.4999,Tony Dovolani,13.45,0.56,97.76,,5,0.028,5,12.0,True,Incorrectly Predicted Eliminated,False,12.044198089189992,12.747099044594997,False,Correctly Predicted Safe,True,False
17,7,8.0,4,Bill Engvall,48.9999,Emma Slater,17.5,1.78,98.98,,4,0.028,4,12.0,False,Correctly Predicted Safe,False,10.82872632702997,14.164363163514984,False,Correctly Predicted Safe,True,False
17,8,1.0,2,Corbin Bleu,30.0,Karina Smirnoff,20.17,0.0,97.38,,1,0.0262,1,2.0,False,Correctly Predicted Safe,True,15.625,17.8975,False,Correctly Predicted Safe,True,False
17,8,1.0,3,Jack Osbourne,30.0,Cheryl Burke,20.17,0.0,97.38,,2,0.0262,2,3.0,False,Correctly Predicted Safe,True,15.625,17.8975,False,Correctly Predicted Safe,True,False
17,8,3.0,5,Leah Remini,28.0,Tony Dovolani,12.19,0.0,97.38,,5,0.0262,5,8.0,False,Correctly Predicted Safe,True,14.583333333333334,13.386666666666667,False,Correctly Predicted Safe,True,False
17,8,3.0,1,Amber Riley,28.0,Derek Hough,20.17,0.0,97.38,,3,0.0262,3,6.0,False,Correctly Predicted Safe,True,14.583333333333334,17.37666666666667,False,Correctly Predicted Safe,True,False
17,8,5.0,7,Brant Daugherty,27.0,Peta Murgatroyd,2.21,0.0,14.5,,7,0.855,7,12.0,True,Correctly Predicted Eliminated,True,14.0625,8.13625,True,Correctly Predicted Eliminated,True,True
17,8,6.0,6,Elizabeth Berkley Lauren,25.0,Valentin Chmerkovskiy,7.46,1.05,98.43,,6,0.0262,6,12.0,False,Correctly Predicted Safe,True,13.020833333333334,10.240416666666667,False,Correctly Predicted Safe,True,False
17,8,7.0,4,Bill Engvall,24.0,Emma Slater,17.65,1.57,98.95,,4,0.0262,4,11.0,False,Correctly Predicted Safe,True,12.5,15.075,False,Correctly Predicted Safe,True,False
17,9,1.0,2,Corbin Bleu,29.0,Karina Smirnoff,23.79,0.0,92.66,,1,0.0734,1,2.0,False,Correctly Predicted Safe,False,18.412698412698415,21.101349206349205,False,Correctly Predicted Safe,True,False
17,9,2.0,6,Elizabeth Berkley Lauren,28.0,Valentin Chmerkovskiy,2.57,0.0,15.55,,6,0.8445,6,8.0,False,Incorrectly Predicted Safe,False,17.77777777777778,10.17388888888889,True,Correctly Predicted Eliminated,True,True
17,9,3.0,5,Leah Remini,27.0,Tony Dovolani,9.52,0.64,93.3,,5,0.0734,5,8.0,False,Correctly Predicted Safe,False,17.142857142857142,13.331428571428571,False,Correctly Predicted Safe,True,False
17,9,3.0,3,Jack Osbourne,27.0,Cheryl Burke,23.11,0.64,93.3,,3,0.0734,2,6.0,False,Correctly Predicted Safe,False,17.142857142857142,20.12642857142857,False,Correctly Predicted Safe,True,False
17,9,5.0,1,Amber Riley,25.5,Derek Hough,23.79,1.6,94.26,,2,0.0734,3,7.0,False,Correctly Predicted Safe,False,16.19047619047619,19.990238095238094,False,Correctly Predicted Safe,True,False
17,9,6.0,4,Bill Engvall,21.0,Emma Slater,17.22,4.45,97.11,,4,0.0734,4,10.0,True,Incorrectly Predicted Eliminated,False,13.333333333333334,15.276666666666667,False,Correctly Predicted Safe,True,False
17,10,1.0,1,Amber Riley,39.5,Derek Hough,29.07,0.0,98.56,,1,0.0144,1,2.0,False,Correctly Predicted Safe,False,22.57142857142857,25.820714285714285,False,Correctly Predicted Safe,True,False
17,10,2.0,2,Corbin Bleu,37.5,Karina Smirnoff,29.07,0.0,98.56,,2,0.0144,2,4.0,False,Correctly Predicted Safe,False,21.428571428571427,25.249285714285712,False,Correctly Predicted Safe,True,False
17,10,3.0,3,Jack Osbourne,35.5,Cheryl Burke,23.17,0.0,98.56,,3,0.0144,3,6.0,False,Correctly Predicted Safe,False,20.285714285714285,21.727857142857143,False,Correctly Predicted Safe,True,False
17,10,4.0,5,Leah Remini,32.5,Tony Dovolani,4.29,0.0,21.42,,5,0.7858,5,9.0,False,Incorrectly Predicted Safe,False,18.571428571428573,11.430714285714286,True,Correctly Predicted Eliminated,True,True
17,10,5.0,4,Bill Engvall,30.0,Emma Slater,14.4,1.44,100.0,,4,0.0144,4,9.0,True,Incorrectly Predicted Eliminated,False,17.142857142857142,15.771428571428572,False,Correctly Predicted Safe,True,False
17,11,1.0,1,Amber Riley,31.3332,Derek Hough,37.4,22.65,100.0,,1,0.2265,1,2.0,False,Correctly Predicted Safe,True,27.365383574062403,32.3826917870312,False,Correctly Predicted Safe,True,False
17,11,2.0,2,Corbin Bleu,29.6664,Karina Smirnoff,35.19,0.0,50.72,,2,0.4928,2,4.0,True,Correctly Predicted Eliminated,True,25.909655421775135,30.549827710887566,True,Correctly Predicted Eliminated,True,True
17,11,3.0,3,Jack Osbourne,27.9999,Cheryl Burke,20.78,0.0,34.78,,3,0.6522,3,6.0,True,Correctly Predicted Eliminated,True,24.45418927959448,22.61709463979724,True,Correctly Predicted Eliminated,True,True
17,11,4.0,4,Bill Engvall,25.4999,Emma Slater,6.63,0.0,27.71,,4,0.7229,4,8.0,True,Correctly Predicted Eliminated,True,22.27077172456799,14.450385862283994,True,Correctly Predicted Eliminated,True,True
18,1,1.0,5,Charlie White,27.0,Sharna Burgess,11.4,0.0,98.84,,1,0.0116,1,2.0,False,Correctly Predicted Safe,True,10.305343511450381,10.85267175572519,False,Correctly Predicted Safe,True,False
18,1,2.0,3,Candace Cameron Bure,25.0,Mark Ballas,11.4,0.0,98.84,,2,0.0116,2,4.0,False,Correctly Predicted Safe,True,9.541984732824428,10.470992366412215,False,Correctly Predicted Safe,True,False
18,1,3.0,6,Danica McKellar,24.0,Valentin Chmerkovskiy,11.24,0.0,98.84,,6,0.0116,5,9.0,False,Correctly Predicted Safe,True,9.16030534351145,10.200152671755724,False,Correctly Predicted Safe,True,False
18,1,3.0,2,Amy Purdy,24.0,Derek Hough,11.4,0.0,98.84,,5,0.0116,3,8.0,False,Correctly Predicted Safe,True,9.16030534351145,10.280152671755726,False,Correctly Predicted Safe,True,False
18,1,3.0,1,Meryl Davis,24.0,Maksim Chmerkoskiy,11.4,0.0,98.84,,4,0.0116,4,7.0,False,Correctly Predicted Safe,True,9.16030534351145,10.280152671755726,False,Correctly Predicted Safe,True,False
18,1,6.0,9,Cody Simpson,22.0,Witney Carson,6.06,0.0,98.84,,9,0.0116,9,15.0,False,Correctly Predicted Safe,True,8.396946564885496,7.228473282442748,False,Correctly Predicted Safe,True,False
18,1,7.0,4,James Maslow,21.0,Peta Murgatroyd,11.4,0.0,98.84,,3,0.0116,6,10.0,False,Correctly Predicted Safe,True,8.015267175572518,9.707633587786258,False,Correctly Predicted Safe,True,False
18,1,7.0,8,Drew Carey,21.0,Cheryl Burke,7.86,0.0,98.84,,8,0.0116,8,15.0,False,Correctly Predicted Safe,True,8.015267175572518,7.937633587786259,False,Correctly Predicted Safe,True,False
18,1,7.0,7,NeNe Leakes,21.0,Tony Dovolani,9.61,0.0,98.84,,7,0.0116,7,14.0,False,Correctly Predicted Safe,True,8.015267175572518,8.812633587786259,False,Correctly Predicted Safe,True,False
18,1,10.0,11,Sean Avery,20.0,Karina Smirnoff,2.64,0.0,98.84,,11,0.0116,11,21.0,False,Correctly Predicted Safe,True,7.633587786259542,5.136793893129771,False,Correctly Predicted Safe,True,False
18,1,11.0,12,Diana Nyad,18.0,Henry Byalikov,0.97,0.0,9.79,,12,0.9021,12,23.0,True,Correctly Predicted Eliminated,True,6.870229007633588,3.920114503816794,True,Correctly Predicted Eliminated,True,True
18,1,12.0,10,Billy Dee Williams,15.0,Emma Slater,4.61,1.16,100.0,,10,0.0116,10,22.0,False,Correctly Predicted Safe,True,5.7251908396946565,5.167595419847329,False,Correctly Predicted Safe,True,False
18,2,1.0,4,James Maslow,25.0,Peta Murgatroyd,12.51,0.0,97.47,,1,0.0253,1,2.0,False,Correctly Predicted Safe,True,10.245901639344263,11.377950819672131,False,Correctly Predicted Safe,True,False
18,2,1.0,5,Charlie White,25.0,Sharna Burgess,12.51,0.0,97.47,,2,0.0253,2,3.0,False,Correctly Predicted Safe,True,10.245901639344263,11.377950819672131,False,Correctly Predicted Safe,True,False
18,2,1.0,1,Meryl Davis,25.0,Maksim Chmerkoskiy,12.51,0.0,97.47,,3,0.0253,3,4.0,False,Correctly Predicted Safe,True,10.245901639344263,11.377950819672131,False,Correctly Predicted Safe,True,False
18,2,4.0,6,Danica McKellar,24.0,Valentin Chmerkovskiy,11.28,0.0,97.47,,6,0.0253,6,10.0,False,Correctly Predicted Safe,True,9.836065573770492,10.558032786885246,False,Correctly Predicted Safe,True,False
18,2,4.0,2,Amy Purdy,24.0,Derek Hough,12.51,0.0,97.47,,4,0.0253,4,8.0,False,Correctly Predicted Safe,True,9.836065573770492,11.173032786885246,False,Correctly Predicted Safe,True,False
18,2,6.0,9,Cody Simpson,22.0,Witney Carson,5.13,0.0,97.47,,9,0.0253,9,15.0,False,Correctly Predicted Safe,True,9.01639344262295,7.073196721311476,False,Correctly Predicted Safe,True,False
18,2,7.0,3,Candace Cameron Bure,21.0,Mark Ballas,12.51,0.02,97.49,,5,0.0253,5,12.0,False,Correctly Predicted Safe,True,8.60655737704918,10.55827868852459,False,Correctly Predicted Safe,True,False
18,2,7.0,11,Sean Avery,21.0,Karina Smirnoff,0.97,0.0,9.56,,11,0.9044,11,18.0,True,Correctly Predicted Eliminated,True,8.60655737704918,4.78827868852459,True,Correctly Predicted Eliminated,True,True
18,2,7.0,8,Drew Carey,21.0,Cheryl Burke,7.27,0.02,97.49,,8,0.0253,8,15.0,False,Correctly Predicted Safe,True,8.60655737704918,7.93827868852459,False,Correctly Predicted Safe,True,False
18,2,7.0,7,NeNe Leakes,21.0,Tony Dovolani,9.35,0.02,97.49,,7,0.0253,7,14.0,False,Correctly Predicted Safe,True,8.60655737704918,8.97827868852459,False,Correctly Predicted Safe,True,False
18,2,11.0,10,Billy Dee Williams,15.0,Emma Slater,3.44,2.47,12.98,,10,0.8949,10,21.0,True,Correctly Predicted Eliminated,True,6.147540983606557,4.793770491803278,True,Correctly Predicted Eliminated,True,True
18,5,2.0,4,James Maslow,111.0,Peta Murgatroyd,15.48,0.0,98.36,,2,0.0164,2,4.0,False,Correctly Predicted Safe,False,11.935483870967742,13.70774193548387,False,Correctly Predicted Safe,True,False
18,5,3.0,6,Danica McKellar,107.0,Valentin Chmerkovskiy,10.6,0.0,98.36,,6,0.0164,6,9.0,False,Correctly Predicted Safe,False,11.505376344086022,11.05268817204301,False,Correctly Predicted Safe,True,False
18,5,5.0,5,Charlie White,106.0,Sharna Burgess,13.72,0.0,98.36,,5,0.0164,5,10.0,False,Correctly Predicted Safe,False,11.397849462365592,12.558924731182795,False,Correctly Predicted Safe,True,False
18,5,3.0,2,Amy Purdy,107.0,Derek Hough,15.48,0.0,98.36,,4,0.0164,3,7.0,False,Correctly Predicted Safe,False,11.505376344086022,13.49268817204301,False,Correctly Predicted Safe,True,False
18,5,1.0,1,Meryl Davis,114.0,Maksim Chmerkoskiy,15.48,0.0,98.36,,3,0.0164,1,4.0,False,Correctly Predicted Safe,False,12.258064516129032,13.869032258064516,False,Correctly Predicted Safe,True,False
18,5,7.0,7,NeNe Leakes,99.0,Tony Dovolani,7.64,0.12,98.47,,7,0.0164,7,14.0,False,Correctly Predicted Safe,False,10.64516129032258,9.14258064516129,False,Correctly Predicted Safe,True,False
18,5,8.0,3,Candace Cameron Bure,95.0,Mark Ballas,15.48,0.55,98.9,,1,0.0164,4,9.0,False,Correctly Predicted Safe,False,10.21505376344086,12.84752688172043,False,Correctly Predicted Safe,True,False
18,5,6.0,9,Cody Simpson,100.0,Witney Carson,1.43,0.0,11.46,,9,0.8854,9,15.0,False,Incorrectly Predicted Safe,False,10.75268817204301,6.091344086021505,True,Correctly Predicted Eliminated,True,True
18,5,9.0,8,Drew Carey,91.0,Cheryl Burke,4.68,0.98,99.33,,8,0.0164,8,17.0,True,Incorrectly Predicted Eliminated,False,9.78494623655914,7.23247311827957,False,Correctly Predicted Safe,True,False
18,6,1.0,1,Meryl Davis,40.0,Maksim Chmerkoskiy,17.47,0.0,99.99,,1,0.0001,1,2.0,False,Correctly Predicted Safe,True,14.184397163120568,15.827198581560284,False,Correctly Predicted Safe,True,False
18,6,2.0,2,Amy Purdy,38.0,Derek Hough,17.47,0.0,99.99,,3,0.0001,2,5.0,False,Correctly Predicted Safe,True,13.47517730496454,15.472588652482269,False,Correctly Predicted Safe,True,False
18,6,3.0,6,Danica McKellar,36.0,Valentin Chmerkovskiy,9.42,0.0,99.99,,6,0.0001,6,9.0,False,Correctly Predicted Safe,True,12.76595744680851,11.092978723404254,False,Correctly Predicted Safe,True,False
18,6,3.0,5,Charlie White,36.0,Sharna Burgess,13.3,0.0,99.99,,5,0.0001,5,8.0,False,Correctly Predicted Safe,True,12.76595744680851,13.032978723404256,False,Correctly Predicted Safe,True,False
18,6,5.0,4,James Maslow,35.0,Peta Murgatroyd,17.25,0.0,99.99,,4,0.0001,3,9.0,False,Correctly Predicted Safe,True,12.411347517730496,14.830673758865249,False,Correctly Predicted Safe,True,False
18,6,6.0,7,NeNe Leakes,33.0,Tony Dovolani,5.72,0.0,99.99,,7,0.0001,7,13.0,False,Correctly Predicted Safe,True,11.702127659574469,8.711063829787234,False,Correctly Predicted Safe,True,False
18,6,7.0,3,Candace Cameron Bure,32.0,Mark Ballas,17.47,0.01,100.0,,2,0.0001,4,9.0,False,Correctly Predicted Safe,True,11.347517730496454,14.408758865248227,False,Correctly Predicted Safe,True,False
18,6,7.0,8,Drew Carey,32.0,Cheryl Burke,1.9,0.0,13.64,,8,0.8636,8,15.0,True,Correctly Predicted Eliminated,True,11.347517730496454,6.623758865248227,True,Correctly Predicted Eliminated,True,True
18,7,1.0,1,Meryl Davis,39.0,Maksim Chmerkoskiy,20.21,0.0,100.0,,1,0.0,1,2.0,False,Correctly Predicted Safe,True,15.41501976284585,17.812509881422926,False,Correctly Predicted Safe,True,False
18,7,2.0,2,Amy Purdy,37.5,Derek Hough,20.21,0.0,100.0,,2,0.0,2,4.0,False,Correctly Predicted Safe,True,14.82213438735178,17.51606719367589,False,Correctly Predicted Safe,True,False
18,7,3.0,3,Candace Cameron Bure,37.0,Mark Ballas,20.21,0.0,100.0,,3,0.0,3,6.0,False,Correctly Predicted Safe,True,14.624505928853754,17.41725296442688,False,Correctly Predicted Safe,True,False
18,7,4.0,6,Danica McKellar,36.0,Valentin Chmerkovskiy,7.23,0.0,100.0,,6,0.0,6,10.0,False,Correctly Predicted Safe,True,14.229249011857709,10.729624505928854,False,Correctly Predicted Safe,True,False
18,7,5.0,5,Charlie White,35.5,Sharna Burgess,12.32,0.0,100.0,,5,0.0,5,10.0,False,Correctly Predicted Safe,True,14.031620553359684,13.175810276679842,False,Correctly Predicted Safe,True,False
18,7,6.0,4,James Maslow,35.0,Peta Murgatroyd,17.41,0.0,100.0,,4,0.0,4,10.0,False,Correctly Predicted Safe,True,13.83399209486166,15.62199604743083,False,Correctly Predicted Safe,True,False
18,7,7.0,7,NeNe Leakes,33.0,Tony Dovolani,2.42,0.0,15.52,,7,0.8448,7,14.0,True,Correctly Predicted Eliminated,True,13.043478260869565,7.731739130434782,True,Correctly Predicted Eliminated,True,True
18,8,1.0,5,Charlie White,40.0,Sharna Burgess,9.41,0.0,97.32,,5,0.0268,5,6.0,False,Correctly Predicted Safe,True,17.699115044247787,13.554557522123893,False,Correctly Predicted Safe,True,False
18,8,1.0,2,Amy Purdy,40.0,Derek Hough,23.85,0.0,97.32,,1,0.0268,1,2.0,False,Correctly Predicted Safe,True,17.699115044247787,20.774557522123892,False,Correctly Predicted Safe,True,False
18,8,3.0,6,Danica McKellar,38.0,Valentin Chmerkovskiy,2.8,0.0,16.51,,6,0.8349,6,9.0,True,Correctly Predicted Eliminated,True,16.8141592920354,9.8070796460177,True,Correctly Predicted Eliminated,True,True
18,8,4.0,4,James Maslow,36.0,Peta Murgatroyd,16.64,0.89,98.21,,4,0.0268,4,8.0,False,Correctly Predicted Safe,True,15.929203539823009,16.284601769911504,False,Correctly Predicted Safe,True,False
18,8,4.0,3,Candace Cameron Bure,36.0,Mark Ballas,23.46,0.89,98.21,,3,0.0268,3,7.0,False,Correctly Predicted Safe,True,15.929203539823009,19.694601769911504,False,Correctly Predicted Safe,True,False
18,8,4.0,1,Meryl Davis,36.0,Maksim Chmerkoskiy,23.85,0.89,98.21,,2,0.0268,2,6.0,False,Correctly Predicted Safe,True,15.929203539823009,19.889601769911504,False,Correctly Predicted Safe,True,False
18,9,1.0,1,Meryl Davis,40.0,Maksim Chmerkoskiy,29.29,0.0,98.93,,2,0.0107,1,3.0,False,Correctly Predicted Safe,False,20.94240837696335,25.116204188481674,False,Correctly Predicted Safe,True,False
18,9,2.0,2,Amy Purdy,39.0,Derek Hough,29.29,0.0,98.93,,1,0.0107,2,3.0,False,Correctly Predicted Safe,False,20.418848167539267,24.854424083769633,False,Correctly Predicted Safe,True,False
18,9,3.0,4,James Maslow,38.0,Peta Murgatroyd,13.7,0.01,98.94,,4,0.0107,4,7.0,False,Correctly Predicted Safe,False,19.895287958115183,16.79764397905759,False,Correctly Predicted Safe,True,False
18,9,3.0,5,Charlie White,38.0,Sharna Burgess,3.94,0.0,20.1,,5,0.799,5,8.0,False,Incorrectly Predicted Safe,False,19.895287958115183,11.917643979057592,True,Correctly Predicted Eliminated,True,True
18,9,5.0,3,Candace Cameron Bure,36.0,Mark Ballas,23.77,1.06,99.99,,3,0.0107,3,8.0,True,Incorrectly Predicted Eliminated,False,18.848167539267017,21.30908376963351,False,Correctly Predicted Safe,True,False
18,10,1.0,1,Meryl Davis,30.0,Maksim Chmerkoskiy,37.57,23.85,97.37,,1,0.2648,1,2.0,False,Correctly Predicted Safe,True,26.16285154151521,31.866425770757605,False,Correctly Predicted Safe,True,False
18,10,2.0,2,Amy Purdy,29.666600000000003,Derek Hough,35.37,0.0,48.83,,2,0.5117,2,4.0,True,Correctly Predicted Eliminated,True,25.87209505138384,30.62104752569192,True,Correctly Predicted Eliminated,True,True
18,10,3.0,4,James Maslow,29.0,Peta Murgatroyd,5.53,0.0,24.69,,4,0.7531,4,7.0,True,Correctly Predicted Eliminated,True,25.290756490131372,15.410378245065687,True,Correctly Predicted Eliminated,True,True
18,10,4.0,3,Candace Cameron Bure,25.9998,Mark Ballas,21.54,2.63,35.55,,3,0.6707,3,7.0,True,Correctly Predicted Eliminated,True,22.67429691696957,22.107148458484787,True,Correctly Predicted Eliminated,True,True
19,1,1.0,1,Alfonso Ribeiro,36.0,Witney Carson,10.51,0.0,99.45,,1,0.0055,1,2.0,False,Correctly Predicted Safe,True,9.67741935483871,10.093709677419355,False,Correctly Predicted Safe,True,False
19,1,2.0,2,Sadie Robertson,34.0,Mark Ballas,10.51,0.0,99.45,,3,0.0055,2,5.0,False,Correctly Predicted Safe,True,9.13978494623656,9.824892473118279,False,Correctly Predicted Safe,True,False
19,1,3.0,6,Lea Thompson,32.0,Artem Chigvintsev,10.51,0.0,99.45,,4,0.0055,3,7.0,False,Correctly Predicted Safe,True,8.60215053763441,9.556075268817205,False,Correctly Predicted Safe,True,False
19,1,3.0,4,Bethany Mota,32.0,Derek Hough,10.51,0.0,99.45,,5,0.0055,4,8.0,False,Correctly Predicted Safe,True,8.60215053763441,9.556075268817205,False,Correctly Predicted Safe,True,False
19,1,5.0,11,Randy Couture,31.0,Karina Smirnoff,3.63,0.0,99.45,,11,0.0055,10,16.0,False,Correctly Predicted Safe,True,8.333333333333332,5.981666666666666,False,Correctly Predicted Safe,True,False
19,1,6.0,9,Jonathan Bennett,30.0,Allison Holker,6.66,0.0,99.45,,9,0.0055,9,15.0,False,Correctly Predicted Safe,True,8.064516129032258,7.362258064516129,False,Correctly Predicted Safe,True,False
19,1,7.0,3,Janel Parrish,29.0,Valentin Chmerkovskiy,10.51,0.0,99.45,,2,0.0055,5,9.0,False,Correctly Predicted Safe,True,7.795698924731183,9.152849462365591,False,Correctly Predicted Safe,True,False
19,1,7.0,12,Tavis Smiley,29.0,Sharna Burgess,2.18,0.0,99.45,,12,0.0055,12,19.0,False,Correctly Predicted Safe,True,7.795698924731183,4.987849462365592,False,Correctly Predicted Safe,True,False
19,1,9.0,5,Tommy Chong,27.0,Peta Murgatroyd,10.51,0.0,99.45,,6,0.0055,6,15.0,False,Correctly Predicted Safe,True,7.258064516129033,8.884032258064517,False,Correctly Predicted Safe,True,False
19,1,10.0,8,Antonio Sabato Jr.,25.0,Cheryl Burke,8.31,0.0,99.45,,8,0.0055,8,18.0,False,Correctly Predicted Safe,True,6.720430107526881,7.515215053763441,False,Correctly Predicted Safe,True,False
19,1,10.0,7,Michael Waltrip,25.0,Emma Slater,9.81,0.0,99.45,,7,0.0055,7,17.0,False,Correctly Predicted Safe,True,6.720430107526881,8.265215053763441,False,Correctly Predicted Safe,True,False
19,1,12.0,13,Lolo Jones,22.0,Keo Motsepe,0.88,0.0,9.46,,13,0.9054,13,25.0,True,Correctly Predicted Eliminated,True,5.913978494623656,3.396989247311828,True,Correctly Predicted Eliminated,True,True
19,1,13.0,10,Betsey Johnson,20.0,Tony Dovolani,5.44,0.55,100.0,,10,0.0055,11,23.0,False,Correctly Predicted Safe,True,5.376344086021505,5.408172043010753,False,Correctly Predicted Safe,True,False
19,2,1.0,6,Lea Thompson,35.0,Artem Chigvintsev,11.21,0.0,98.86,,6,0.0114,1,7.0,False,Correctly Predicted Safe,True,9.668508287292818,10.439254143646409,False,Correctly Predicted Safe,True,False
19,2,2.0,3,Janel Parrish,34.0,Valentin Chmerkovskiy,11.44,0.0,98.86,,1,0.0114,2,3.0,False,Correctly Predicted Safe,True,9.392265193370166,10.416132596685083,False,Correctly Predicted Safe,True,False
19,2,3.0,4,Bethany Mota,33.0,Derek Hough,11.44,0.0,98.86,,2,0.0114,3,5.0,False,Correctly Predicted Safe,True,9.116022099447514,10.278011049723757,False,Correctly Predicted Safe,True,False
19,2,4.0,1,Alfonso Ribeiro,32.0,Witney Carson,11.44,0.0,98.86,,5,0.0114,4,9.0,False,Correctly Predicted Safe,True,8.83977900552486,10.13988950276243,False,Correctly Predicted Safe,True,False
19,2,5.0,8,Antonio Sabato Jr.,31.0,Cheryl Burke,7.82,0.0,98.86,,8,0.0114,8,13.0,False,Correctly Predicted Safe,True,8.56353591160221,8.191767955801105,False,Correctly Predicted Safe,True,False
19,2,5.0,2,Sadie Robertson,31.0,Mark Ballas,11.44,0.0,98.86,,3,0.0114,5,8.0,False,Correctly Predicted Safe,True,8.56353591160221,10.001767955801105,False,Correctly Predicted Safe,True,False
19,2,7.0,9,Jonathan Bennett,30.0,Allison Holker,6.09,0.0,98.86,,9,0.0114,9,16.0,False,Correctly Predicted Safe,True,8.287292817679557,7.188646408839778,False,Correctly Predicted Safe,True,False
19,2,8.0,11,Randy Couture,28.0,Karina Smirnoff,2.63,0.01,98.87,,11,0.0114,11,19.0,False,Correctly Predicted Safe,True,7.734806629834254,5.182403314917127,False,Correctly Predicted Safe,True,False
19,2,8.0,5,Tommy Chong,28.0,Peta Murgatroyd,11.44,0.01,98.87,,4,0.0114,6,12.0,False,Correctly Predicted Safe,True,7.734806629834254,9.587403314917127,False,Correctly Predicted Safe,True,False
19,2,8.0,10,Betsey Johnson,28.0,Tony Dovolani,4.39,0.01,98.87,,10,0.0114,10,18.0,False,Correctly Predicted Safe,True,7.734806629834254,6.062403314917127,False,Correctly Predicted Safe,True,False
19,2,8.0,12,Tavis Smiley,28.0,Sharna Burgess,0.87,0.0,8.92,,12,0.9108,12,20.0,True,Correctly Predicted Eliminated,True,7.734806629834254,4.302403314917127,True,Correctly Predicted Eliminated,True,True
19,2,12.0,7,Michael Waltrip,24.0,Emma Slater,9.8,1.11,99.97,,7,0.0114,7,19.0,False,Correctly Predicted Safe,True,6.629834254143646,8.214917127071823,False,Correctly Predicted Safe,True,False
19,3,1.0,3,Janel Parrish,40.0,Valentin Chmerkovskiy,12.49,0.0,100.0,,1,0.0,1,2.0,False,Correctly Predicted Safe,True,11.3314447592068,11.9107223796034,False,Correctly Predicted Safe,True,False
19,3,1.0,4,Bethany Mota,40.0,Derek Hough,12.49,0.0,100.0,,2,0.0,2,3.0,False,Correctly Predicted Safe,True,11.3314447592068,11.9107223796034,False,Correctly Predicted Safe,True,False
19,3,3.0,5,Tommy Chong,34.0,Peta Murgatroyd,12.49,0.0,100.0,,5,0.0,3,8.0,False,Correctly Predicted Safe,True,9.631728045325778,11.060864022662889,False,Correctly Predicted Safe,True,False
19,3,4.0,9,Jonathan Bennett,32.0,Allison Holker,5.11,0.0,100.0,,9,0.0,9,13.0,False,Correctly Predicted Safe,True,9.06515580736544,7.087577903682719,False,Correctly Predicted Safe,True,False
19,3,4.0,1,Alfonso Ribeiro,32.0,Witney Carson,12.49,0.0,100.0,,3,0.0,4,7.0,False,Correctly Predicted Safe,True,9.06515580736544,10.777577903682719,False,Correctly Predicted Safe,True,False
19,3,4.0,2,Sadie Robertson,32.0,Mark Ballas,12.49,0.0,100.0,,4,0.0,5,8.0,False,Correctly Predicted Safe,True,9.06515580736544,10.777577903682719,False,Correctly Predicted Safe,True,False
19,3,7.0,6,Lea Thompson,31.0,Artem Chigvintsev,11.4,0.0,100.0,,6,0.0,6,13.0,False,Correctly Predicted Safe,True,8.78186968838527,10.090934844192635,False,Correctly Predicted Safe,True,False
19,3,8.0,8,Antonio Sabato Jr.,29.0,Cheryl Burke,7.3,0.0,100.0,,8,0.0,8,16.0,False,Correctly Predicted Safe,True,8.21529745042493,7.757648725212466,False,Correctly Predicted Safe,True,False
19,3,8.0,10,Betsey Johnson,29.0,Tony Dovolani,3.14,0.0,100.0,,10,0.0,10,18.0,False,Correctly Predicted Safe,True,8.21529745042493,5.677648725212466,False,Correctly Predicted Safe,True,False
19,3,10.0,7,Michael Waltrip,28.0,Emma Slater,9.42,0.0,100.0,,7,0.0,7,17.0,False,Correctly Predicted Safe,True,7.932011331444759,8.676005665722379,False,Correctly Predicted Safe,True,False
19,3,11.0,11,Randy Couture,26.0,Karina Smirnoff,1.16,0.0,10.81,,11,0.8919,11,22.0,True,Correctly Predicted Eliminated,True,7.365439093484419,4.262719546742209,True,Correctly Predicted Eliminated,True,True
19,4,1.0,1,Alfonso Ribeiro,40.0,Witney Carson,13.75,0.0,96.83,,1,0.0317,1,2.0,False,Correctly Predicted Safe,False,12.5,13.125,False,Correctly Predicted Safe,True,False
19,4,2.0,6,Lea Thompson,39.0,Artem Chigvintsev,10.83,0.0,96.83,,6,0.0317,5,8.0,False,Correctly Predicted Safe,False,12.1875,11.50875,False,Correctly Predicted Safe,True,False
19,4,3.0,2,Sadie Robertson,37.0,Mark Ballas,13.75,0.0,96.83,,2,0.0317,2,5.0,False,Correctly Predicted Safe,False,11.5625,12.65625,False,Correctly Predicted Safe,True,False
19,4,4.0,3,Janel Parrish,36.0,Valentin Chmerkovskiy,13.75,0.0,96.83,,3,0.0317,3,7.0,False,Correctly Predicted Safe,False,11.25,12.5,False,Correctly Predicted Safe,True,False
19,4,5.0,4,Bethany Mota,33.0,Derek Hough,13.75,0.0,96.83,,4,0.0317,4,9.0,False,Correctly Predicted Safe,False,10.3125,12.03125,False,Correctly Predicted Safe,True,False
19,4,6.0,8,Antonio Sabato Jr.,29.0,Cheryl Burke,6.26,0.01,96.84,,8,0.0317,8,14.0,False,Correctly Predicted Safe,False,9.0625,7.66125,False,Correctly Predicted Safe,True,False
19,4,6.0,10,Betsey Johnson,29.0,Tony Dovolani,1.25,0.0,10.93,,10,0.8907,10,16.0,False,Incorrectly Predicted Safe,False,9.0625,5.15625,True,Correctly Predicted Eliminated,True,True
19,4,8.0,5,Tommy Chong,28.0,Peta Murgatroyd,13.75,0.32,97.16,,5,0.0317,6,13.0,False,Correctly Predicted Safe,False,8.75,11.25,False,Correctly Predicted Safe,True,False
19,4,9.0,7,Michael Waltrip,25.0,Emma Slater,8.93,1.26,98.09,,7,0.0317,7,16.0,False,Correctly Predicted Safe,False,7.8125,8.37125,False,Correctly Predicted Safe,True,False
19,4,10.0,9,Jonathan Bennett,24.0,Allison Holker,3.97,1.57,98.41,,9,0.0317,9,19.0,True,Incorrectly Predicted Eliminated,False,7.5,5.735,False,Correctly Predicted Safe,True,False
19,6,1.0,1,Alfonso Ribeiro,73.0,Witney Carson,15.39,0.0,98.0,,1,0.02,1,2.0,False,Correctly Predicted Safe,False,13.10592459605027,14.247962298025136,False,Correctly Predicted Safe,True,False
19,6,3.0,4,Bethany Mota,68.0,Derek Hough,15.39,0.0,98.0,,2,0.02,3,5.0,False,Correctly Predicted Safe,False,12.208258527827647,13.799129263913823,False,Correctly Predicted Safe,True,False
19,6,2.0,2,Sadie Robertson,71.0,Mark Ballas,15.39,0.0,98.0,,3,0.02,2,5.0,False,Correctly Predicted Safe,False,12.746858168761221,14.068429084380611,False,Correctly Predicted Safe,True,False
19,6,4.0,3,Janel Parrish,66.0,Valentin Chmerkovskiy,15.39,0.0,98.0,,4,0.02,4,8.0,False,Correctly Predicted Safe,False,11.8491921005386,13.619596050269301,False,Correctly Predicted Safe,True,False
19,6,6.0,9,Jonathan Bennett,56.0,Allison Holker,1.53,0.0,12.16,,9,0.8784,9,15.0,False,Incorrectly Predicted Safe,False,10.053859964093357,5.791929982046678,True,Correctly Predicted Eliminated,True,True
19,6,4.0,6,Lea Thompson,66.0,Artem Chigvintsev,10.49,0.0,98.0,,6,0.02,6,10.0,False,Correctly Predicted Safe,False,11.8491921005386,11.1695960502693,False,Correctly Predicted Safe,True,False
19,6,9.0,7,Michael Waltrip,50.0,Emma Slater,7.85,1.09,99.08,,7,0.02,7,16.0,True,Incorrectly Predicted Eliminated,False,8.976660682226212,8.413330341113106,False,Correctly Predicted Safe,True,False
19,6,6.0,8,Antonio Sabato Jr.,56.0,Cheryl Burke,4.61,0.01,98.01,,8,0.02,8,14.0,False,Correctly Predicted Safe,False,10.053859964093357,7.331929982046679,False,Correctly Predicted Safe,True,False
19,6,8.0,5,Tommy Chong,51.0,Peta Murgatroyd,13.98,0.91,98.9,,5,0.02,5,13.0,False,Correctly Predicted Safe,False,9.156193895870736,11.568096947935368,False,Correctly Predicted Safe,True,False
19,7,1.0,4,Bethany Mota,37.5,Derek Hough,16.91,0.0,99.41,,4,0.0059,1,5.0,False,Correctly Predicted Safe,True,14.506769825918761,15.708384912959382,False,Correctly Predicted Safe,True,False
19,7,2.0,6,Lea Thompson,35.0,Artem Chigvintsev,9.3,0.0,99.41,,6,0.0059,6,8.0,False,Correctly Predicted Safe,True,13.539651837524177,11.41982591876209,False,Correctly Predicted Safe,True,False
19,7,3.0,1,Alfonso Ribeiro,34.0,Witney Carson,17.5,0.0,99.41,,1,0.0059,2,4.0,False,Correctly Predicted Safe,True,13.152804642166343,15.326402321083172,False,Correctly Predicted Safe,True,False
19,7,4.0,3,Janel Parrish,33.5,Valentin Chmerkovskiy,17.5,0.0,99.41,,2,0.0059,3,6.0,False,Correctly Predicted Safe,True,12.959381044487428,15.229690522243715,False,Correctly Predicted Safe,True,False
19,7,5.0,2,Sadie Robertson,31.0,Mark Ballas,17.5,0.0,99.41,,3,0.0059,4,8.0,False,Correctly Predicted Safe,True,11.992263056092844,14.746131528046423,False,Correctly Predicted Safe,True,False
19,7,6.0,5,Tommy Chong,30.0,Peta Murgatroyd,13.53,0.0,99.41,,5,0.0059,5,11.0,False,Correctly Predicted Safe,True,11.60541586073501,12.567707930367504,False,Correctly Predicted Safe,True,False
19,7,7.0,8,Antonio Sabato Jr.,29.5,Cheryl Burke,1.89,0.0,13.58,,8,0.8642,8,15.0,True,Correctly Predicted Eliminated,True,11.411992263056092,6.650996131528046,True,Correctly Predicted Eliminated,True,True
19,7,8.0,7,Michael Waltrip,28.0,Emma Slater,5.88,0.59,100.0,,7,0.0059,7,15.0,False,Correctly Predicted Safe,True,10.831721470019342,8.35586073500967,False,Correctly Predicted Safe,True,False
19,8,1.0,3,Janel Parrish,43.0,Valentin Chmerkovskiy,20.03,0.0,100.0,,2,0.0,1,3.0,False,Correctly Predicted Safe,True,17.338709677419356,18.68435483870968,False,Correctly Predicted Safe,True,False
19,8,2.0,1,Alfonso Ribeiro,41.0,Witney Carson,20.03,0.0,100.0,,3,0.0,2,5.0,False,Correctly Predicted Safe,True,16.532258064516128,18.281129032258065,False,Correctly Predicted Safe,True,False
19,8,3.0,4,Bethany Mota,40.0,Derek Hough,16.8,0.0,100.0,,4,0.0,4,7.0,False,Correctly Predicted Safe,True,16.129032258064516,16.46451612903226,False,Correctly Predicted Safe,True,False
19,8,4.0,2,Sadie Robertson,38.0,Mark Ballas,20.03,0.0,100.0,,1,0.0,3,5.0,False,Correctly Predicted Safe,True,15.32258064516129,17.676290322580645,False,Correctly Predicted Safe,True,False
19,8,5.0,6,Lea Thompson,32.0,Artem Chigvintsev,7.43,0.0,100.0,,6,0.0,6,11.0,False,Correctly Predicted Safe,True,12.903225806451612,10.166612903225806,False,Correctly Predicted Safe,True,False
19,8,6.0,5,Tommy Chong,29.0,Peta Murgatroyd,12.68,0.0,100.0,,5,0.0,5,11.0,False,Correctly Predicted Safe,True,11.693548387096774,12.186774193548388,False,Correctly Predicted Safe,True,False
19,8,7.0,7,Michael Waltrip,25.0,Emma Slater,2.99,0.0,18.48,,7,0.8152,7,14.0,True,Correctly Predicted Eliminated,True,10.080645161290322,6.535322580645161,True,Correctly Predicted Eliminated,True,True
19,9,1.0,3,Janel Parrish,38.5,Valentin Chmerkovskiy,22.89,0.0,96.95,,3,0.0305,2,4.0,False,Correctly Predicted Safe,True,17.990654205607477,20.44032710280374,False,Correctly Predicted Safe,True,False
19,9,1.0,1,Alfonso Ribeiro,38.5,Witney Carson,23.77,0.0,96.95,,1,0.0305,1,2.0,False,Correctly Predicted Safe,True,17.990654205607477,20.88032710280374,False,Correctly Predicted Safe,True,False
19,9,3.0,4,Bethany Mota,37.0,Derek Hough,16.26,0.0,96.95,,4,0.0305,4,7.0,False,Correctly Predicted Safe,True,17.289719626168225,16.774859813084113,False,Correctly Predicted Safe,True,False
19,9,4.0,2,Sadie Robertson,36.5,Mark Ballas,23.77,0.0,96.95,,2,0.0305,3,6.0,False,Correctly Predicted Safe,True,17.056074766355138,20.413037383177567,False,Correctly Predicted Safe,True,False
19,9,5.0,6,Lea Thompson,35.0,Artem Chigvintsev,2.9,0.0,16.97,,6,0.8303,6,11.0,True,Correctly Predicted Eliminated,True,16.355140186915886,9.627570093457942,True,Correctly Predicted Eliminated,True,True
19,9,6.0,5,Tommy Chong,28.5,Peta Murgatroyd,10.42,3.05,100.0,,5,0.0305,5,11.0,False,Correctly Predicted Safe,True,13.317757009345794,11.868878504672896,False,Correctly Predicted Safe,True,False
19,10,1.0,3,Janel Parrish,39.0,Valentin Chmerkovskiy,23.07,0.0,100.0,,3,0.0,3,4.0,False,Correctly Predicted Safe,True,21.36986301369863,22.219931506849314,False,Correctly Predicted Safe,True,False
19,10,2.0,4,Bethany Mota,38.0,Derek Hough,13.45,0.0,100.0,,4,0.0,4,6.0,False,Correctly Predicted Safe,True,20.82191780821918,17.13595890410959,False,Correctly Predicted Safe,True,False
19,10,3.0,1,Alfonso Ribeiro,37.5,Witney Carson,29.34,0.0,100.0,,1,0.0,1,4.0,False,Correctly Predicted Safe,True,20.54794520547945,24.943972602739727,False,Correctly Predicted Safe,True,False
19,10,4.0,2,Sadie Robertson,37.0,Mark Ballas,29.34,0.0,100.0,,2,0.0,2,6.0,False,Correctly Predicted Safe,True,20.273972602739725,24.80698630136986,False,Correctly Predicted Safe,True,False
19,10,5.0,5,Tommy Chong,31.0,Peta Murgatroyd,4.8,0.0,23.01,,5,0.7699,5,10.0,True,Correctly Predicted Eliminated,True,16.986301369863014,10.893150684931507,True,Correctly Predicted Eliminated,True,True
19,11,1.0,1,Alfonso Ribeiro,40.0,Witney Carson,37.65,24.43,100.0,,1,0.2443,1,2.0,False,Correctly Predicted Safe,True,25.586408499804897,31.618204249902448,False,Correctly Predicted Safe,True,False
19,11,2.0,2,Sadie Robertson,39.333200000000005,Mark Ballas,35.71,0.0,50.21,,2,0.4979,2,4.0,True,Correctly Predicted Eliminated,True,25.159883070113153,30.434941535056577,True,Correctly Predicted Eliminated,True,True
19,11,3.0,3,Janel Parrish,38.99980000000001,Valentin Chmerkovskiy,20.73,0.0,33.61,,3,0.6639,3,6.0,True,Correctly Predicted Eliminated,True,24.94662035526728,22.83831017763364,True,Correctly Predicted Eliminated,True,True
19,11,4.0,4,Bethany Mota,38.0,Derek Hough,5.91,0.0,25.68,,4,0.7432,4,8.0,True,Correctly Predicted Eliminated,True,24.307088074814654,15.108544037407327,True,Correctly Predicted Eliminated,True,True
20,2,1.0,4,Nastia Liukin,64.0,Derek Hough,11.43,0.0,98.3,,2,0.017,1,3.0,False,Correctly Predicted Safe,False,9.624060150375941,10.52703007518797,False,Correctly Predicted Safe,True,False
20,2,4.0,7,Willow Shields,57.0,Mark Ballas,9.58,0.0,98.3,,7,0.017,7,11.0,False,Correctly Predicted Safe,False,8.571428571428571,9.075714285714286,False,Correctly Predicted Safe,True,False
20,2,3.0,2,Riker Lynch,63.0,Allison Holker,11.43,0.0,98.3,,3,0.017,3,6.0,False,Correctly Predicted Safe,False,9.473684210526317,10.451842105263157,False,Correctly Predicted Safe,True,False
20,2,1.0,1,Rumer Willis,64.0,Valentin Chmerkovskiy,11.43,0.0,98.3,,1,0.017,2,2.0,False,Correctly Predicted Safe,False,9.624060150375941,10.52703007518797,False,Correctly Predicted Safe,True,False
20,2,7.0,12,Redfoo,53.0,Emma Slater,0.85,0.0,8.69,,12,0.9131,12,19.0,False,Incorrectly Predicted Safe,False,7.969924812030076,4.409962406015038,True,Correctly Predicted Eliminated,True,True
20,2,7.0,9,Suzanne Somers,53.0,Tony Dovolani,6.13,0.01,98.31,,9,0.017,9,16.0,False,Correctly Predicted Safe,False,7.969924812030076,7.049962406015037,False,Correctly Predicted Safe,True,False
20,2,6.0,10,Michael Sam,54.0,Peta Murgatroyd,4.35,0.0,98.3,,10,0.017,10,16.0,False,Correctly Predicted Safe,False,8.1203007518797,6.23515037593985,False,Correctly Predicted Safe,True,False
20,2,5.0,6,Robert Herjavec,56.0,Kym Johnson,11.35,0.0,98.3,,6,0.017,4,11.0,False,Correctly Predicted Safe,False,8.421052631578947,9.885526315789473,False,Correctly Predicted Safe,True,False
20,2,7.0,8,Patti LaBelle,53.0,Artem Chigvintsev,7.89,0.01,98.31,,8,0.017,8,15.0,False,Correctly Predicted Safe,False,7.969924812030076,7.929962406015038,False,Correctly Predicted Safe,True,False
20,2,7.0,3,Noah Galloway,53.0,Sharna Burgess,11.43,0.01,98.31,,5,0.017,5,12.0,False,Correctly Predicted Safe,False,7.969924812030076,9.699962406015038,False,Correctly Predicted Safe,True,False
20,2,11.0,11,Charlotte McKinney,48.0,Keo Motsepe,2.69,0.76,99.06,,11,0.017,11,22.0,True,Incorrectly Predicted Eliminated,False,7.218045112781955,4.954022556390978,False,Correctly Predicted Safe,True,False
20,2,12.0,5,Chris Soules,47.0,Witney Carson,11.43,0.91,99.21,,4,0.017,6,16.0,False,Correctly Predicted Safe,False,7.067669172932331,9.248834586466165,False,Correctly Predicted Safe,True,False
20,3,1.0,2,Riker Lynch,34.0,Allison Holker,12.49,0.0,99.99,,1,0.0001,1,2.0,False,Correctly Predicted Safe,True,10.86261980830671,11.676309904153355,False,Correctly Predicted Safe,True,False
20,3,1.0,4,Nastia Liukin,34.0,Derek Hough,12.49,0.0,99.99,,2,0.0001,2,3.0,False,Correctly Predicted Safe,True,10.86261980830671,11.676309904153355,False,Correctly Predicted Safe,True,False
20,3,3.0,1,Rumer Willis,33.0,Valentin Chmerkovskiy,12.49,0.0,99.99,,5,0.0001,3,8.0,False,Correctly Predicted Safe,True,10.543130990415335,11.516565495207669,False,Correctly Predicted Safe,True,False
20,3,4.0,7,Willow Shields,32.0,Mark Ballas,9.13,0.0,99.99,,7,0.0001,7,11.0,False,Correctly Predicted Safe,True,10.223642172523961,9.676821086261981,False,Correctly Predicted Safe,True,False
20,3,5.0,3,Noah Galloway,30.0,Sharna Burgess,12.49,0.0,99.99,,3,0.0001,4,8.0,False,Correctly Predicted Safe,True,9.584664536741213,11.037332268370607,False,Correctly Predicted Safe,True,False
20,3,6.0,6,Robert Herjavec,29.0,Kym Johnson,11.33,0.0,99.99,,6,0.0001,6,12.0,False,Correctly Predicted Safe,True,9.26517571884984,10.297587859424919,False,Correctly Predicted Safe,True,False
20,3,7.0,5,Chris Soules,28.0,Witney Carson,12.49,0.0,99.99,,4,0.0001,5,11.0,False,Correctly Predicted Safe,True,8.945686900958465,10.717843450479233,False,Correctly Predicted Safe,True,False
20,3,8.0,9,Suzanne Somers,25.0,Tony Dovolani,5.25,0.0,99.99,,9,0.0001,9,17.0,False,Correctly Predicted Safe,True,7.987220447284344,6.618610223642172,False,Correctly Predicted Safe,True,False
20,3,9.0,10,Michael Sam,24.0,Peta Murgatroyd,3.21,0.0,99.99,,10,0.0001,10,19.0,False,Correctly Predicted Safe,True,7.667731629392971,5.438865814696486,False,Correctly Predicted Safe,True,False
20,3,10.0,11,Charlotte McKinney,22.0,Keo Motsepe,1.2,0.0,11.14,,11,0.8886,11,21.0,True,Correctly Predicted Eliminated,True,7.0287539936102235,4.114376996805111,True,Correctly Predicted Eliminated,True,True
20,3,10.0,8,Patti LaBelle,22.0,Artem Chigvintsev,7.45,0.01,100.0,,8,0.0001,8,18.0,False,Correctly Predicted Safe,True,7.0287539936102235,7.239376996805111,False,Correctly Predicted Safe,True,False
20,4,1.0,7,Willow Shields,39.0,Mark Ballas,8.4,0.0,98.43,,7,0.0157,7,8.0,False,Correctly Predicted Safe,False,12.0,10.2,False,Correctly Predicted Safe,True,False
20,4,2.0,4,Nastia Liukin,36.0,Derek Hough,13.83,0.0,98.43,,3,0.0157,1,5.0,False,Correctly Predicted Safe,False,11.076923076923077,12.45346153846154,False,Correctly Predicted Safe,True,False
20,4,3.0,1,Rumer Willis,35.0,Valentin Chmerkovskiy,13.83,0.0,98.43,,4,0.0157,2,7.0,False,Correctly Predicted Safe,False,10.76923076923077,12.299615384615386,False,Correctly Predicted Safe,True,False
20,4,4.0,2,Riker Lynch,34.0,Allison Holker,13.83,0.0,98.43,,1,0.0157,3,5.0,False,Correctly Predicted Safe,False,10.461538461538462,12.14576923076923,False,Correctly Predicted Safe,True,False
20,4,4.0,6,Robert Herjavec,34.0,Kym Johnson,11.12,0.0,98.43,,6,0.0157,6,10.0,False,Correctly Predicted Safe,False,10.461538461538462,10.79076923076923,False,Correctly Predicted Safe,True,False
20,4,6.0,3,Noah Galloway,32.0,Sharna Burgess,13.83,0.0,98.43,,2,0.0157,4,8.0,False,Correctly Predicted Safe,False,9.846153846153847,11.838076923076922,False,Correctly Predicted Safe,True,False
20,4,7.0,10,Michael Sam,30.0,Peta Murgatroyd,1.24,0.0,10.76,,10,0.8924,10,17.0,False,Incorrectly Predicted Safe,False,9.230769230769232,5.235384615384616,True,Correctly Predicted Eliminated,True,True
20,4,7.0,8,Patti LaBelle,30.0,Artem Chigvintsev,6.27,0.01,98.44,,8,0.0157,8,15.0,False,Correctly Predicted Safe,False,9.230769230769232,7.750384615384616,False,Correctly Predicted Safe,True,False
20,4,9.0,9,Suzanne Somers,28.0,Tony Dovolani,3.84,0.63,99.06,,9,0.0157,9,18.0,True,Incorrectly Predicted Eliminated,False,8.615384615384615,6.227692307692307,False,Correctly Predicted Safe,True,False
20,4,10.0,5,Chris Soules,27.0,Witney Carson,13.83,0.93,99.36,,5,0.0157,5,15.0,False,Correctly Predicted Safe,False,8.307692307692308,11.068846153846154,False,Correctly Predicted Safe,True,False
20,5,1.0,1,Rumer Willis,39.0,Valentin Chmerkovskiy,15.37,0.0,97.84,,2,0.0216,1,3.0,False,Correctly Predicted Safe,False,13.780918727915195,14.575459363957597,False,Correctly Predicted Safe,True,False
20,5,2.0,2,Riker Lynch,38.0,Allison Holker,15.37,0.0,97.84,,3,0.0216,2,5.0,False,Correctly Predicted Safe,False,13.427561837455832,14.398780918727915,False,Correctly Predicted Safe,True,False
20,5,2.0,4,Nastia Liukin,38.0,Derek Hough,15.37,0.0,97.84,,4,0.0216,3,6.0,False,Correctly Predicted Safe,False,13.427561837455832,14.398780918727915,False,Correctly Predicted Safe,True,False
20,5,4.0,7,Willow Shields,34.0,Mark Ballas,7.38,0.0,97.84,,7,0.0216,7,11.0,False,Correctly Predicted Safe,False,12.014134275618375,9.697067137809187,False,Correctly Predicted Safe,True,False
20,5,5.0,9,Suzanne Somers,28.0,Tony Dovolani,1.55,0.0,12.32,,9,0.8768,9,14.0,False,Incorrectly Predicted Safe,False,9.89399293286219,5.721996466431095,True,Correctly Predicted Eliminated,True,True
20,5,5.0,3,Noah Galloway,28.0,Sharna Burgess,15.37,0.01,97.85,,1,0.0216,4,6.0,False,Correctly Predicted Safe,False,9.89399293286219,12.631996466431094,False,Correctly Predicted Safe,True,False
20,5,7.0,8,Patti LaBelle,27.0,Artem Chigvintsev,4.68,0.36,98.2,,8,0.0216,8,15.0,False,Correctly Predicted Safe,False,9.540636042402827,7.110318021201413,False,Correctly Predicted Safe,True,False
20,5,7.0,5,Chris Soules,27.0,Witney Carson,13.91,0.36,98.2,,5,0.0216,5,12.0,False,Correctly Predicted Safe,False,9.540636042402827,11.725318021201414,False,Correctly Predicted Safe,True,False
20,5,9.0,6,Robert Herjavec,24.0,Kym Johnson,10.99,1.42,99.26,,6,0.0216,6,15.0,True,Incorrectly Predicted Eliminated,False,8.480565371024735,9.735282685512367,False,Correctly Predicted Safe,True,False
20,6,1.0,2,Riker Lynch,38.0,Allison Holker,17.5,0.0,99.8,,1,0.002,1,2.0,False,Correctly Predicted Safe,True,13.427561837455832,15.463780918727917,False,Correctly Predicted Safe,True,False
20,6,2.0,7,Willow Shields,36.5,Mark Ballas,5.52,0.0,99.8,,7,0.002,7,9.0,False,Correctly Predicted Safe,True,12.897526501766784,9.208763250883392,False,Correctly Predicted Safe,True,False
20,6,2.0,4,Nastia Liukin,36.5,Derek Hough,17.19,0.0,99.8,,4,0.002,2,6.0,False,Correctly Predicted Safe,True,12.897526501766784,15.043763250883393,False,Correctly Predicted Safe,True,False
20,6,4.0,1,Rumer Willis,35.5,Valentin Chmerkovskiy,17.5,0.0,99.8,,2,0.002,3,6.0,False,Correctly Predicted Safe,True,12.54416961130742,15.02208480565371,False,Correctly Predicted Safe,True,False
20,6,5.0,5,Chris Soules,35.0,Witney Carson,13.39,0.0,99.8,,5,0.002,5,10.0,False,Correctly Predicted Safe,True,12.36749116607774,12.87874558303887,False,Correctly Predicted Safe,True,False
20,6,6.0,3,Noah Galloway,34.0,Sharna Burgess,17.5,0.01,99.81,,3,0.002,4,9.0,False,Correctly Predicted Safe,True,12.014134275618375,14.757067137809187,False,Correctly Predicted Safe,True,False
20,6,6.0,8,Patti LaBelle,34.0,Artem Chigvintsev,1.79,0.0,12.98,,8,0.8702,8,14.0,True,Correctly Predicted Eliminated,True,12.014134275618375,6.902067137809187,True,Correctly Predicted Eliminated,True,True
20,6,8.0,6,Robert Herjavec,33.5,Kym Johnson,9.6,0.19,99.99,,6,0.002,6,14.0,False,Correctly Predicted Safe,True,11.837455830388691,10.718727915194346,False,Correctly Predicted Safe,True,False
20,7,1.0,4,Nastia Liukin,41.0,Derek Hough,16.97,0.0,91.68,,4,0.0832,4,5.0,False,Correctly Predicted Safe,False,16.141732283464567,16.55586614173228,False,Correctly Predicted Safe,True,False
20,7,2.0,7,Willow Shields,39.0,Mark Ballas,1.95,0.0,13.21,,7,0.8679,7,9.0,False,Incorrectly Predicted Safe,False,15.354330708661418,8.652165354330709,True,Correctly Predicted Eliminated,True,True
20,7,3.0,3,Noah Galloway,38.0,Sharna Burgess,20.24,0.4,92.09,,1,0.0832,1,4.0,False,Correctly Predicted Safe,False,14.960629921259844,17.600314960629923,False,Correctly Predicted Safe,True,False
20,7,4.0,2,Riker Lynch,37.0,Allison Holker,20.24,0.8,92.48,,3,0.0832,2,7.0,False,Correctly Predicted Safe,False,14.566929133858267,17.40346456692913,False,Correctly Predicted Safe,True,False
20,7,4.0,1,Rumer Willis,37.0,Valentin Chmerkovskiy,20.24,0.8,92.48,,2,0.0832,3,6.0,False,Correctly Predicted Safe,False,14.566929133858267,17.40346456692913,False,Correctly Predicted Safe,True,False
20,7,6.0,6,Robert Herjavec,31.0,Kym Johnson,7.65,3.16,94.84,,6,0.0832,6,12.0,True,Incorrectly Predicted Eliminated,False,12.204724409448819,9.92736220472441,False,Correctly Predicted Safe,True,False
20,7,6.0,5,Chris Soules,31.0,Witney Carson,12.71,3.16,94.84,,5,0.0832,5,11.0,False,Correctly Predicted Safe,False,12.204724409448819,12.45736220472441,False,Correctly Predicted Safe,True,False
20,8,1.0,1,Rumer Willis,40.0,Valentin Chmerkovskiy,23.64,0.0,99.75,,1,0.0025,1,2.0,False,Correctly Predicted Safe,True,18.912529550827422,21.27626477541371,False,Correctly Predicted Safe,True,False
20,8,2.0,2,Riker Lynch,39.0,Allison Holker,23.64,0.0,99.75,,2,0.0025,2,4.0,False,Correctly Predicted Safe,True,18.439716312056735,21.039858156028366,False,Correctly Predicted Safe,True,False
20,8,3.0,4,Nastia Liukin,38.0,Derek Hough,16.01,0.0,99.75,,4,0.0025,4,7.0,False,Correctly Predicted Safe,True,17.96690307328605,16.988451536643026,False,Correctly Predicted Safe,True,False
20,8,4.0,5,Chris Soules,32.0,Witney Carson,9.93,0.0,21.93,,5,0.7807,5,9.0,True,Correctly Predicted Eliminated,True,15.130023640661939,12.53001182033097,True,Correctly Predicted Eliminated,True,True
20,8,5.0,3,Noah Galloway,31.5,Sharna Burgess,23.49,0.25,100.0,,3,0.0025,3,8.0,False,Correctly Predicted Safe,True,14.893617021276595,19.191808510638296,False,Correctly Predicted Safe,True,False
20,8,6.0,6,Robert Herjavec,31.0,Kym Johnson,3.29,0.0,18.66,,6,0.8134,6,12.0,True,Correctly Predicted Eliminated,True,14.657210401891252,8.973605200945626,True,Correctly Predicted Eliminated,True,True
20,9,1.0,2,Riker Lynch,40.0,Allison Holker,35.69,0.01,98.07,,2,0.0194,2,3.0,False,Correctly Predicted Safe,False,25.477707006369428,30.583853503184713,False,Correctly Predicted Safe,True,False
20,9,1.0,4,Nastia Liukin,40.0,Derek Hough,5.48,0.0,24.51,,4,0.7549,4,5.0,False,Incorrectly Predicted Safe,False,25.477707006369428,15.478853503184714,True,Correctly Predicted Eliminated,True,True
20,9,3.0,1,Rumer Willis,39.0,Valentin Chmerkovskiy,37.76,0.65,98.71,,1,0.0194,1,4.0,False,Correctly Predicted Safe,False,24.840764331210192,31.300382165605093,False,Correctly Predicted Safe,True,False
20,9,4.0,3,Noah Galloway,38.0,Sharna Burgess,21.07,1.28,99.34,,3,0.0194,3,7.0,True,Incorrectly Predicted Eliminated,False,24.203821656050955,22.636910828025478,False,Correctly Predicted Safe,True,False
20,10,1.0,2,Riker Lynch,40.0,Allison Holker,35.52,0.0,49.99,,2,0.5001,2,3.0,True,Correctly Predicted Eliminated,True,34.48275862068966,35.00137931034483,True,Correctly Predicted Eliminated,True,True
20,10,1.0,1,Rumer Willis,40.0,Valentin Chmerkovskiy,54.2,32.19,100.0,,1,0.3219,1,2.0,False,Correctly Predicted Safe,True,34.48275862068966,44.341379310344834,False,Correctly Predicted Safe,True,False
20,10,3.0,3,Noah Galloway,36.0,Sharna Burgess,10.28,0.0,35.62,,3,0.6438,3,6.0,True,Correctly Predicted Eliminated,True,31.03448275862069,20.657241379310346,True,Correctly Predicted Eliminated,True,True
21,2,2.0,5,Tamar Braxton,47.5,Valentin Chmerkovskiy,10.49,0.0,98.99,,2,0.0101,2,4.0,False,Correctly Predicted Safe,True,9.125840537944283,9.807920268972142,False,Correctly Predicted Safe,True,False
21,2,1.0,1,Bindi Irwin,48.0,Derek Hough,10.49,0.0,98.99,,5,0.0101,1,6.0,False,Correctly Predicted Safe,True,9.221902017291066,9.855951008645533,False,Correctly Predicted Safe,True,False
21,2,5.0,6,Alexa PenaVega,45.0,Mark Ballas,10.49,0.0,98.99,,6,0.0101,5,11.0,False,Correctly Predicted Safe,True,8.645533141210375,9.567766570605187,False,Correctly Predicted Safe,True,False
21,2,4.0,4,Carlos PenaVega,45.5,Witney Carson,10.49,0.0,98.99,,1,0.0101,4,5.0,False,Correctly Predicted Safe,True,8.741594620557157,9.615797310278579,False,Correctly Predicted Safe,True,False
21,2,6.0,3,Alek Skarlatos,44.5,Lindsay Arnold,10.49,0.0,98.99,,3,0.0101,6,9.0,False,Correctly Predicted Safe,True,8.549471661863594,9.519735830931797,False,Correctly Predicted Safe,True,False
21,2,3.0,2,Nick Carter,46.5,Sharna Burgess,10.49,0.0,98.99,,4,0.0101,3,7.0,False,Correctly Predicted Safe,True,8.93371757925072,9.71185878962536,False,Correctly Predicted Safe,True,False
21,2,7.0,8,Hayes Grier,43.5,Emma Slater,8.12,0.0,98.99,,8,0.0101,8,15.0,False,Correctly Predicted Safe,True,8.357348703170029,8.238674351585015,False,Correctly Predicted Safe,True,False
21,2,8.0,7,Andy Grammer,43.0,Allison Holker,9.62,0.0,98.99,,7,0.0101,7,15.0,False,Correctly Predicted Safe,True,8.261287223823247,8.940643611911623,False,Correctly Predicted Safe,True,False
21,2,9.0,12,Victor Espinoza,33.5,Karina Smirnoff,2.32,0.0,9.76,,12,0.9024,12,21.0,True,Correctly Predicted Eliminated,True,6.43611911623439,4.378059558117195,True,Correctly Predicted Eliminated,True,True
21,2,12.0,11,Kim Zolciak-Biermann,30.5,Tony Dovolani,3.88,0.59,11.24,,11,0.8935,11,23.0,True,Correctly Predicted Eliminated,True,5.859750240153699,4.869875120076849,True,Correctly Predicted Eliminated,True,True
21,2,9.0,9,Paula Deen,33.5,Louis van Amstel,6.82,0.02,99.01,,9,0.0101,9,18.0,False,Correctly Predicted Safe,True,6.43611911623439,6.6280595581171955,False,Correctly Predicted Safe,True,False
21,2,11.0,10,Gary Busey,31.5,Anna Trebunskaya,5.36,0.4,99.39,,10,0.0101,10,21.0,False,Correctly Predicted Safe,True,6.051873198847262,5.705936599423631,False,Correctly Predicted Safe,True,False
21,2,13.0,13,Chaka Khan,28.0,Keo Motsepe,0.93,0.0,9.98,,13,0.9002,13,26.0,True,Correctly Predicted Eliminated,True,5.379442843419788,3.154721421709894,True,Correctly Predicted Eliminated,True,True
21,4,2.0,1,Bindi Irwin,60.0,Derek Hough,13.78,0.0,99.44,,1,0.0056,2,3.0,False,Correctly Predicted Safe,True,11.090573012939002,12.4352865064695,False,Correctly Predicted Safe,True,False
21,4,2.0,5,Tamar Braxton,60.0,Valentin Chmerkovskiy,13.51,0.0,99.44,,5,0.0056,3,7.0,False,Correctly Predicted Safe,True,11.090573012939002,12.3002865064695,False,Correctly Predicted Safe,True,False
21,4,1.0,2,Nick Carter,63.0,Sharna Burgess,13.78,0.0,99.44,,2,0.0056,1,3.0,False,Correctly Predicted Safe,True,11.645101663585953,12.712550831792976,False,Correctly Predicted Safe,True,False
21,4,4.0,8,Hayes Grier,57.0,Emma Slater,6.07,0.0,99.44,,8,0.0056,8,12.0,False,Correctly Predicted Safe,True,10.536044362292053,8.303022181146027,False,Correctly Predicted Safe,True,False
21,4,7.0,4,Carlos PenaVega,56.0,Witney Carson,13.78,0.0,99.44,,3,0.0056,5,10.0,False,Correctly Predicted Safe,True,10.35120147874307,12.065600739371535,False,Correctly Predicted Safe,True,False
21,4,4.0,3,Alek Skarlatos,57.0,Lindsay Arnold,13.78,0.0,99.44,,4,0.0056,4,8.0,False,Correctly Predicted Safe,True,10.536044362292053,12.158022181146027,False,Correctly Predicted Safe,True,False
21,4,8.0,7,Andy Grammer,52.0,Allison Holker,8.7,0.0,99.44,,7,0.0056,7,15.0,False,Correctly Predicted Safe,True,9.611829944547134,9.155914972273568,False,Correctly Predicted Safe,True,False
21,4,4.0,6,Alexa PenaVega,57.0,Mark Ballas,11.08,0.0,99.44,,6,0.0056,6,10.0,False,Correctly Predicted Safe,True,10.536044362292053,10.808022181146026,False,Correctly Predicted Safe,True,False
21,4,10.0,9,Paula Deen,38.0,Louis van Amstel,4.04,0.56,100.0,,9,0.0056,9,19.0,False,Correctly Predicted Safe,True,7.024029574861368,5.532014787430684,False,Correctly Predicted Safe,True,False
21,4,9.0,10,Gary Busey,41.0,Anna Trebunskaya,1.46,0.0,12.41,,10,0.8759,10,19.0,True,Correctly Predicted Eliminated,True,7.578558225508318,4.519279112754159,True,Correctly Predicted Eliminated,True,True
21,6,3.0,7,Andy Grammer,76.0,Allison Holker,7.36,0.0,100.0,,7,0.0,7,10.0,False,Correctly Predicted Safe,True,12.37785016286645,9.868925081433225,False,Correctly Predicted Safe,True,False
21,6,6.0,5,Tamar Braxton,69.0,Valentin Chmerkovskiy,13.73,0.0,100.0,,5,0.0,5,11.0,False,Correctly Predicted Safe,True,11.237785016286644,12.483892508143322,False,Correctly Predicted Safe,True,False
21,6,1.0,1,Bindi Irwin,77.0,Derek Hough,15.46,0.0,100.0,,2,0.0,1,3.0,False,Correctly Predicted Safe,True,12.54071661237785,14.000358306188925,False,Correctly Predicted Safe,True,False
21,6,4.0,2,Nick Carter,74.0,Sharna Burgess,15.46,0.0,100.0,,4,0.0,3,8.0,False,Correctly Predicted Safe,True,12.052117263843648,13.756058631921825,False,Correctly Predicted Safe,True,False
21,6,1.0,4,Carlos PenaVega,77.0,Witney Carson,15.46,0.0,100.0,,1,0.0,2,2.0,False,Correctly Predicted Safe,True,12.54071661237785,14.000358306188925,False,Correctly Predicted Safe,True,False
21,6,7.0,8,Hayes Grier,62.0,Emma Slater,4.62,0.0,100.0,,8,0.0,8,15.0,False,Correctly Predicted Safe,True,10.097719869706841,7.35885993485342,False,Correctly Predicted Safe,True,False
21,6,5.0,6,Alexa PenaVega,70.0,Mark Ballas,10.61,0.0,100.0,,6,0.0,6,11.0,False,Correctly Predicted Safe,True,11.400651465798045,11.005325732899022,False,Correctly Predicted Safe,True,False
21,6,8.0,3,Alek Skarlatos,59.0,Lindsay Arnold,15.46,0.0,100.0,,3,0.0,4,11.0,False,Correctly Predicted Safe,True,9.609120521172638,12.53456026058632,False,Correctly Predicted Safe,True,False
21,6,9.0,9,Paula Deen,50.0,Louis van Amstel,1.83,0.0,14.07,,9,0.8593,9,18.0,True,Correctly Predicted Eliminated,True,8.143322475570033,4.986661237785016,True,Correctly Predicted Eliminated,True,True
21,7,1.0,1,Bindi Irwin,29.0,Derek Hough,17.52,0.0,98.13,,1,0.0187,1,2.0,False,Correctly Predicted Safe,False,13.122171945701359,15.321085972850678,False,Correctly Predicted Safe,True,False
21,7,2.0,4,Carlos PenaVega,28.0,Witney Carson,17.25,0.01,98.14,,4,0.0187,2,6.0,False,Correctly Predicted Safe,False,12.669683257918551,14.959841628959275,False,Correctly Predicted Safe,True,False
21,7,2.0,7,Andy Grammer,28.0,Allison Holker,5.57,0.01,98.14,,7,0.0187,7,9.0,False,Correctly Predicted Safe,False,12.669683257918551,9.119841628959275,False,Correctly Predicted Safe,True,False
21,7,2.0,8,Hayes Grier,28.0,Emma Slater,1.67,0.0,12.32,,8,0.8768,8,10.0,False,Incorrectly Predicted Safe,False,12.669683257918551,7.169841628959276,True,Correctly Predicted Eliminated,True,True
21,7,5.0,6,Alexa PenaVega,27.5,Mark Ballas,9.5,0.24,98.37,,6,0.0187,6,11.0,False,Correctly Predicted Safe,False,12.44343891402715,10.971719457013574,False,Correctly Predicted Safe,True,False
21,7,6.0,5,Tamar Braxton,27.0,Valentin Chmerkovskiy,13.44,0.46,98.59,,5,0.0187,5,11.0,True,Incorrectly Predicted Eliminated,False,12.217194570135746,12.828597285067872,False,Correctly Predicted Safe,True,False
21,7,6.0,2,Nick Carter,27.0,Sharna Burgess,17.52,0.46,98.59,,2,0.0187,3,8.0,False,Correctly Predicted Safe,False,12.217194570135746,14.868597285067873,False,Correctly Predicted Safe,True,False
21,7,8.0,3,Alek Skarlatos,26.5,Lindsay Arnold,17.52,0.69,98.82,,3,0.0187,4,11.0,False,Correctly Predicted Safe,False,11.990950226244344,14.755475113122172,False,Correctly Predicted Safe,True,False
21,8,1.0,2,Nick Carter,33.0,Sharna Burgess,20.23,0.0,100.0,,2,0.0,1,3.0,False,Correctly Predicted Safe,True,17.010361887717178,18.62018094385859,False,Correctly Predicted Safe,True,False
21,8,2.0,4,Carlos PenaVega,28.9998,Witney Carson,17.21,0.0,100.0,,4,0.0,4,6.0,False,Correctly Predicted Safe,True,14.948396747618808,16.079198373809405,False,Correctly Predicted Safe,True,False
21,8,3.0,5,Tamar Braxton,28.0,Valentin Chmerkovskiy,12.25,0.0,100.0,,5,0.0,5,8.0,False,Correctly Predicted Safe,True,14.433034328972152,13.341517164486076,False,Correctly Predicted Safe,True,False
21,8,3.0,1,Bindi Irwin,28.0,Derek Hough,20.23,0.0,100.0,,1,0.0,2,4.0,False,Correctly Predicted Safe,True,14.433034328972152,17.331517164486076,False,Correctly Predicted Safe,True,False
21,8,5.0,6,Alexa PenaVega,26.9998,Mark Ballas,7.3,0.0,100.0,,6,0.0,6,11.0,False,Correctly Predicted Safe,True,13.917465724120797,10.608732862060398,False,Correctly Predicted Safe,True,False
21,8,6.0,3,Alek Skarlatos,25.0,Lindsay Arnold,20.23,0.0,100.0,,3,0.0,3,9.0,False,Correctly Predicted Safe,True,12.886637793725136,16.558318896862566,False,Correctly Predicted Safe,True,False
21,8,7.0,7,Andy Grammer,23.9998,Allison Holker,2.55,0.0,16.19,,7,0.8381,7,14.0,True,Correctly Predicted Eliminated,True,12.371069188873781,7.46053459443689,True,Correctly Predicted Eliminated,True,True
21,9,1.0,6,Alexa PenaVega,30.0,Mark Ballas,2.46,0.0,15.08,,6,0.8492,6,7.0,False,Incorrectly Predicted Safe,False,18.237082066869302,10.348541033434651,True,Correctly Predicted Eliminated,True,True
21,9,1.0,1,Bindi Irwin,30.0,Derek Hough,23.77,0.02,90.51,,1,0.0951,1,2.0,False,Correctly Predicted Safe,False,18.237082066869302,21.00354103343465,False,Correctly Predicted Safe,True,False
21,9,3.0,2,Nick Carter,27.5,Sharna Burgess,23.77,1.54,92.03,,2,0.0951,2,5.0,False,Correctly Predicted Safe,False,16.717325227963524,20.243662613981762,False,Correctly Predicted Safe,True,False
21,9,4.0,4,Carlos PenaVega,27.0,Witney Carson,16.47,1.84,92.33,,4,0.0951,4,8.0,True,Incorrectly Predicted Eliminated,False,16.41337386018237,16.441686930091187,False,Correctly Predicted Safe,True,False
21,9,5.0,3,Alek Skarlatos,25.5,Lindsay Arnold,23.48,2.76,93.24,,3,0.0951,3,8.0,False,Correctly Predicted Safe,False,15.501519756838904,19.490759878419453,False,Correctly Predicted Safe,True,False
21,9,6.0,5,Tamar Braxton,24.5,Valentin Chmerkovskiy,10.04,3.35,21.45,,5,0.819,5,11.0,True,Correctly Predicted Eliminated,False,14.893617021276595,12.466808510638298,True,Correctly Predicted Eliminated,True,True
21,11,1.0,4,Carlos PenaVega,61.5,Witney Carson,5.26,0.0,23.98,,4,0.7602,4,5.0,True,Correctly Predicted Eliminated,True,26.00423932525976,15.63211966262988,True,Correctly Predicted Eliminated,True,True
21,11,3.0,2,Nick Carter,57.0,Sharna Burgess,36.05,1.92,49.88,,2,0.5204,2,5.0,True,Correctly Predicted Eliminated,True,24.10149010633831,30.075745053169154,True,Correctly Predicted Eliminated,True,True
21,11,1.0,1,Bindi Irwin,61.5,Derek Hough,37.59,24.01,95.95,,1,0.2806,1,2.0,False,Correctly Predicted Safe,True,26.00423932525976,31.797119662629882,False,Correctly Predicted Safe,True,False
21,11,4.0,3,Alek Skarlatos,56.4999,Lindsay Arnold,21.09,2.12,34.1,,3,0.6803,3,7.0,True,Correctly Predicted Eliminated,True,23.890031243142175,22.49001562157109,True,Correctly Predicted Eliminated,True,True
22,2,2.0,2,Paige VanZant,45.0,Mark Ballas,11.4,0.0,100.0,,4,0.0,2,6.0,False,Correctly Predicted Safe,True,9.513742071881607,10.456871035940804,False,Correctly Predicted Safe,True,False
22,2,1.0,4,Wanya Morris,47.0,Lindsay Arnold,11.4,0.0,100.0,,1,0.0,1,2.0,False,Correctly Predicted Safe,True,9.936575052854122,10.668287526427061,False,Correctly Predicted Safe,True,False
22,2,5.0,6,Jodie Sweetin,41.0,Keo Motsepe,11.29,0.0,100.0,,6,0.0,5,11.0,False,Correctly Predicted Safe,True,8.668076109936575,9.979038054968287,False,Correctly Predicted Safe,True,False
22,2,3.0,3,Ginger Zee,44.0,Valentin Chmerkovskiy,11.4,0.0,100.0,,5,0.0,3,8.0,False,Correctly Predicted Safe,True,9.30232558139535,10.351162790697675,False,Correctly Predicted Safe,True,False
22,2,10.0,9,Doug Flutie,35.0,Karina Smirnoff,6.17,0.0,100.0,,9,0.0,9,19.0,False,Correctly Predicted Safe,True,7.399577167019028,6.784788583509513,False,Correctly Predicted Safe,True,False
22,2,5.0,7,Von Miller,41.0,Witney Carson,9.54,0.0,100.0,,7,0.0,7,12.0,False,Correctly Predicted Safe,True,8.668076109936575,9.104038054968287,False,Correctly Predicted Safe,True,False
22,2,4.0,1,Nyle DiMarco,43.0,Peta Murgatroyd,11.4,0.0,100.0,,2,0.0,4,6.0,False,Correctly Predicted Safe,True,9.090909090909092,10.245454545454546,False,Correctly Predicted Safe,True,False
22,2,5.0,10,Marla Maples,41.0,Tony Dovolani,4.27,0.0,100.0,,10,0.0,10,15.0,False,Correctly Predicted Safe,True,8.668076109936575,6.469038054968287,False,Correctly Predicted Safe,True,False
22,2,9.0,8,Kim Fields,39.0,Sasha Farber,7.83,0.0,100.0,,8,0.0,8,17.0,False,Correctly Predicted Safe,True,8.24524312896406,8.03762156448203,False,Correctly Predicted Safe,True,False
22,2,8.0,5,Antonio Brown,40.0,Sharna Burgess,11.4,0.0,100.0,,3,0.0,6,11.0,False,Correctly Predicted Safe,True,8.456659619450317,9.92832980972516,False,Correctly Predicted Safe,True,False
22,2,11.0,11,Mischa Barton,31.0,Artem Chigvintsev,2.76,0.0,100.0,,11,0.0,11,22.0,False,Correctly Predicted Safe,True,6.553911205073996,4.656955602536998,False,Correctly Predicted Safe,True,False
22,2,12.0,12,Geraldo Rivera,26.0,Edyta Sliwinska,1.13,0.0,11.16,,12,0.8884,12,24.0,True,Correctly Predicted Eliminated,True,5.496828752642706,3.313414376321353,True,Correctly Predicted Eliminated,True,True
22,3,1.0,1,Nyle DiMarco,25.0,Peta Murgatroyd,12.54,0.0,100.0,,1,0.0,1,2.0,False,Correctly Predicted Safe,True,10.548523206751055,11.544261603375528,False,Correctly Predicted Safe,True,False
22,3,2.0,4,Wanya Morris,24.0,Lindsay Arnold,12.54,0.0,100.0,,2,0.0,2,4.0,False,Correctly Predicted Safe,True,10.126582278481013,11.333291139240506,False,Correctly Predicted Safe,True,False
22,3,3.0,6,Jodie Sweetin,23.0,Keo Motsepe,11.32,0.0,100.0,,6,0.0,5,9.0,False,Correctly Predicted Safe,True,9.70464135021097,10.512320675105485,False,Correctly Predicted Safe,True,False
22,3,3.0,2,Paige VanZant,23.0,Mark Ballas,12.54,0.0,100.0,,3,0.0,3,6.0,False,Correctly Predicted Safe,True,9.70464135021097,11.122320675105485,False,Correctly Predicted Safe,True,False
22,3,5.0,8,Kim Fields,22.0,Sasha Farber,7.19,0.0,100.0,,8,0.0,8,13.0,False,Correctly Predicted Safe,True,9.282700421940929,8.236350210970464,False,Correctly Predicted Safe,True,False
22,3,6.0,3,Ginger Zee,21.0,Valentin Chmerkovskiy,12.54,0.0,100.0,,4,0.0,4,10.0,False,Correctly Predicted Safe,True,8.860759493670885,10.700379746835441,False,Correctly Predicted Safe,True,False
22,3,6.0,10,Marla Maples,21.0,Tony Dovolani,3.07,0.0,100.0,,10,0.0,10,16.0,False,Correctly Predicted Safe,True,8.860759493670885,5.965379746835443,False,Correctly Predicted Safe,True,False
22,3,8.0,9,Doug Flutie,20.0,Karina Smirnoff,5.21,0.0,100.0,,9,0.0,9,17.0,False,Correctly Predicted Safe,True,8.438818565400844,6.824409282700422,False,Correctly Predicted Safe,True,False
22,3,8.0,7,Von Miller,20.0,Witney Carson,9.39,0.0,100.0,,7,0.0,7,15.0,False,Correctly Predicted Safe,True,8.438818565400844,8.914409282700422,False,Correctly Predicted Safe,True,False
22,3,8.0,5,Antonio Brown,20.0,Sharna Burgess,12.54,0.0,100.0,,5,0.0,6,13.0,False,Correctly Predicted Safe,True,8.438818565400844,10.489409282700421,False,Correctly Predicted Safe,True,False
22,3,11.0,11,Mischa Barton,18.0,Artem Chigvintsev,1.14,0.0,10.58,,11,0.8942,11,22.0,True,Correctly Predicted Eliminated,True,7.59493670886076,4.36746835443038,True,Correctly Predicted Eliminated,True,True
22,4,1.0,2,Paige VanZant,36.0,Mark Ballas,13.77,0.0,98.41,,1,0.0159,1,2.0,False,Correctly Predicted Safe,False,11.285266457680251,12.527633228840125,False,Correctly Predicted Safe,True,False
22,4,1.0,3,Ginger Zee,36.0,Valentin Chmerkovskiy,13.77,0.0,98.41,,2,0.0159,2,3.0,False,Correctly Predicted Safe,False,11.285266457680251,12.527633228840125,False,Correctly Predicted Safe,True,False
22,4,3.0,5,Antonio Brown,35.0,Sharna Burgess,13.52,0.0,98.41,,5,0.0159,4,8.0,False,Correctly Predicted Safe,False,10.9717868338558,12.245893416927899,False,Correctly Predicted Safe,True,False
22,4,3.0,4,Wanya Morris,35.0,Lindsay Arnold,13.77,0.0,98.41,,3,0.0159,3,6.0,False,Correctly Predicted Safe,False,10.9717868338558,12.370893416927899,False,Correctly Predicted Safe,True,False
22,4,5.0,1,Nyle DiMarco,34.0,Peta Murgatroyd,13.77,0.0,98.41,,4,0.0159,5,9.0,False,Correctly Predicted Safe,False,10.658307210031348,12.214153605015674,False,Correctly Predicted Safe,True,False
22,4,6.0,8,Kim Fields,32.0,Sasha Farber,6.13,0.0,98.41,,8,0.0159,8,14.0,False,Correctly Predicted Safe,False,10.031347962382444,8.080673981191222,False,Correctly Predicted Safe,True,False
22,4,6.0,7,Von Miller,32.0,Witney Carson,8.64,0.0,98.41,,7,0.0159,7,13.0,False,Correctly Predicted Safe,False,10.031347962382444,9.335673981191222,False,Correctly Predicted Safe,True,False
22,4,8.0,10,Marla Maples,28.0,Tony Dovolani,1.3,0.0,11.21,,10,0.8879,10,18.0,False,Incorrectly Predicted Safe,False,8.77742946708464,5.03871473354232,True,Correctly Predicted Eliminated,True,True
22,4,9.0,6,Jodie Sweetin,27.0,Keo Motsepe,11.36,0.32,98.74,,6,0.0159,6,15.0,False,Correctly Predicted Safe,False,8.463949843260188,9.911974921630094,False,Correctly Predicted Safe,True,False
22,4,10.0,9,Doug Flutie,24.0,Karina Smirnoff,3.97,1.26,99.68,,9,0.0159,9,19.0,True,Incorrectly Predicted Eliminated,False,7.523510971786834,5.746755485893417,False,Correctly Predicted Safe,True,False
22,6,3.0,4,Wanya Morris,59.0,Lindsay Arnold,15.46,0.0,100.0,,1,0.0,2,4.0,False,Correctly Predicted Safe,True,11.72962226640159,13.594811133200796,False,Correctly Predicted Safe,True,False
22,6,3.0,2,Paige VanZant,59.0,Mark Ballas,15.46,0.0,100.0,,2,0.0,3,5.0,False,Correctly Predicted Safe,True,11.72962226640159,13.594811133200796,False,Correctly Predicted Safe,True,False
22,6,6.0,5,Antonio Brown,53.0,Sharna Burgess,13.83,0.0,100.0,,5,0.0,5,11.0,False,Correctly Predicted Safe,True,10.536779324055665,12.183389662027832,False,Correctly Predicted Safe,True,False
22,6,2.0,6,Jodie Sweetin,60.0,Keo Motsepe,10.52,0.0,100.0,,6,0.0,6,8.0,False,Correctly Predicted Safe,True,11.928429423459244,11.224214711729623,False,Correctly Predicted Safe,True,False
22,6,1.0,1,Nyle DiMarco,62.0,Peta Murgatroyd,15.46,0.0,100.0,,4,0.0,1,5.0,False,Correctly Predicted Safe,True,12.326043737574553,13.893021868787276,False,Correctly Predicted Safe,True,False
22,6,8.0,8,Kim Fields,52.0,Sasha Farber,4.59,0.0,100.0,,8,0.0,8,16.0,False,Correctly Predicted Safe,True,10.337972166998012,7.463986083499006,False,Correctly Predicted Safe,True,False
22,6,6.0,7,Von Miller,53.0,Witney Carson,7.65,0.0,100.0,,7,0.0,7,13.0,False,Correctly Predicted Safe,True,10.536779324055665,9.093389662027832,False,Correctly Predicted Safe,True,False
22,6,5.0,3,Ginger Zee,56.0,Valentin Chmerkovskiy,15.46,0.0,100.0,,3,0.0,4,8.0,False,Correctly Predicted Safe,True,11.133200795228628,13.296600397614315,False,Correctly Predicted Safe,True,False
22,6,9.0,9,Doug Flutie,49.0,Karina Smirnoff,1.59,0.0,12.47,,9,0.8753,9,18.0,True,Correctly Predicted Eliminated,True,9.74155069582505,5.665775347912525,True,Correctly Predicted Eliminated,True,True
22,7,1.0,1,Nyle DiMarco,28.0,Peta Murgatroyd,17.48,0.0,99.72,,3,0.0028,1,4.0,False,Correctly Predicted Safe,False,13.084112149532709,15.282056074766356,False,Correctly Predicted Safe,True,False
22,7,2.0,2,Paige VanZant,27.5,Mark Ballas,17.48,0.0,99.72,,1,0.0028,2,3.0,False,Correctly Predicted Safe,False,12.850467289719624,15.165233644859812,False,Correctly Predicted Safe,True,False
22,7,2.0,3,Ginger Zee,27.5,Valentin Chmerkovskiy,17.48,0.0,99.72,,2,0.0028,3,4.0,False,Correctly Predicted Safe,False,12.850467289719624,15.165233644859812,False,Correctly Predicted Safe,True,False
22,7,2.0,4,Wanya Morris,27.5,Lindsay Arnold,17.18,0.0,99.72,,4,0.0028,4,6.0,False,Correctly Predicted Safe,False,12.850467289719624,15.015233644859812,False,Correctly Predicted Safe,True,False
22,7,5.0,8,Kim Fields,26.0,Sasha Farber,1.76,0.0,12.83,,8,0.8717,8,13.0,True,Correctly Predicted Eliminated,False,12.149532710280374,6.954766355140187,True,Correctly Predicted Eliminated,True,True
22,7,5.0,7,Von Miller,26.0,Witney Carson,5.65,0.01,14.68,,7,0.8533,7,12.0,False,Incorrectly Predicted Safe,False,12.149532710280374,8.899766355140187,True,Correctly Predicted Eliminated,True,True
22,7,5.0,5,Antonio Brown,26.0,Sharna Burgess,13.41,0.02,99.74,,5,0.0028,5,10.0,False,Correctly Predicted Safe,False,12.149532710280374,12.779766355140186,False,Correctly Predicted Safe,True,False
22,7,8.0,6,Jodie Sweetin,25.5,Keo Motsepe,9.57,0.25,99.97,,6,0.0028,6,14.0,True,Incorrectly Predicted Eliminated,False,11.91588785046729,10.742943925233645,False,Correctly Predicted Safe,True,False
22,8,1.0,6,Jodie Sweetin,30.0,Keo Motsepe,2.58,0.0,15.57,,6,0.8443,6,7.0,False,Incorrectly Predicted Safe,False,17.75147928994083,10.165739644970415,True,Correctly Predicted Eliminated,True,True
22,8,1.0,3,Ginger Zee,30.0,Valentin Chmerkovskiy,23.02,0.01,93.45,,3,0.0656,2,4.0,False,Correctly Predicted Safe,False,17.75147928994083,20.385739644970414,False,Correctly Predicted Safe,True,False
22,8,3.0,1,Nyle DiMarco,29.0,Peta Murgatroyd,23.84,0.6,94.04,,1,0.0656,1,4.0,False,Correctly Predicted Safe,False,17.159763313609467,20.49988165680473,False,Correctly Predicted Safe,True,False
22,8,4.0,2,Paige VanZant,28.0,Mark Ballas,23.84,1.19,94.63,,2,0.0656,3,6.0,False,Correctly Predicted Safe,False,16.56804733727811,20.204023668639053,False,Correctly Predicted Safe,True,False
22,8,5.0,5,Antonio Brown,27.0,Sharna Burgess,9.82,1.79,95.23,,5,0.0656,5,10.0,True,Incorrectly Predicted Eliminated,False,15.976331360946746,12.898165680473372,False,Correctly Predicted Safe,True,False
22,8,6.0,4,Wanya Morris,25.0,Lindsay Arnold,16.91,2.97,96.41,,4,0.0656,4,10.0,False,Correctly Predicted Safe,False,14.792899408284024,15.851449704142013,False,Correctly Predicted Safe,True,False
22,9,1.0,4,Wanya Morris,30.0,Lindsay Arnold,13.44,0.0,24.3,,4,0.757,4,5.0,False,Incorrectly Predicted Safe,False,20.905923344947734,17.172961672473868,True,Correctly Predicted Eliminated,True,True
22,9,2.0,2,Paige VanZant,29.5,Mark Ballas,29.37,0.36,97.54,,1,0.0282,1,3.0,False,Correctly Predicted Safe,False,20.557491289198605,24.963745644599303,False,Correctly Predicted Safe,True,False
22,9,3.0,1,Nyle DiMarco,28.5,Peta Murgatroyd,29.37,1.06,98.24,,2,0.0282,2,5.0,False,Correctly Predicted Safe,False,19.860627177700348,24.615313588850174,False,Correctly Predicted Safe,True,False
22,9,4.0,3,Ginger Zee,28.0,Valentin Chmerkovskiy,23.65,1.4,98.59,,3,0.0282,3,7.0,True,Incorrectly Predicted Eliminated,False,19.51219512195122,21.581097560975607,False,Correctly Predicted Safe,True,False
22,9,5.0,5,Antonio Brown,27.5,Sharna Burgess,4.16,0.0,20.82,,5,0.7918,5,10.0,True,Correctly Predicted Eliminated,False,19.16376306620209,11.661881533101045,True,Correctly Predicted Eliminated,True,True
22,10,1.0,2,Paige VanZant,29.666600000000003,Mark Ballas,35.95,0.0,49.61,,2,0.5039,2,3.0,True,Correctly Predicted Eliminated,True,34.099697010101195,35.0248485050506,True,Correctly Predicted Eliminated,True,True
22,10,2.0,1,Nyle DiMarco,28.9998,Peta Murgatroyd,54.54,33.34,100.0,,1,0.3334,1,3.0,False,Correctly Predicted Safe,True,33.333256704628525,43.93662835231426,False,Correctly Predicted Safe,True,False
22,10,3.0,3,Ginger Zee,28.3332,Valentin Chmerkovskiy,9.51,0.0,34.09,,3,0.6591,3,6.0,True,Correctly Predicted Eliminated,True,32.56704628527028,21.03852314263514,True,Correctly Predicted Eliminated,True,True
23,2,1.0,1,Laurie Hernandez,63.0,Valentin Chmerkovskiy,10.52,0.0,99.4,,6,0.006,1,7.0,False,Correctly Predicted Safe,False,9.237536656891496,9.878768328445748,False,Correctly Predicted Safe,True,False
23,2,3.0,5,Terra Jole,56.0,Sasha Farber,10.52,0.0,99.4,,1,0.006,3,4.0,False,Correctly Predicted Safe,False,8.211143695014663,9.365571847507331,False,Correctly Predicted Safe,True,False
23,2,3.0,11,Babyface,56.0,Allison Holker,3.65,0.0,99.4,,11,0.006,11,14.0,False,Correctly Predicted Safe,False,8.211143695014663,5.9305718475073315,False,Correctly Predicted Safe,True,False
23,2,2.0,2,James Hinchcliffe,60.0,Sharna Burgess,10.52,0.0,99.4,,2,0.006,2,4.0,False,Correctly Predicted Safe,False,8.797653958944283,9.658826979472142,False,Correctly Predicted Safe,True,False
23,2,3.0,4,Jana Kramer,56.0,Gleb Savchenko,10.52,0.0,99.4,,3,0.006,4,6.0,False,Correctly Predicted Safe,False,8.211143695014663,9.365571847507331,False,Correctly Predicted Safe,True,False
23,2,6.0,3,Calvin Johnson Jr.,54.0,Lindsay Arnold,10.52,0.0,99.4,,4,0.006,5,10.0,False,Correctly Predicted Safe,False,7.9178885630498534,9.218944281524927,False,Correctly Predicted Safe,True,False
23,2,6.0,6,Marilu Henner,54.0,Derek Hough,10.52,0.0,99.4,,5,0.006,6,11.0,False,Correctly Predicted Safe,False,7.9178885630498534,9.218944281524927,False,Correctly Predicted Safe,True,False
23,2,9.0,8,Maureen McCormick,48.0,Artem Chigvintsev,8.28,0.0,99.4,,8,0.006,8,17.0,False,Correctly Predicted Safe,False,7.038123167155426,7.659061583577713,False,Correctly Predicted Safe,True,False
23,2,8.0,10,Vanilla Ice,51.0,Witney Carson,5.23,0.0,99.4,,10,0.006,10,18.0,False,Correctly Predicted Safe,False,7.47800586510264,6.35400293255132,False,Correctly Predicted Safe,True,False
23,2,12.0,13,Jake T. Austin,46.0,Jenna Johnson,0.79,0.0,8.63,,13,0.9137,13,25.0,False,Incorrectly Predicted Safe,False,6.744868035190615,3.7674340175953076,True,Correctly Predicted Eliminated,True,True
23,2,9.0,7,Ryan Lochte,48.0,Cheryl Burke,9.78,0.0,99.4,,7,0.006,7,16.0,False,Correctly Predicted Safe,False,7.038123167155426,8.409061583577714,False,Correctly Predicted Safe,True,False
23,2,9.0,9,Amber Rose,48.0,Maksim Chmerkoskiy,6.78,0.0,99.4,,9,0.006,9,18.0,False,Correctly Predicted Safe,False,7.038123167155426,6.909061583577714,False,Correctly Predicted Safe,True,False
23,2,13.0,12,Rick Perry,42.0,Emma Slater,2.36,0.6,100.0,,12,0.006,12,25.0,True,Incorrectly Predicted Eliminated,False,6.158357771260997,4.259178885630498,False,Correctly Predicted Safe,True,False
23,3,1.0,3,Calvin Johnson Jr.,32.0,Lindsay Arnold,11.41,0.0,99.99,,1,0.0001,1,2.0,False,Correctly Predicted Safe,True,9.846153846153847,10.628076923076923,False,Correctly Predicted Safe,True,False
23,3,2.0,1,Laurie Hernandez,31.0,Valentin Chmerkovskiy,11.41,0.0,99.99,,2,0.0001,2,4.0,False,Correctly Predicted Safe,True,9.538461538461538,10.474230769230768,False,Correctly Predicted Safe,True,False
23,3,3.0,5,Terra Jole,30.0,Sasha Farber,11.41,0.0,99.99,,3,0.0001,3,6.0,False,Correctly Predicted Safe,True,9.230769230769232,10.320384615384615,False,Correctly Predicted Safe,True,False
23,3,4.0,2,James Hinchcliffe,29.0,Sharna Burgess,11.41,0.0,99.99,,5,0.0001,4,9.0,False,Correctly Predicted Safe,True,8.923076923076923,10.166538461538462,False,Correctly Predicted Safe,True,False
23,3,5.0,8,Maureen McCormick,28.0,Artem Chigvintsev,7.8,0.0,99.99,,8,0.0001,8,13.0,False,Correctly Predicted Safe,True,8.615384615384615,8.207692307692307,False,Correctly Predicted Safe,True,False
23,3,5.0,6,Marilu Henner,28.0,Derek Hough,11.31,0.0,99.99,,6,0.0001,5,11.0,False,Correctly Predicted Safe,True,8.615384615384615,9.962692307692308,False,Correctly Predicted Safe,True,False
23,3,7.0,4,Jana Kramer,26.0,Gleb Savchenko,11.41,0.0,99.99,,4,0.0001,6,11.0,False,Correctly Predicted Safe,True,8.0,9.705,False,Correctly Predicted Safe,True,False
23,3,8.0,7,Ryan Lochte,25.0,Cheryl Burke,9.66,0.0,99.99,,7,0.0001,7,15.0,False,Correctly Predicted Safe,True,7.6923076923076925,8.676153846153847,False,Correctly Predicted Safe,True,False
23,3,8.0,9,Amber Rose,25.0,Maksim Chmerkoskiy,6.15,0.0,99.99,,9,0.0001,9,17.0,False,Correctly Predicted Safe,True,7.6923076923076925,6.921153846153846,False,Correctly Predicted Safe,True,False
23,3,8.0,11,Babyface,25.0,Allison Holker,2.63,0.0,99.99,,11,0.0001,11,19.0,False,Correctly Predicted Safe,True,7.6923076923076925,5.161153846153846,False,Correctly Predicted Safe,True,False
23,3,11.0,12,Rick Perry,23.0,Emma Slater,0.95,0.0,9.58,,12,0.9042,12,23.0,True,Correctly Predicted Eliminated,True,7.076923076923077,4.013461538461538,True,Correctly Predicted Eliminated,True,True
23,3,11.0,10,Vanilla Ice,23.0,Witney Carson,4.46,0.01,100.0,,10,0.0001,10,21.0,False,Correctly Predicted Safe,True,7.076923076923077,5.768461538461539,False,Correctly Predicted Safe,True,False
23,4,1.0,1,Laurie Hernandez,30.0,Valentin Chmerkovskiy,12.51,0.0,98.81,,5,0.0119,1,6.0,False,Correctly Predicted Safe,True,11.494252873563218,12.002126436781609,False,Correctly Predicted Safe,True,False
23,4,2.0,2,James Hinchcliffe,28.0,Sharna Burgess,12.51,0.0,98.81,,1,0.0119,2,3.0,False,Correctly Predicted Safe,True,10.727969348659004,11.618984674329502,False,Correctly Predicted Safe,True,False
23,4,3.0,5,Terra Jole,25.0,Sasha Farber,12.51,0.0,98.81,,2,0.0119,3,5.0,False,Correctly Predicted Safe,True,9.578544061302683,11.044272030651342,False,Correctly Predicted Safe,True,False
23,4,4.0,8,Maureen McCormick,24.0,Artem Chigvintsev,7.19,0.0,98.81,,8,0.0119,8,12.0,False,Correctly Predicted Safe,True,9.195402298850574,8.192701149425288,False,Correctly Predicted Safe,True,False
23,4,4.0,9,Amber Rose,24.0,Maksim Chmerkoskiy,5.1,0.0,98.81,,9,0.0119,9,13.0,False,Correctly Predicted Safe,True,9.195402298850574,7.147701149425287,False,Correctly Predicted Safe,True,False
23,4,6.0,3,Calvin Johnson Jr.,23.0,Lindsay Arnold,12.51,0.01,98.82,,3,0.0119,4,9.0,False,Correctly Predicted Safe,True,8.812260536398467,10.661130268199233,False,Correctly Predicted Safe,True,False
23,4,6.0,10,Vanilla Ice,23.0,Witney Carson,3.07,0.0,10.49,,10,0.8951,10,16.0,True,Correctly Predicted Eliminated,True,8.812260536398467,5.941130268199234,True,Correctly Predicted Eliminated,True,True
23,4,6.0,4,Jana Kramer,23.0,Gleb Savchenko,12.51,0.01,98.82,,4,0.0119,5,10.0,False,Correctly Predicted Safe,True,8.812260536398467,10.661130268199233,False,Correctly Predicted Safe,True,False
23,4,9.0,7,Ryan Lochte,22.0,Cheryl Burke,9.37,0.39,99.2,,7,0.0119,7,16.0,False,Correctly Predicted Safe,True,8.42911877394636,8.89955938697318,False,Correctly Predicted Safe,True,False
23,4,10.0,6,Marilu Henner,21.0,Derek Hough,11.5,0.78,99.59,,6,0.0119,6,16.0,False,Correctly Predicted Safe,True,8.045977011494253,9.772988505747126,False,Correctly Predicted Safe,True,False
23,4,11.0,11,Babyface,18.0,Allison Holker,1.22,0.0,11.27,,11,0.8873,11,22.0,True,Correctly Predicted Eliminated,True,6.896551724137931,4.058275862068966,True,Correctly Predicted Eliminated,True,True
23,6,2.0,4,Jana Kramer,66.0,Gleb Savchenko,15.44,0.0,100.0,,1,0.0,2,3.0,False,Correctly Predicted Safe,True,12.33644859813084,13.88822429906542,False,Correctly Predicted Safe,True,False
23,6,1.0,2,James Hinchcliffe,67.0,Sharna Burgess,15.44,0.0,100.0,,2,0.0,1,3.0,False,Correctly Predicted Safe,True,12.52336448598131,13.981682242990654,False,Correctly Predicted Safe,True,False
23,6,4.0,3,Calvin Johnson Jr.,61.0,Lindsay Arnold,15.44,0.0,100.0,,3,0.0,4,7.0,False,Correctly Predicted Safe,True,11.401869158878505,13.420934579439251,False,Correctly Predicted Safe,True,False
23,6,3.0,1,Laurie Hernandez,62.0,Valentin Chmerkovskiy,15.44,0.0,100.0,,4,0.0,3,7.0,False,Correctly Predicted Safe,True,11.588785046728972,13.514392523364485,False,Correctly Predicted Safe,True,False
23,6,4.0,6,Marilu Henner,61.0,Derek Hough,10.59,0.0,100.0,,6,0.0,6,10.0,False,Correctly Predicted Safe,True,11.401869158878505,10.995934579439252,False,Correctly Predicted Safe,True,False
23,6,7.0,8,Maureen McCormick,55.0,Artem Chigvintsev,4.59,0.0,100.0,,8,0.0,8,15.0,False,Correctly Predicted Safe,True,10.2803738317757,7.43518691588785,False,Correctly Predicted Safe,True,False
23,6,8.0,7,Ryan Lochte,54.0,Cheryl Burke,7.7,0.0,100.0,,7,0.0,7,15.0,False,Correctly Predicted Safe,True,10.093457943925234,8.896728971962617,False,Correctly Predicted Safe,True,False
23,6,6.0,5,Terra Jole,57.0,Sasha Farber,13.79,0.0,100.0,,5,0.0,5,11.0,False,Correctly Predicted Safe,True,10.654205607476635,12.222102803738316,False,Correctly Predicted Safe,True,False
23,6,9.0,9,Amber Rose,52.0,Maksim Chmerkoskiy,1.59,0.0,12.49,,9,0.8751,9,18.0,True,Correctly Predicted Eliminated,True,9.719626168224298,5.654813084112149,True,Correctly Predicted Eliminated,True,True
23,7,1.0,3,Calvin Johnson Jr.,37.0,Lindsay Arnold,17.46,0.0,99.62,,1,0.0038,1,2.0,False,Correctly Predicted Safe,False,13.430127041742287,15.445063520871145,False,Correctly Predicted Safe,True,False
23,7,1.0,2,James Hinchcliffe,37.0,Sharna Burgess,17.46,0.0,99.62,,2,0.0038,2,3.0,False,Correctly Predicted Safe,False,13.430127041742287,15.445063520871145,False,Correctly Predicted Safe,True,False
23,7,3.0,1,Laurie Hernandez,34.5,Valentin Chmerkovskiy,17.46,0.0,99.62,,3,0.0038,3,6.0,False,Correctly Predicted Safe,False,12.522686025408348,14.991343012704174,False,Correctly Predicted Safe,True,False
23,7,3.0,4,Jana Kramer,34.5,Gleb Savchenko,17.22,0.0,99.62,,4,0.0038,4,7.0,False,Correctly Predicted Safe,False,12.522686025408348,14.871343012704173,False,Correctly Predicted Safe,True,False
23,7,3.0,5,Terra Jole,34.5,Sasha Farber,13.33,0.0,99.62,,5,0.0038,5,8.0,False,Correctly Predicted Safe,False,12.522686025408348,12.926343012704173,False,Correctly Predicted Safe,True,False
23,7,6.0,8,Maureen McCormick,33.0,Artem Chigvintsev,1.79,0.0,13.01,,8,0.8699,8,14.0,False,Incorrectly Predicted Safe,False,11.978221415607985,6.884110707803993,True,Correctly Predicted Eliminated,True,True
23,7,6.0,7,Ryan Lochte,33.0,Cheryl Burke,5.67,0.01,99.63,,7,0.0038,7,13.0,False,Correctly Predicted Safe,False,11.978221415607985,8.824110707803992,False,Correctly Predicted Safe,True,False
23,7,8.0,6,Marilu Henner,32.0,Derek Hough,9.61,0.37,99.99,,6,0.0038,6,14.0,True,Incorrectly Predicted Eliminated,False,11.61524500907441,10.612622504537205,False,Correctly Predicted Safe,True,False
23,8,1.0,2,James Hinchcliffe,34.9998,Sharna Burgess,20.05,0.0,97.49,,1,0.0251,1,2.0,False,Correctly Predicted Safe,False,17.41285314711756,18.731426573558778,False,Correctly Predicted Safe,True,False
23,8,2.0,1,Laurie Hernandez,33.0,Valentin Chmerkovskiy,20.05,0.0,97.49,,2,0.0251,2,4.0,False,Correctly Predicted Safe,False,16.41792678400675,18.233963392003375,False,Correctly Predicted Safe,True,False
23,8,3.0,3,Calvin Johnson Jr.,30.0,Lindsay Arnold,20.05,0.0,97.49,,3,0.0251,3,6.0,False,Correctly Predicted Safe,False,14.925387985460684,17.487693992730343,False,Correctly Predicted Safe,True,False
23,8,3.0,4,Jana Kramer,30.0,Gleb Savchenko,17.06,0.0,97.49,,4,0.0251,4,7.0,False,Correctly Predicted Safe,False,14.925387985460684,15.992693992730342,False,Correctly Predicted Safe,True,False
23,8,5.0,7,Ryan Lochte,26.0,Cheryl Burke,2.42,0.0,15.63,,7,0.8437,7,12.0,False,Incorrectly Predicted Safe,False,12.935336254065923,7.677668127032962,True,Correctly Predicted Eliminated,True,True
23,8,6.0,5,Terra Jole,24.0,Sasha Farber,12.64,1.01,98.5,,5,0.0251,5,11.0,False,Correctly Predicted Safe,False,11.940310388368545,12.290155194184273,False,Correctly Predicted Safe,True,False
23,8,7.0,6,Marilu Henner,23.0,Derek Hough,7.73,1.5,98.99,,6,0.0251,6,13.0,True,Incorrectly Predicted Eliminated,False,11.442797455519857,9.586398727759928,False,Correctly Predicted Safe,True,False
23,9,1.0,1,Laurie Hernandez,40.0,Valentin Chmerkovskiy,23.85,0.0,99.99,,1,0.0001,1,2.0,False,Correctly Predicted Safe,True,17.62114537444934,20.73557268722467,False,Correctly Predicted Safe,True,False
23,9,1.0,4,Jana Kramer,40.0,Gleb Savchenko,16.24,0.0,99.99,,4,0.0001,4,5.0,False,Correctly Predicted Safe,True,17.62114537444934,16.930572687224668,False,Correctly Predicted Safe,True,False
23,9,3.0,5,Terra Jole,38.0,Sasha Farber,9.64,0.0,99.99,,5,0.0001,5,8.0,False,Correctly Predicted Safe,True,16.740088105726873,13.190044052863437,False,Correctly Predicted Safe,True,False
23,9,4.0,3,Calvin Johnson Jr.,37.0,Lindsay Arnold,23.38,0.0,99.99,,3,0.0001,3,7.0,False,Correctly Predicted Safe,True,16.299559471365637,19.839779735682818,False,Correctly Predicted Safe,True,False
23,9,5.0,6,Marilu Henner,36.0,Derek Hough,3.03,0.0,17.47,,6,0.8253,6,11.0,True,Correctly Predicted Eliminated,True,15.859030837004406,9.444515418502203,True,Correctly Predicted Eliminated,True,True
23,9,5.0,2,James Hinchcliffe,36.0,Sharna Burgess,23.85,0.01,100.0,,2,0.0001,2,7.0,False,Correctly Predicted Safe,True,15.859030837004406,19.854515418502203,False,Correctly Predicted Safe,True,False
23,10,1.0,1,Laurie Hernandez,30.0,Valentin Chmerkovskiy,29.36,0.01,97.58,,1,0.0243,1,2.0,False,Correctly Predicted Safe,False,20.477815699658702,24.918907849829353,False,Correctly Predicted Safe,True,False
23,10,1.0,5,Terra Jole,30.0,Sasha Farber,3.77,0.0,19.51,,5,0.8049,5,6.0,False,Incorrectly Predicted Safe,False,20.477815699658702,12.12390784982935,True,Correctly Predicted Eliminated,True,True
23,10,3.0,2,James Hinchcliffe,29.5,Sharna Burgess,29.36,0.35,97.92,,2,0.0243,2,5.0,False,Correctly Predicted Safe,False,20.13651877133106,24.748259385665527,False,Correctly Predicted Safe,True,False
23,10,4.0,4,Jana Kramer,29.0,Gleb Savchenko,13.76,0.69,98.26,,4,0.0243,4,8.0,False,Correctly Predicted Safe,False,19.795221843003414,16.777610921501708,False,Correctly Predicted Safe,True,False
23,10,5.0,3,Calvin Johnson Jr.,28.0,Lindsay Arnold,23.75,1.38,98.95,,3,0.0243,3,8.0,True,Incorrectly Predicted Eliminated,False,19.112627986348123,21.43131399317406,False,Correctly Predicted Safe,True,False
23,11,1.0,1,Laurie Hernandez,39.333200000000005,Valentin Chmerkovskiy,37.61,24.17,100.0,,1,0.2417,1,2.0,False,Correctly Predicted Safe,True,25.848858582824956,31.72942929141248,False,Correctly Predicted Safe,True,False
23,11,2.0,2,James Hinchcliffe,38.9998,Sharna Burgess,35.5,0.0,50.1,,2,0.499,2,4.0,True,Correctly Predicted Eliminated,True,25.629755904896033,30.564877952448015,True,Correctly Predicted Eliminated,True,True
23,11,3.0,3,Calvin Johnson Jr.,38.3331,Lindsay Arnold,20.62,0.0,33.69,,3,0.6631,3,6.0,True,Correctly Predicted Eliminated,True,25.191616266698034,22.90580813334902,True,Correctly Predicted Eliminated,True,True
23,11,4.0,4,Jana Kramer,35.5,Gleb Savchenko,6.27,0.0,26.66,,4,0.7334,4,8.0,True,Correctly Predicted Eliminated,True,23.32976924558098,14.79988462279049,True,Correctly Predicted Eliminated,True,True
24,2,1.0,1,Rashad Jennings,63.0,Emma Slater,11.41,0.0,100.0,,2,0.0,1,3.0,False,Correctly Predicted Safe,True,10.0,10.705,False,Correctly Predicted Safe,True,False
24,2,3.0,3,Normani,59.0,Valentin Chmerkovskiy,11.41,0.0,100.0,,3,0.0,3,6.0,False,Correctly Predicted Safe,True,9.365079365079366,10.387539682539682,False,Correctly Predicted Safe,True,False
24,2,4.0,8,Heather Morris,58.0,Maksim Chmerkoskiy,7.73,0.0,100.0,,8,0.0,8,12.0,False,Correctly Predicted Safe,True,9.206349206349207,8.468174603174603,False,Correctly Predicted Safe,True,False
24,2,2.0,4,Simone Biles,61.0,Sasha Farber,11.41,0.0,100.0,,4,0.0,2,6.0,False,Correctly Predicted Safe,True,9.682539682539684,10.546269841269842,False,Correctly Predicted Safe,True,False
24,2,5.0,7,Nancy Kerrigan,56.0,Artem Chigvintsev,9.52,0.0,100.0,,7,0.0,7,12.0,False,Correctly Predicted Safe,True,8.88888888888889,9.204444444444444,False,Correctly Predicted Safe,True,False
24,2,8.0,5,Bonner Bolton,50.0,Sharna Burgess,11.41,0.0,100.0,,1,0.0,5,9.0,False,Correctly Predicted Safe,True,7.936507936507936,9.673253968253968,False,Correctly Predicted Safe,True,False
24,2,7.0,9,Erika Jayne,52.0,Gleb Savchenko,6.08,0.0,100.0,,9,0.0,9,16.0,False,Correctly Predicted Safe,True,8.253968253968253,7.166984126984127,False,Correctly Predicted Safe,True,False
24,2,6.0,2,David Ross,55.0,Lindsay Arnold,11.41,0.0,100.0,,5,0.0,4,11.0,False,Correctly Predicted Safe,True,8.73015873015873,10.070079365079366,False,Correctly Predicted Safe,True,False
24,2,10.0,11,Charo,46.0,Keo Motsepe,2.68,0.0,100.0,,11,0.0,11,21.0,False,Correctly Predicted Safe,True,7.301587301587302,4.990793650793651,False,Correctly Predicted Safe,True,False
24,2,9.0,6,Nick Viall,49.0,Peta Murgatroyd,11.4,0.0,100.0,,6,0.0,6,15.0,False,Correctly Predicted Safe,True,7.777777777777778,9.588888888888889,False,Correctly Predicted Safe,True,False
24,2,11.0,10,Mr. T,42.0,Kym Herjavec,4.51,0.0,100.0,,10,0.0,10,21.0,False,Correctly Predicted Safe,True,6.666666666666667,5.588333333333333,False,Correctly Predicted Safe,True,False
24,2,12.0,12,Chris Kattan,39.0,Witney Carson,1.05,0.0,10.47,,12,0.8953,12,24.0,True,Correctly Predicted Eliminated,True,6.190476190476191,3.6202380952380953,True,Correctly Predicted Eliminated,True,True
24,3,1.0,3,Normani,34.0,Valentin Chmerkovskiy,12.54,0.0,99.98,,1,0.0002,1,2.0,False,Correctly Predicted Safe,True,10.793650793650794,11.666825396825397,False,Correctly Predicted Safe,True,False
24,3,2.0,8,Heather Morris,33.0,Maksim Chmerkoskiy,7.05,0.0,99.98,,8,0.0002,8,10.0,False,Correctly Predicted Safe,True,10.476190476190476,8.763095238095238,False,Correctly Predicted Safe,True,False
24,3,2.0,7,Nancy Kerrigan,33.0,Artem Chigvintsev,9.14,0.0,99.98,,7,0.0002,7,9.0,False,Correctly Predicted Safe,True,10.476190476190476,9.808095238095238,False,Correctly Predicted Safe,True,False
24,3,4.0,4,Simone Biles,32.0,Sasha Farber,12.54,0.0,99.98,,2,0.0002,2,6.0,False,Correctly Predicted Safe,True,10.158730158730158,11.349365079365079,False,Correctly Predicted Safe,True,False
24,3,5.0,2,David Ross,31.0,Lindsay Arnold,12.54,0.0,99.98,,3,0.0002,3,8.0,False,Correctly Predicted Safe,True,9.841269841269842,11.19063492063492,False,Correctly Predicted Safe,True,False
24,3,6.0,1,Rashad Jennings,28.0,Emma Slater,12.54,0.0,99.98,,4,0.0002,4,10.0,False,Correctly Predicted Safe,True,8.88888888888889,10.714444444444444,False,Correctly Predicted Safe,True,False
24,3,7.0,9,Erika Jayne,26.0,Gleb Savchenko,5.24,0.0,99.98,,9,0.0002,9,16.0,False,Correctly Predicted Safe,True,8.253968253968253,6.746984126984127,False,Correctly Predicted Safe,True,False
24,3,7.0,6,Nick Viall,26.0,Peta Murgatroyd,11.51,0.0,99.98,,6,0.0002,6,13.0,False,Correctly Predicted Safe,True,8.253968253968253,9.881984126984126,False,Correctly Predicted Safe,True,False
24,3,9.0,11,Charo,24.0,Keo Motsepe,1.13,0.0,10.55,,11,0.8945,11,20.0,True,Correctly Predicted Eliminated,True,7.6190476190476195,4.37452380952381,True,Correctly Predicted Eliminated,True,True
24,3,9.0,10,Mr. T,24.0,Kym Herjavec,3.23,0.01,99.99,,10,0.0002,10,19.0,False,Correctly Predicted Safe,True,7.6190476190476195,5.4245238095238095,False,Correctly Predicted Safe,True,False
24,3,9.0,5,Bonner Bolton,24.0,Sharna Burgess,12.54,0.01,99.99,,5,0.0002,5,14.0,False,Correctly Predicted Safe,True,7.6190476190476195,10.07952380952381,False,Correctly Predicted Safe,True,False
24,4,1.0,1,Rashad Jennings,39.0,Emma Slater,13.81,0.0,100.0,,2,0.0,1,3.0,False,Correctly Predicted Safe,True,11.96319018404908,12.88659509202454,False,Correctly Predicted Safe,True,False
24,4,2.0,4,Simone Biles,36.0,Sasha Farber,13.81,0.0,100.0,,3,0.0,2,5.0,False,Correctly Predicted Safe,True,11.042944785276074,12.426472392638036,False,Correctly Predicted Safe,True,False
24,4,3.0,8,Heather Morris,35.0,Maksim Chmerkoskiy,6.05,0.0,100.0,,8,0.0,8,11.0,False,Correctly Predicted Safe,True,10.736196319018406,8.393098159509202,False,Correctly Predicted Safe,True,False
24,4,4.0,7,Nancy Kerrigan,33.0,Artem Chigvintsev,8.65,0.0,100.0,,7,0.0,7,11.0,False,Correctly Predicted Safe,True,10.122699386503067,9.386349693251534,False,Correctly Predicted Safe,True,False
24,4,5.0,5,Bonner Bolton,32.0,Sharna Burgess,13.71,0.0,100.0,,5,0.0,4,10.0,False,Correctly Predicted Safe,True,9.815950920245399,11.7629754601227,False,Correctly Predicted Safe,True,False
24,4,5.0,3,Normani,32.0,Valentin Chmerkovskiy,13.81,0.0,100.0,,1,0.0,3,6.0,False,Correctly Predicted Safe,True,9.815950920245399,11.8129754601227,False,Correctly Predicted Safe,True,False
24,4,7.0,2,David Ross,31.0,Lindsay Arnold,13.81,0.0,100.0,,4,0.0,5,11.0,False,Correctly Predicted Safe,True,9.509202453987731,11.659601226993866,False,Correctly Predicted Safe,True,False
24,4,8.0,9,Erika Jayne,30.0,Gleb Savchenko,3.75,0.0,100.0,,9,0.0,9,17.0,False,Correctly Predicted Safe,True,9.202453987730062,6.476226993865031,False,Correctly Predicted Safe,True,False
24,4,8.0,6,Nick Viall,30.0,Peta Murgatroyd,11.28,0.0,100.0,,6,0.0,6,14.0,False,Correctly Predicted Safe,True,9.202453987730062,10.24122699386503,False,Correctly Predicted Safe,True,False
24,4,10.0,10,Mr. T,28.0,Kym Herjavec,1.32,0.0,11.4,,10,0.886,10,20.0,True,Correctly Predicted Eliminated,True,8.588957055214724,4.954478527607362,True,Correctly Predicted Eliminated,True,True
24,5,1.0,3,Normani,39.0,Valentin Chmerkovskiy,15.49,0.0,98.33,,2,0.0167,1,3.0,False,Correctly Predicted Safe,True,12.828947368421053,14.159473684210527,False,Correctly Predicted Safe,True,False
24,5,2.0,4,Simone Biles,38.0,Sasha Farber,15.49,0.0,98.33,,3,0.0167,2,5.0,False,Correctly Predicted Safe,True,12.5,13.995000000000001,False,Correctly Predicted Safe,True,False
24,5,3.0,7,Nancy Kerrigan,36.0,Artem Chigvintsev,7.46,0.0,98.33,,7,0.0167,7,10.0,False,Correctly Predicted Safe,True,11.842105263157894,9.651052631578947,False,Correctly Predicted Safe,True,False
24,5,4.0,8,Heather Morris,34.0,Maksim Chmerkoskiy,4.47,0.0,98.33,,8,0.0167,8,12.0,False,Correctly Predicted Safe,True,11.18421052631579,7.827105263157895,False,Correctly Predicted Safe,True,False
24,5,4.0,6,Nick Viall,34.0,Peta Murgatroyd,10.66,0.0,98.33,,6,0.0167,6,10.0,False,Correctly Predicted Safe,True,11.18421052631579,10.922105263157896,False,Correctly Predicted Safe,True,False
24,5,6.0,1,Rashad Jennings,32.0,Emma Slater,15.49,0.01,98.34,,1,0.0167,3,7.0,False,Correctly Predicted Safe,True,10.526315789473683,13.008157894736842,False,Correctly Predicted Safe,True,False
24,5,6.0,9,Erika Jayne,32.0,Gleb Savchenko,1.47,0.0,11.69,,9,0.8831,9,15.0,True,Correctly Predicted Eliminated,True,10.526315789473683,5.998157894736842,True,Correctly Predicted Eliminated,True,True
24,5,8.0,5,Bonner Bolton,30.0,Sharna Burgess,13.97,0.67,98.99,,5,0.0167,5,13.0,False,Correctly Predicted Safe,True,9.868421052631579,11.91921052631579,False,Correctly Predicted Safe,True,False
24,5,9.0,2,David Ross,29.0,Lindsay Arnold,15.49,1.0,99.32,,4,0.0167,4,13.0,False,Correctly Predicted Safe,True,9.539473684210527,12.514736842105265,False,Correctly Predicted Safe,True,False
24,6,1.0,8,Heather Morris,37.0,Maksim Chmerkoskiy,1.48,0.0,11.24,,8,0.8876,8,9.0,False,Incorrectly Predicted Safe,False,13.754646840148698,7.617323420074349,True,Correctly Predicted Eliminated,True,True
24,6,2.0,3,Normani,36.0,Valentin Chmerkovskiy,17.5,0.38,90.27,,1,0.1011,1,3.0,False,Correctly Predicted Safe,False,13.382899628252787,15.441449814126393,False,Correctly Predicted Safe,True,False
24,6,3.0,1,Rashad Jennings,35.0,Emma Slater,17.5,0.75,90.65,,2,0.1011,2,5.0,False,Correctly Predicted Safe,False,13.011152416356877,15.25557620817844,False,Correctly Predicted Safe,True,False
24,6,4.0,4,Simone Biles,34.5,Sasha Farber,17.21,0.94,90.83,,4,0.1011,3,8.0,False,Correctly Predicted Safe,False,12.825278810408921,15.017639405204461,False,Correctly Predicted Safe,True,False
24,6,5.0,7,Nancy Kerrigan,33.5,Artem Chigvintsev,5.6,1.31,91.2,,7,0.1011,7,12.0,False,Correctly Predicted Safe,False,12.453531598513012,9.026765799256506,False,Correctly Predicted Safe,True,False
24,6,6.0,5,Bonner Bolton,31.5,Sharna Burgess,13.51,2.05,91.95,,5,0.1011,5,11.0,False,Correctly Predicted Safe,False,11.71003717472119,12.610018587360596,False,Correctly Predicted Safe,True,False
24,6,7.0,2,David Ross,31.0,Lindsay Arnold,17.5,2.24,92.13,,3,0.1011,4,10.0,False,Correctly Predicted Safe,False,11.524163568773234,14.512081784386616,False,Correctly Predicted Safe,True,False
24,6,8.0,6,Nick Viall,30.5,Peta Murgatroyd,9.69,2.43,92.32,,6,0.1011,6,14.0,True,Incorrectly Predicted Eliminated,False,11.338289962825279,10.514144981412638,False,Correctly Predicted Safe,True,False
24,7,1.0,3,Normani,42.0,Valentin Chmerkovskiy,20.21,0.0,95.6,,1,0.044,1,2.0,False,Correctly Predicted Safe,False,16.600790513833992,18.405395256916997,False,Correctly Predicted Safe,True,False
24,7,2.0,4,Simone Biles,39.0,Sasha Farber,17.1,0.0,95.6,,4,0.044,4,6.0,False,Correctly Predicted Safe,False,15.41501976284585,16.257509881422926,False,Correctly Predicted Safe,True,False
24,7,2.0,1,Rashad Jennings,39.0,Emma Slater,20.21,0.0,95.6,,2,0.044,2,4.0,False,Correctly Predicted Safe,False,15.41501976284585,17.812509881422926,False,Correctly Predicted Safe,True,False
24,7,4.0,7,Nancy Kerrigan,36.0,Artem Chigvintsev,2.18,0.0,14.33,,7,0.8567,7,11.0,True,Correctly Predicted Eliminated,False,14.229249011857709,8.204624505928855,True,Correctly Predicted Eliminated,True,True
24,7,5.0,6,Nick Viall,34.0,Peta Murgatroyd,7.39,0.8,17.51,,6,0.8329,6,11.0,False,Incorrectly Predicted Safe,False,13.438735177865613,10.414367588932807,True,Correctly Predicted Eliminated,True,True
24,7,6.0,2,David Ross,32.0,Lindsay Arnold,20.21,1.6,97.2,,3,0.044,3,9.0,False,Correctly Predicted Safe,False,12.648221343873518,16.42911067193676,False,Correctly Predicted Safe,True,False
24,7,7.0,5,Bonner Bolton,31.0,Sharna Burgess,12.69,2.0,97.6,,5,0.044,5,12.0,True,Incorrectly Predicted Eliminated,False,12.25296442687747,12.471482213438735,False,Correctly Predicted Safe,True,False
24,8,1.0,3,Normani,39.5,Valentin Chmerkovskiy,22.75,0.0,100.0,,3,0.0,3,4.0,False,Correctly Predicted Safe,True,22.636103151862464,22.693051575931232,False,Correctly Predicted Safe,True,False
24,8,2.0,1,Rashad Jennings,37.5,Emma Slater,29.4,0.0,100.0,,1,0.0,1,3.0,False,Correctly Predicted Safe,True,21.48997134670487,25.444985673352434,False,Correctly Predicted Safe,True,False
24,8,3.0,4,Simone Biles,36.0,Sasha Farber,13.54,0.0,100.0,,4,0.0,4,7.0,False,Correctly Predicted Safe,True,20.630372492836678,17.08518624641834,False,Correctly Predicted Safe,True,False
24,8,4.0,2,David Ross,32.5,Lindsay Arnold,29.4,0.0,100.0,,2,0.0,2,6.0,False,Correctly Predicted Safe,True,18.624641833810887,24.012320916905445,False,Correctly Predicted Safe,True,False
24,8,5.0,5,Bonner Bolton,29.0,Sharna Burgess,4.91,0.0,23.37,,5,0.7663,5,10.0,True,Correctly Predicted Eliminated,True,16.6189111747851,10.76445558739255,True,Correctly Predicted Eliminated,True,True
24,9,1.0,4,Simone Biles,40.0,Sasha Farber,5.12,0.0,23.59,,4,0.7641,4,5.0,False,Incorrectly Predicted Safe,False,26.4026402640264,15.7613201320132,True,Correctly Predicted Eliminated,True,True
24,9,2.0,1,Rashad Jennings,38.5,Emma Slater,37.67,1.0,95.36,,1,0.0564,1,3.0,False,Correctly Predicted Safe,False,25.412541254125415,31.54127062706271,False,Correctly Predicted Safe,True,False
24,9,3.0,3,Normani,38.0,Valentin Chmerkovskiy,20.69,1.33,95.69,,3,0.0564,3,6.0,False,Correctly Predicted Safe,False,25.082508250825082,22.886254125412542,False,Correctly Predicted Safe,True,False
24,9,4.0,2,David Ross,35.0,Lindsay Arnold,36.51,3.31,97.67,,2,0.0564,2,6.0,True,Incorrectly Predicted Eliminated,False,23.1023102310231,29.80615511551155,False,Correctly Predicted Safe,True,False
24,10,1.0,1,Rashad Jennings,39.6666,Emma Slater,54.23,32.28,97.39,,1,0.3489,1,2.0,False,Correctly Predicted Safe,True,34.39307536171316,44.311537680856574,False,Correctly Predicted Safe,True,False
24,10,2.0,3,Normani,39.333200000000005,Valentin Chmerkovskiy,8.62,0.0,32.55,,3,0.6745,3,5.0,True,Correctly Predicted Eliminated,True,34.1039996323692,21.3619998161846,True,Correctly Predicted Eliminated,True,True
24,10,3.0,2,David Ross,36.3333,Lindsay Arnold,37.15,2.61,51.44,,2,0.5117,2,5.0,True,Correctly Predicted Eliminated,True,31.502925005917643,34.32646250295882,True,Correctly Predicted Eliminated,True,True
25,2,4.0,3,Frankie Muniz,43.0,Witney Carson,10.55,0.0,98.98,,6,0.0102,3,10.0,False,Correctly Predicted Safe,True,8.390243902439025,9.470121951219513,False,Correctly Predicted Safe,True,False
25,2,1.0,1,Jordan Fisher,46.0,Lindsay Arnold,10.55,0.0,98.98,,2,0.0102,1,3.0,False,Correctly Predicted Safe,True,8.97560975609756,9.76280487804878,False,Correctly Predicted Safe,True,False
25,2,2.0,7,Vanessa Lachey,44.5,Maksim Chmerkoskiy,9.63,0.0,98.98,,7,0.0102,5,9.0,False,Correctly Predicted Safe,True,8.682926829268292,9.156463414634146,False,Correctly Predicted Safe,True,False
25,2,6.0,10,Sasha Pieterse,40.5,Gleb Savchenko,5.2,0.0,98.98,,10,0.0102,10,16.0,False,Correctly Predicted Safe,True,7.902439024390244,6.5512195121951216,False,Correctly Predicted Safe,True,False
25,2,2.0,2,Lindsey Stirling,44.5,Mark Ballas,10.55,0.0,98.98,,3,0.0102,2,5.0,False,Correctly Predicted Safe,True,8.682926829268292,9.616463414634147,False,Correctly Predicted Safe,True,False
25,2,5.0,5,Victoria Arlen,41.0,Valentin Chmerkovskiy,10.55,0.0,98.98,,4,0.0102,4,9.0,False,Correctly Predicted Safe,True,8.0,9.275,False,Correctly Predicted Safe,True,False
25,2,8.0,12,Debbie Gibson,37.5,Alan Bersten,2.24,0.0,8.84,,12,0.9116,12,20.0,True,Correctly Predicted Eliminated,True,7.317073170731707,4.7785365853658535,True,Correctly Predicted Eliminated,True,True
25,2,11.0,4,Drew Scott,36.5,Emma Slater,10.55,0.21,99.19,,5,0.0102,6,16.0,False,Correctly Predicted Safe,True,7.121951219512194,8.835975609756098,False,Correctly Predicted Safe,True,False
25,2,7.0,8,Nikki Bella,39.5,Artem Chigvintsev,8.23,0.0,98.98,,8,0.0102,8,15.0,False,Correctly Predicted Safe,True,7.7073170731707314,7.968658536585366,False,Correctly Predicted Safe,True,False
25,2,12.0,6,Terrell Owens,34.5,Cheryl Burke,10.55,0.6,99.58,,1,0.0102,7,13.0,False,Correctly Predicted Safe,True,6.731707317073171,8.640853658536585,False,Correctly Predicted Safe,True,False
25,2,9.0,11,Derek Fisher,37.0,Sharna Burgess,3.76,0.11,99.09,,11,0.0102,11,20.0,False,Correctly Predicted Safe,True,7.2195121951219505,5.489756097560975,False,Correctly Predicted Safe,True,False
25,2,9.0,9,Nick Lachey,37.0,Peta Murgatroyd,6.77,0.11,99.09,,9,0.0102,9,18.0,False,Correctly Predicted Safe,True,7.2195121951219505,6.994756097560975,False,Correctly Predicted Safe,True,False
25,2,13.0,13,Barbara Corcoran,31.0,Keo Motsepe,0.87,0.0,9.32,,13,0.9068,13,26.0,True,Correctly Predicted Eliminated,True,6.048780487804878,3.459390243902439,True,Correctly Predicted Eliminated,True,True
25,4,1.0,1,Jordan Fisher,54.0,Lindsay Arnold,12.53,0.0,99.59,,2,0.0041,1,3.0,False,Correctly Predicted Safe,False,10.485436893203884,11.507718446601942,False,Correctly Predicted Safe,True,False
25,4,3.0,5,Victoria Arlen,49.0,Valentin Chmerkovskiy,12.53,0.0,99.59,,3,0.0041,3,6.0,False,Correctly Predicted Safe,False,9.514563106796116,11.022281553398058,False,Correctly Predicted Safe,True,False
25,4,2.0,2,Lindsey Stirling,53.0,Mark Ballas,12.53,0.0,99.59,,4,0.0041,2,6.0,False,Correctly Predicted Safe,False,10.29126213592233,11.410631067961166,False,Correctly Predicted Safe,True,False
25,4,10.0,10,Sasha Pieterse,43.0,Gleb Savchenko,3.13,0.2,99.8,,10,0.0041,10,20.0,True,Incorrectly Predicted Eliminated,False,8.349514563106796,5.739757281553398,False,Correctly Predicted Safe,True,False
25,4,6.0,3,Frankie Muniz,45.0,Witney Carson,12.53,0.0,99.59,,1,0.0041,5,7.0,False,Correctly Predicted Safe,False,8.737864077669903,10.633932038834951,False,Correctly Predicted Safe,True,False
25,4,6.0,8,Nikki Bella,45.0,Artem Chigvintsev,7.26,0.0,99.59,,8,0.0041,8,14.0,False,Correctly Predicted Safe,False,8.737864077669903,7.998932038834951,False,Correctly Predicted Safe,True,False
25,4,6.0,6,Terrell Owens,45.0,Cheryl Burke,11.43,0.0,99.59,,6,0.0041,6,12.0,False,Correctly Predicted Safe,False,8.737864077669903,10.083932038834952,False,Correctly Predicted Safe,True,False
25,4,4.0,4,Drew Scott,47.0,Emma Slater,12.53,0.0,99.59,,5,0.0041,4,9.0,False,Correctly Predicted Safe,False,9.12621359223301,10.828106796116504,False,Correctly Predicted Safe,True,False
25,4,4.0,7,Vanessa Lachey,47.0,Maksim Chmerkoskiy,9.3,0.0,99.59,,7,0.0041,7,11.0,False,Correctly Predicted Safe,False,9.12621359223301,9.213106796116506,False,Correctly Predicted Safe,True,False
25,4,9.0,11,Derek Fisher,44.0,Sharna Burgess,1.02,0.0,9.63,,11,0.9037,11,20.0,False,Incorrectly Predicted Safe,False,8.54368932038835,4.781844660194174,True,Correctly Predicted Eliminated,True,True
25,4,10.0,9,Nick Lachey,43.0,Peta Murgatroyd,5.22,0.2,99.8,,9,0.0041,9,19.0,False,Correctly Predicted Safe,False,8.349514563106796,6.784757281553398,False,Correctly Predicted Safe,True,False
25,5,1.0,1,Jordan Fisher,30.0,Lindsay Arnold,13.8,0.0,99.21,,1,0.0079,1,2.0,False,Correctly Predicted Safe,False,11.494252873563218,12.647126436781608,False,Correctly Predicted Safe,True,False
25,5,2.0,3,Frankie Muniz,29.0,Witney Carson,13.8,0.0,99.21,,4,0.0079,2,6.0,False,Correctly Predicted Safe,False,11.11111111111111,12.455555555555556,False,Correctly Predicted Safe,True,False
25,5,3.0,2,Lindsey Stirling,28.0,Mark Ballas,13.8,0.0,99.21,,2,0.0079,3,5.0,False,Correctly Predicted Safe,False,10.727969348659004,12.263984674329503,False,Correctly Predicted Safe,True,False
25,5,4.0,8,Nikki Bella,27.0,Artem Chigvintsev,6.1,0.0,99.21,,8,0.0079,8,12.0,False,Correctly Predicted Safe,False,10.344827586206897,8.222413793103449,False,Correctly Predicted Safe,True,False
25,5,4.0,5,Victoria Arlen,27.0,Valentin Chmerkovskiy,13.63,0.0,99.21,,5,0.0079,4,9.0,False,Correctly Predicted Safe,False,10.344827586206897,11.98741379310345,False,Correctly Predicted Safe,True,False
25,5,6.0,6,Terrell Owens,25.0,Cheryl Burke,11.22,0.0,99.21,,6,0.0079,6,12.0,False,Correctly Predicted Safe,False,9.578544061302683,10.399272030651343,False,Correctly Predicted Safe,True,False
25,5,6.0,4,Drew Scott,25.0,Emma Slater,13.8,0.0,99.21,,3,0.0079,5,9.0,False,Correctly Predicted Safe,False,9.578544061302683,11.689272030651342,False,Correctly Predicted Safe,True,False
25,5,8.0,10,Sasha Pieterse,24.0,Gleb Savchenko,1.24,0.0,10.8,,10,0.892,10,18.0,False,Incorrectly Predicted Safe,False,9.195402298850574,5.217701149425287,True,Correctly Predicted Eliminated,True,True
25,5,8.0,7,Vanessa Lachey,24.0,Maksim Chmerkoskiy,8.77,0.01,99.22,,7,0.0079,7,15.0,False,Correctly Predicted Safe,False,9.195402298850574,8.982701149425287,False,Correctly Predicted Safe,True,False
25,5,10.0,9,Nick Lachey,22.0,Peta Murgatroyd,3.85,0.78,99.99,,9,0.0079,9,19.0,True,Incorrectly Predicted Eliminated,False,8.42911877394636,6.13955938697318,False,Correctly Predicted Safe,True,False
25,6,1.0,2,Lindsey Stirling,40.0,Mark Ballas,15.49,0.0,100.0,,1,0.0,1,2.0,False,Correctly Predicted Safe,True,13.071895424836603,14.280947712418302,False,Correctly Predicted Safe,True,False
25,6,2.0,1,Jordan Fisher,39.0,Lindsay Arnold,15.49,0.0,100.0,,2,0.0,2,4.0,False,Correctly Predicted Safe,True,12.745098039215685,14.117549019607843,False,Correctly Predicted Safe,True,False
25,6,3.0,6,Terrell Owens,37.0,Cheryl Burke,10.52,0.0,100.0,,6,0.0,6,9.0,False,Correctly Predicted Safe,True,12.091503267973856,11.305751633986928,False,Correctly Predicted Safe,True,False
25,6,4.0,8,Nikki Bella,36.0,Artem Chigvintsev,4.37,0.0,100.0,,8,0.0,8,12.0,False,Correctly Predicted Safe,True,11.76470588235294,8.06735294117647,False,Correctly Predicted Safe,True,False
25,6,4.0,7,Vanessa Lachey,36.0,Maksim Chmerkoskiy,7.47,0.0,100.0,,7,0.0,7,11.0,False,Correctly Predicted Safe,True,11.76470588235294,9.61735294117647,False,Correctly Predicted Safe,True,False
25,6,6.0,3,Frankie Muniz,31.0,Witney Carson,15.49,0.0,100.0,,4,0.0,3,10.0,False,Correctly Predicted Safe,True,10.130718954248366,12.810359477124184,False,Correctly Predicted Safe,True,False
25,6,6.0,5,Victoria Arlen,31.0,Valentin Chmerkovskiy,13.92,0.0,100.0,,5,0.0,5,11.0,False,Correctly Predicted Safe,True,10.130718954248366,12.025359477124184,False,Correctly Predicted Safe,True,False
25,6,8.0,4,Drew Scott,30.0,Emma Slater,15.49,0.0,100.0,,3,0.0,4,11.0,False,Correctly Predicted Safe,True,9.803921568627452,12.646960784313727,False,Correctly Predicted Safe,True,False
25,6,9.0,9,Nick Lachey,26.0,Peta Murgatroyd,1.78,0.0,13.72,,9,0.8628,9,18.0,True,Correctly Predicted Eliminated,True,8.49673202614379,5.138366013071895,True,Correctly Predicted Eliminated,True,True
25,7,1.0,3,Frankie Muniz,30.0,Witney Carson,17.49,0.0,98.11,,1,0.0189,1,2.0,False,Correctly Predicted Safe,False,13.953488372093023,15.72174418604651,False,Correctly Predicted Safe,True,False
25,7,2.0,5,Victoria Arlen,28.5,Valentin Chmerkovskiy,13.23,0.0,98.11,,5,0.0189,5,7.0,False,Correctly Predicted Safe,False,13.25581395348837,13.242906976744186,False,Correctly Predicted Safe,True,False
25,7,2.0,4,Drew Scott,28.5,Emma Slater,17.12,0.0,98.11,,4,0.0189,2,6.0,False,Correctly Predicted Safe,False,13.25581395348837,15.187906976744186,False,Correctly Predicted Safe,True,False
25,7,4.0,1,Jordan Fisher,27.0,Lindsay Arnold,17.49,0.01,98.12,,2,0.0189,3,6.0,False,Correctly Predicted Safe,False,12.558139534883722,15.02406976744186,False,Correctly Predicted Safe,True,False
25,7,4.0,7,Vanessa Lachey,27.0,Maksim Chmerkoskiy,5.58,0.0,14.41,,7,0.8559,7,11.0,False,Incorrectly Predicted Safe,False,12.558139534883722,9.06906976744186,True,Correctly Predicted Eliminated,True,True
25,7,6.0,2,Lindsey Stirling,25.5,Mark Ballas,17.49,0.71,98.82,,3,0.0189,4,9.0,False,Correctly Predicted Safe,False,11.86046511627907,14.675232558139534,False,Correctly Predicted Safe,True,False
25,7,7.0,6,Terrell Owens,24.5,Cheryl Burke,9.67,1.17,99.28,,6,0.0189,6,13.0,True,Incorrectly Predicted Eliminated,False,11.395348837209303,10.532674418604651,False,Correctly Predicted Safe,True,False
25,7,8.0,8,Nikki Bella,24.0,Artem Chigvintsev,1.93,0.0,13.82,,8,0.8618,8,16.0,True,Correctly Predicted Eliminated,False,11.162790697674419,6.546395348837209,True,Correctly Predicted Eliminated,True,True
25,8,1.0,1,Jordan Fisher,30.0,Lindsay Arnold,23.69,0.0,97.74,,2,0.0226,1,3.0,False,Correctly Predicted Safe,False,19.169329073482427,21.429664536741214,False,Correctly Predicted Safe,True,False
25,8,2.0,2,Lindsey Stirling,27.0,Mark Ballas,23.69,0.0,97.74,,1,0.0226,2,3.0,False,Correctly Predicted Safe,False,17.252396166134183,20.471198083067094,False,Correctly Predicted Safe,True,False
25,8,3.0,3,Frankie Muniz,26.5,Witney Carson,23.06,0.0,97.74,,3,0.0226,3,6.0,False,Correctly Predicted Safe,False,16.93290734824281,19.996453674121405,False,Correctly Predicted Safe,True,False
25,8,4.0,6,Terrell Owens,25.5,Cheryl Burke,2.91,0.0,17.03,,6,0.8297,6,10.0,False,Incorrectly Predicted Safe,False,16.293929712460063,9.601964856230031,True,Correctly Predicted Eliminated,True,True
25,8,5.0,5,Victoria Arlen,24.0,Valentin Chmerkovskiy,9.9,0.97,98.71,,5,0.0226,5,10.0,True,Incorrectly Predicted Eliminated,False,15.335463258785943,12.61773162939297,False,Correctly Predicted Safe,True,False
25,8,6.0,4,Drew Scott,23.5,Emma Slater,16.75,1.29,99.03,,4,0.0226,4,10.0,False,Correctly Predicted Safe,False,15.015974440894569,15.882987220447284,False,Correctly Predicted Safe,True,False
25,9,1.0,1,Jordan Fisher,29.0,Lindsay Arnold,29.19,0.0,95.17,,1,0.0483,1,2.0,False,Correctly Predicted Safe,False,21.48148148148148,25.33574074074074,False,Correctly Predicted Safe,True,False
25,9,2.0,2,Lindsey Stirling,28.5,Mark Ballas,29.19,0.0,95.17,,2,0.0483,2,4.0,False,Correctly Predicted Safe,False,21.11111111111111,25.150555555555556,False,Correctly Predicted Safe,True,False
25,9,3.0,5,Victoria Arlen,28.0,Valentin Chmerkovskiy,3.68,0.0,19.25,,5,0.8075,5,8.0,False,Incorrectly Predicted Safe,False,20.74074074074074,12.21037037037037,True,Correctly Predicted Eliminated,True,True
25,9,4.0,3,Frankie Muniz,25.5,Witney Carson,23.68,1.86,97.03,,3,0.0483,3,7.0,False,Correctly Predicted Safe,False,18.88888888888889,21.284444444444446,False,Correctly Predicted Safe,True,False
25,9,5.0,4,Drew Scott,24.0,Emma Slater,14.27,2.97,98.14,,4,0.0483,4,9.0,True,Incorrectly Predicted Eliminated,False,17.77777777777778,16.02388888888889,False,Correctly Predicted Safe,True,False
25,10,1.0,1,Jordan Fisher,40.0,Lindsay Arnold,37.65,24.44,100.0,,1,0.2444,1,2.0,False,Correctly Predicted Safe,True,25.57729554628947,31.613647773144734,False,Correctly Predicted Safe,True,False
25,10,1.0,2,Lindsey Stirling,40.0,Mark Ballas,35.56,0.0,50.0,,2,0.5,2,3.0,True,Correctly Predicted Eliminated,True,25.57729554628947,30.568647773144736,True,Correctly Predicted Eliminated,True,True
25,10,3.0,3,Frankie Muniz,38.8887,Witney Carson,20.76,0.0,33.8,,3,0.662,3,6.0,True,Correctly Predicted Eliminated,True,24.86669433277468,22.81334716638734,True,Correctly Predicted Eliminated,True,True
25,10,4.0,4,Drew Scott,37.5,Emma Slater,6.03,0.0,26.01,,4,0.7399,4,8.0,True,Correctly Predicted Eliminated,True,23.97871457464638,15.00435728732319,True,Correctly Predicted Eliminated,True,True
26,1,1.0,2,Josh Norman,24.0,Sharna Burgess,13.76,0.0,98.54,,1,0.0146,1,2.0,False,Correctly Predicted Safe,False,11.428571428571429,12.594285714285714,False,Correctly Predicted Safe,True,False
26,1,1.0,1,Adam Rippon,24.0,Jenna Johnson,13.76,0.0,98.54,,2,0.0146,2,3.0,False,Correctly Predicted Safe,False,11.428571428571429,12.594285714285714,False,Correctly Predicted Safe,True,False
26,1,3.0,4,Mirai Nagasu,23.0,Alan Bersten,13.76,0.0,98.54,,3,0.0146,3,6.0,False,Correctly Predicted Safe,False,10.952380952380953,12.356190476190477,False,Correctly Predicted Safe,True,False
26,1,3.0,3,Tonya Harding,23.0,Sasha Farber,13.76,0.0,98.54,,4,0.0146,4,7.0,False,Correctly Predicted Safe,False,10.952380952380953,12.356190476190477,False,Correctly Predicted Safe,True,False
26,1,5.0,6,Jennie Finch Daigle,21.0,Keo Motsepe,11.14,0.0,98.54,,6,0.0146,6,11.0,False,Correctly Predicted Safe,False,10.0,10.57,False,Correctly Predicted Safe,True,False
26,1,5.0,5,Chris Mazdzer,21.0,Witney Carson,13.64,0.0,98.54,,5,0.0146,5,10.0,False,Correctly Predicted Safe,False,10.0,11.82,False,Correctly Predicted Safe,True,False
26,1,7.0,7,Arike Ogunbowale,20.0,Gleb Savchenko,8.7,0.0,98.54,,7,0.0146,7,14.0,False,Correctly Predicted Safe,False,9.523809523809524,9.11190476190476,False,Correctly Predicted Safe,True,False
26,1,8.0,10,Jamie Anderson,19.0,Artem Chigvintsev,1.26,0.0,10.94,,10,0.8906,10,18.0,False,Incorrectly Predicted Safe,False,9.047619047619047,5.153809523809524,True,Correctly Predicted Eliminated,True,True
26,1,9.0,9,Johnny Damon,18.0,Emma Slater,3.83,0.49,12.64,,9,0.8785,9,18.0,True,Correctly Predicted Eliminated,False,8.571428571428571,6.200714285714286,True,Correctly Predicted Eliminated,True,True
26,1,10.0,8,Kareem Abdul-Jabbar,17.0,Lindsay Arnold,6.39,0.97,99.51,,8,0.0146,8,18.0,True,Incorrectly Predicted Eliminated,False,8.095238095238095,7.242619047619048,False,Correctly Predicted Safe,True,False
26,2,1.0,4,Mirai Nagasu,37.0,Alan Bersten,17.03,0.0,95.85,,4,0.0415,2,5.0,False,Correctly Predicted Safe,False,13.831775700934578,15.43088785046729,False,Correctly Predicted Safe,True,False
26,2,1.0,1,Adam Rippon,37.0,Jenna Johnson,17.5,0.0,95.85,,1,0.0415,1,2.0,False,Correctly Predicted Safe,False,13.831775700934578,15.66588785046729,False,Correctly Predicted Safe,True,False
26,2,3.0,7,Arike Ogunbowale,35.0,Gleb Savchenko,5.49,0.0,13.9,,7,0.861,7,10.0,False,Incorrectly Predicted Safe,False,13.084112149532709,9.287056074766355,True,Correctly Predicted Eliminated,True,True
26,2,4.0,5,Chris Mazdzer,33.0,Witney Carson,13.4,0.76,96.61,,5,0.0415,5,9.0,False,Correctly Predicted Safe,False,12.33644859813084,12.868224299065421,False,Correctly Predicted Safe,True,False
26,2,4.0,3,Tonya Harding,33.0,Sasha Farber,17.5,0.76,96.61,,2,0.0415,3,6.0,False,Correctly Predicted Safe,False,12.33644859813084,14.91822429906542,False,Correctly Predicted Safe,True,False
26,2,6.0,6,Jennie Finch Daigle,31.5,Keo Motsepe,9.61,1.32,97.17,,6,0.0415,6,12.0,True,Incorrectly Predicted Eliminated,False,11.775700934579438,10.69285046728972,False,Correctly Predicted Safe,True,False
26,2,6.0,2,Josh Norman,31.5,Sharna Burgess,17.5,1.32,97.17,,3,0.0415,4,9.0,False,Correctly Predicted Safe,False,11.775700934579438,14.63785046728972,False,Correctly Predicted Safe,True,False
26,2,8.0,8,Kareem Abdul-Jabbar,29.5,Lindsay Arnold,1.96,0.0,13.96,,8,0.8604,8,16.0,True,Correctly Predicted Eliminated,False,11.02803738317757,6.494018691588785,True,Correctly Predicted Eliminated,True,True
26,3,1.0,1,Adam Rippon,41.0,Jenna Johnson,23.63,0.0,99.99,,2,0.0001,1,3.0,False,Correctly Predicted Safe,True,19.431279620853083,21.530639810426543,False,Correctly Predicted Safe,True,False
26,3,2.0,2,Josh Norman,38.0,Sharna Burgess,23.63,0.0,99.99,,1,0.0001,2,3.0,False,Correctly Predicted Safe,True,18.009478672985782,20.81973933649289,False,Correctly Predicted Safe,True,False
26,3,3.0,4,Mirai Nagasu,35.0,Alan Bersten,16.34,0.0,26.06,,4,0.7394,4,7.0,True,Correctly Predicted Eliminated,True,16.587677725118482,16.463838862559243,True,Correctly Predicted Eliminated,True,True
26,3,3.0,3,Tonya Harding,35.0,Sasha Farber,23.09,0.01,100.0,,3,0.0001,3,6.0,False,Correctly Predicted Safe,True,16.587677725118482,19.838838862559243,False,Correctly Predicted Safe,True,False
26,3,5.0,5,Chris Mazdzer,33.0,Witney Carson,9.81,0.0,21.6,,5,0.784,5,10.0,True,Correctly Predicted Eliminated,True,15.639810426540285,12.724905213270143,True,Correctly Predicted Eliminated,True,True
26,3,6.0,6,Jennie Finch Daigle,29.0,Keo Motsepe,3.5,0.0,19.57,,6,0.8043,6,12.0,True,Correctly Predicted Eliminated,True,13.744075829383887,8.622037914691944,True,Correctly Predicted Eliminated,True,True
26,4,1.0,1,Adam Rippon,29.0,Jenna Johnson,54.37,32.76,100.0,,1,0.3276,1,2.0,False,Correctly Predicted Safe,True,33.91812865497076,44.14406432748538,False,Correctly Predicted Safe,True,False
26,4,2.0,2,Josh Norman,28.5,Sharna Burgess,36.25,0.0,50.29,,2,0.4971,2,4.0,True,Correctly Predicted Eliminated,True,33.33333333333333,34.791666666666664,True,Correctly Predicted Eliminated,True,True
26,4,3.0,3,Tonya Harding,28.0,Sasha Farber,9.38,0.0,33.91,,3,0.6609,3,6.0,True,Correctly Predicted Eliminated,True,32.748538011695906,21.064269005847954,True,Correctly Predicted Eliminated,True,True
27,1,1.0,7,DeMarcus Ware,23.0,Lindsay Arnold,9.62,0.0,98.62,,7,0.0138,3,8.0,False,Correctly Predicted Safe,True,9.019607843137255,9.319803921568628,False,Correctly Predicted Safe,True,False
27,1,1.0,10,Tinashe,23.0,Brandon Armstrong,5.09,0.0,98.62,,10,0.0138,10,11.0,False,Correctly Predicted Safe,True,9.019607843137255,7.054803921568627,False,Correctly Predicted Safe,True,False
27,1,3.0,5,Juan Pablo Di Pace,22.0,Cheryl Burke,10.58,0.0,98.62,,3,0.0138,1,6.0,False,Correctly Predicted Safe,True,8.627450980392156,9.603725490196078,False,Correctly Predicted Safe,True,False
27,1,3.0,4,Alexis Ren,22.0,Alan Bersten,10.58,0.0,98.62,,4,0.0138,2,7.0,False,Correctly Predicted Safe,True,8.627450980392156,9.603725490196078,False,Correctly Predicted Safe,True,False
27,1,5.0,2,Milo Manheim,20.0,Witney Carson,10.58,0.0,98.62,,5,0.0138,4,10.0,False,Correctly Predicted Safe,True,7.8431372549019605,9.21156862745098,False,Correctly Predicted Safe,True,False
27,1,5.0,9,Mary Lou Retton,20.0,Sasha Farber,6.73,0.0,98.62,,9,0.0138,9,14.0,False,Correctly Predicted Safe,True,7.8431372549019605,7.286568627450981,False,Correctly Predicted Safe,True,False
27,1,5.0,1,Bobby Bones,20.0,Sharna Burgess,10.58,0.0,98.62,,6,0.0138,5,11.0,False,Correctly Predicted Safe,True,7.8431372549019605,9.21156862745098,False,Correctly Predicted Safe,True,False
27,1,8.0,11,Nancy McKeon,19.5,Valentin Chmerkovskiy,3.72,0.0,98.62,,11,0.0138,11,19.0,False,Correctly Predicted Safe,True,7.647058823529412,5.683529411764706,False,Correctly Predicted Safe,True,False
27,1,9.0,3,Evanna Lynch,18.0,Keo Motsepe,10.58,0.0,98.62,,1,0.0138,6,10.0,False,Correctly Predicted Safe,True,7.0588235294117645,8.819411764705883,False,Correctly Predicted Safe,True,False
27,1,9.0,8,John Schneider,18.0,Emma Slater,8.32,0.0,98.62,,8,0.0138,8,17.0,False,Correctly Predicted Safe,True,7.0588235294117645,7.689411764705882,False,Correctly Predicted Safe,True,False
27,1,9.0,12,Danelle Umstead,18.0,Artem Chigvintsev,2.28,0.0,98.62,,12,0.0138,12,21.0,False,Correctly Predicted Safe,True,7.0588235294117645,4.669411764705882,False,Correctly Predicted Safe,True,False
27,1,12.0,13,Nikki Glaser,17.5,Gleb Savchenko,0.79,0.0,8.51,,13,0.9149,13,25.0,True,Correctly Predicted Eliminated,True,6.862745098039216,3.826372549019608,True,Correctly Predicted Eliminated,True,True
27,1,13.0,6,Joe Amabile,14.0,Jenna Johnson,10.58,1.38,100.0,,2,0.0138,7,15.0,False,Correctly Predicted Safe,True,5.490196078431373,8.035098039215686,False,Correctly Predicted Safe,True,False
27,2,1.0,5,Juan Pablo Di Pace,26.0,Cheryl Burke,11.44,0.0,99.62,,1,0.0038,1,2.0,False,Correctly Predicted Safe,True,9.611829944547134,10.525914972273567,False,Correctly Predicted Safe,True,False
27,2,1.0,2,Milo Manheim,26.0,Witney Carson,11.44,0.0,99.62,,2,0.0038,2,3.0,False,Correctly Predicted Safe,True,9.611829944547134,10.525914972273567,False,Correctly Predicted Safe,True,False
27,2,1.0,10,Tinashe,26.0,Brandon Armstrong,4.18,0.0,99.62,,10,0.0038,10,11.0,False,Correctly Predicted Safe,True,9.611829944547134,6.895914972273567,False,Correctly Predicted Safe,True,False
27,2,4.0,4,Alexis Ren,24.5,Alan Bersten,11.44,0.0,99.62,,3,0.0038,3,7.0,False,Correctly Predicted Safe,True,9.057301293900185,10.248650646950093,False,Correctly Predicted Safe,True,False
27,2,5.0,3,Evanna Lynch,24.0,Keo Motsepe,11.44,0.0,99.62,,5,0.0038,4,10.0,False,Correctly Predicted Safe,True,8.872458410351202,10.1562292051756,False,Correctly Predicted Safe,True,False
27,2,6.0,7,DeMarcus Ware,23.5,Lindsay Arnold,9.57,0.0,99.62,,7,0.0038,6,13.0,False,Correctly Predicted Safe,True,8.687615526802219,9.12880776340111,False,Correctly Predicted Safe,True,False
27,2,7.0,9,Mary Lou Retton,23.0,Sasha Farber,6.07,0.0,99.62,,9,0.0038,9,16.0,False,Correctly Predicted Safe,True,8.502772643253234,7.286386321626617,False,Correctly Predicted Safe,True,False
27,2,8.0,8,John Schneider,21.5,Emma Slater,7.89,0.0,99.62,,8,0.0038,8,16.0,False,Correctly Predicted Safe,True,7.948243992606285,7.919121996303142,False,Correctly Predicted Safe,True,False
27,2,9.0,11,Nancy McKeon,20.5,Valentin Chmerkovskiy,2.65,0.0,99.62,,11,0.0038,11,20.0,False,Correctly Predicted Safe,True,7.578558225508318,5.114279112754159,False,Correctly Predicted Safe,True,False
27,2,10.0,1,Bobby Bones,19.5,Sharna Burgess,11.44,0.0,99.62,,6,0.0038,5,16.0,False,Correctly Predicted Safe,True,7.208872458410351,9.324436229205176,False,Correctly Predicted Safe,True,False
27,2,11.0,12,Danelle Umstead,18.5,Artem Chigvintsev,0.98,0.0,9.82,,12,0.9018,12,23.0,True,Correctly Predicted Eliminated,True,6.839186691312385,3.9095933456561927,True,Correctly Predicted Eliminated,True,True
27,2,12.0,6,Joe Amabile,17.5,Jenna Johnson,11.44,0.38,100.0,,4,0.0038,7,16.0,False,Correctly Predicted Safe,True,6.469500924214418,8.954750462107208,False,Correctly Predicted Safe,True,False
27,3,1.0,5,Juan Pablo Di Pace,30.0,Cheryl Burke,12.51,0.0,98.13,,5,0.0187,1,6.0,False,Correctly Predicted Safe,True,11.07011070110701,11.790055350553505,False,Correctly Predicted Safe,True,False
27,3,2.0,3,Evanna Lynch,27.0,Keo Motsepe,12.51,0.0,98.13,,2,0.0187,2,4.0,False,Correctly Predicted Safe,True,9.96309963099631,11.236549815498154,False,Correctly Predicted Safe,True,False
27,3,2.0,2,Milo Manheim,27.0,Witney Carson,12.51,0.0,98.13,,1,0.0187,3,3.0,False,Correctly Predicted Safe,True,9.96309963099631,11.236549815498154,False,Correctly Predicted Safe,True,False
27,3,2.0,10,Tinashe,27.0,Brandon Armstrong,2.92,0.0,98.13,,10,0.0187,10,12.0,False,Correctly Predicted Safe,True,9.96309963099631,6.4415498154981545,False,Correctly Predicted Safe,True,False
27,3,5.0,7,DeMarcus Ware,26.0,Lindsay Arnold,9.23,0.0,98.13,,7,0.0187,6,12.0,False,Correctly Predicted Safe,True,9.59409594095941,9.412047970479705,False,Correctly Predicted Safe,True,False
27,3,5.0,4,Alexis Ren,26.0,Alan Bersten,12.51,0.0,98.13,,3,0.0187,4,8.0,False,Correctly Predicted Safe,True,9.59409594095941,11.052047970479705,False,Correctly Predicted Safe,True,False
27,3,7.0,9,Mary Lou Retton,24.0,Sasha Farber,5.15,0.0,98.13,,9,0.0187,9,16.0,False,Correctly Predicted Safe,True,8.856088560885608,7.003044280442804,False,Correctly Predicted Safe,True,False
27,3,8.0,1,Bobby Bones,23.0,Sharna Burgess,12.51,0.0,98.13,,4,0.0187,5,12.0,False,Correctly Predicted Safe,True,8.487084870848708,10.498542435424355,False,Correctly Predicted Safe,True,False
27,3,9.0,11,Nancy McKeon,22.0,Valentin Chmerkovskiy,1.07,0.0,10.05,,11,0.8995,11,20.0,True,Correctly Predicted Eliminated,True,8.118081180811808,4.594040590405904,True,Correctly Predicted Eliminated,True,True
27,3,10.0,8,John Schneider,21.0,Emma Slater,7.37,0.38,98.51,,8,0.0187,8,18.0,False,Correctly Predicted Safe,True,7.7490774907749085,7.559538745387455,False,Correctly Predicted Safe,True,False
27,3,11.0,6,Joe Amabile,18.0,Jenna Johnson,11.68,1.49,99.62,,6,0.0187,7,17.0,False,Correctly Predicted Safe,True,6.642066420664207,9.161033210332103,False,Correctly Predicted Safe,True,False
27,4,1.0,2,Milo Manheim,29.0,Witney Carson,13.81,0.0,86.56,,2,0.1344,1,3.0,False,Correctly Predicted Safe,False,12.5,13.155000000000001,False,Correctly Predicted Safe,True,False
27,4,2.0,9,Mary Lou Retton,26.0,Sasha Farber,3.47,0.01,86.57,,9,0.1344,9,11.0,False,Correctly Predicted Safe,False,11.206896551724139,7.33844827586207,False,Correctly Predicted Safe,True,False
27,4,2.0,10,Tinashe,26.0,Brandon Armstrong,0.96,0.0,8.78,,10,0.9122,10,12.0,False,Incorrectly Predicted Safe,False,11.206896551724139,6.08344827586207,True,Correctly Predicted Eliminated,True,True
27,4,4.0,4,Alexis Ren,25.0,Alan Bersten,13.81,0.44,87.0,,3,0.1344,2,7.0,False,Correctly Predicted Safe,False,10.775862068965516,12.29293103448276,False,Correctly Predicted Safe,True,False
27,4,5.0,5,Juan Pablo Di Pace,24.0,Cheryl Burke,13.64,0.87,87.43,,5,0.1344,4,10.0,False,Correctly Predicted Safe,False,10.344827586206897,11.992413793103449,False,Correctly Predicted Safe,True,False
27,4,5.0,3,Evanna Lynch,24.0,Keo Motsepe,13.81,0.87,87.43,,1,0.1344,3,6.0,False,Correctly Predicted Safe,False,10.344827586206897,12.07741379310345,False,Correctly Predicted Safe,True,False
27,4,7.0,7,DeMarcus Ware,22.0,Lindsay Arnold,8.74,1.73,88.29,,7,0.1344,6,14.0,False,Correctly Predicted Safe,False,9.482758620689655,9.111379310344827,False,Correctly Predicted Safe,True,False
27,4,8.0,8,John Schneider,21.0,Emma Slater,6.28,2.17,88.72,,8,0.1344,8,16.0,True,Incorrectly Predicted Eliminated,False,9.051724137931034,7.665862068965517,False,Correctly Predicted Safe,True,False
27,4,9.0,1,Bobby Bones,20.0,Sharna Burgess,13.81,2.6,89.15,,4,0.1344,5,13.0,False,Correctly Predicted Safe,False,8.620689655172415,11.215344827586208,False,Correctly Predicted Safe,True,False
27,4,10.0,6,Joe Amabile,15.0,Jenna Johnson,11.66,4.75,91.31,,6,0.1344,7,16.0,False,Correctly Predicted Safe,False,6.4655172413793105,9.062758620689655,False,Correctly Predicted Safe,True,False
27,6,1.0,5,Juan Pablo Di Pace,59.0,Cheryl Burke,13.45,0.0,95.09,,5,0.0491,4,6.0,False,Correctly Predicted Safe,False,13.082039911308204,13.266019955654102,False,Correctly Predicted Safe,True,False
27,6,2.0,2,Milo Manheim,57.0,Witney Carson,15.47,0.0,95.09,,2,0.0491,1,4.0,False,Correctly Predicted Safe,False,12.638580931263856,14.05429046563193,False,Correctly Predicted Safe,True,False
27,6,4.0,3,Evanna Lynch,53.0,Keo Motsepe,15.47,0.0,95.09,,3,0.0491,3,7.0,False,Correctly Predicted Safe,False,11.751662971175167,13.610831485587584,False,Correctly Predicted Safe,True,False
27,6,3.0,4,Alexis Ren,56.0,Alan Bersten,15.47,0.0,95.09,,1,0.0491,2,4.0,False,Correctly Predicted Safe,False,12.416851441241686,13.943425720620844,False,Correctly Predicted Safe,True,False
27,6,5.0,7,DeMarcus Ware,52.0,Lindsay Arnold,7.5,0.0,95.09,,7,0.0491,7,12.0,False,Correctly Predicted Safe,False,11.529933481152993,9.514966740576497,False,Correctly Predicted Safe,True,False
27,6,6.0,9,Mary Lou Retton,49.0,Sasha Farber,1.41,0.0,11.35,,9,0.8865,9,15.0,False,Incorrectly Predicted Safe,False,10.864745011086473,6.137372505543237,True,Correctly Predicted Eliminated,True,True
27,6,7.0,1,Bobby Bones,43.0,Sharna Burgess,15.47,1.34,96.43,,4,0.0491,5,11.0,False,Correctly Predicted Safe,False,9.534368070953436,12.502184035476718,False,Correctly Predicted Safe,True,False
27,6,9.0,6,Joe Amabile,39.0,Jenna Johnson,11.04,2.23,97.32,,6,0.0491,6,15.0,True,Incorrectly Predicted Eliminated,False,8.647450110864744,9.843725055432373,False,Correctly Predicted Safe,True,False
27,6,7.0,8,John Schneider,43.0,Emma Slater,4.71,1.34,96.43,,8,0.0491,8,15.0,False,Correctly Predicted Safe,False,9.534368070953436,7.122184035476717,False,Correctly Predicted Safe,True,False
27,7,1.0,3,Evanna Lynch,29.5,Keo Motsepe,17.47,0.0,97.88,,1,0.0212,1,2.0,False,Correctly Predicted Safe,False,13.563218390804598,15.5166091954023,False,Correctly Predicted Safe,True,False
27,7,2.0,2,Milo Manheim,29.0,Witney Carson,17.47,0.0,97.88,,2,0.0212,2,4.0,False,Correctly Predicted Safe,False,13.333333333333334,15.401666666666667,False,Correctly Predicted Safe,True,False
27,7,3.0,5,Juan Pablo Di Pace,28.0,Cheryl Burke,13.28,0.0,97.88,,5,0.0212,5,8.0,False,Correctly Predicted Safe,False,12.873563218390805,13.076781609195402,False,Correctly Predicted Safe,True,False
27,7,4.0,4,Alexis Ren,27.5,Alan Bersten,17.2,0.0,97.88,,4,0.0212,3,8.0,False,Correctly Predicted Safe,False,12.643678160919542,14.92183908045977,False,Correctly Predicted Safe,True,False
27,7,5.0,8,John Schneider,27.0,Emma Slater,1.71,0.0,12.57,,8,0.8743,8,13.0,True,Correctly Predicted Eliminated,False,12.413793103448276,7.061896551724137,True,Correctly Predicted Eliminated,True,True
27,7,6.0,7,DeMarcus Ware,26.5,Lindsay Arnold,5.64,0.24,14.61,,7,0.8563,7,13.0,False,Incorrectly Predicted Safe,False,12.183908045977011,8.911954022988505,True,Correctly Predicted Eliminated,True,True
27,7,6.0,1,Bobby Bones,26.5,Sharna Burgess,17.47,0.25,98.13,,3,0.0212,4,9.0,False,Correctly Predicted Safe,False,12.183908045977011,14.826954022988506,False,Correctly Predicted Safe,True,False
27,7,8.0,6,Joe Amabile,23.5,Jenna Johnson,9.76,1.63,99.51,,6,0.0212,6,14.0,True,Incorrectly Predicted Eliminated,False,10.804597701149426,10.282298850574712,False,Correctly Predicted Safe,True,False
27,8,1.0,5,Juan Pablo Di Pace,30.0,Cheryl Burke,9.24,0.0,18.5,,5,0.815,5,6.0,False,Incorrectly Predicted Safe,False,18.633540372670808,13.936770186335405,True,Correctly Predicted Eliminated,True,True
27,8,2.0,3,Evanna Lynch,29.0,Keo Motsepe,23.1,0.63,93.14,,3,0.0749,1,5.0,False,Correctly Predicted Safe,False,18.012422360248447,20.556211180124222,False,Correctly Predicted Safe,True,False
27,8,2.0,4,Alexis Ren,29.0,Alan Bersten,16.25,0.63,93.14,,4,0.0749,4,6.0,False,Correctly Predicted Safe,False,18.012422360248447,17.131211180124225,False,Correctly Predicted Safe,True,False
27,8,4.0,2,Milo Manheim,27.5,Witney Carson,23.99,1.56,94.07,,1,0.0749,2,5.0,False,Correctly Predicted Safe,False,17.080745341614907,20.535372670807455,False,Correctly Predicted Safe,True,False
27,8,5.0,6,Joe Amabile,23.0,Jenna Johnson,3.43,0.0,19.03,,6,0.8097,6,11.0,True,Correctly Predicted Eliminated,False,14.285714285714285,8.857857142857142,True,Correctly Predicted Eliminated,True,True
27,8,6.0,1,Bobby Bones,22.5,Sharna Burgess,23.99,4.67,97.17,,2,0.0749,3,8.0,True,Incorrectly Predicted Eliminated,False,13.975155279503104,18.98257763975155,False,Correctly Predicted Safe,True,False
27,9,1.0,3,Evanna Lynch,30.0,Keo Motsepe,20.51,0.0,32.46,,3,0.6754,3,4.0,True,Correctly Predicted Eliminated,False,25.97402597402597,23.242012987012984,True,Correctly Predicted Eliminated,True,True
27,9,1.0,2,Milo Manheim,30.0,Witney Carson,35.53,0.01,48.7,,2,0.5131,2,3.0,False,Incorrectly Predicted Safe,False,25.97402597402597,30.752012987012986,True,Correctly Predicted Eliminated,True,True
27,9,3.0,4,Alexis Ren,28.5,Alan Bersten,5.82,0.0,25.31,,4,0.7469,4,7.0,True,Correctly Predicted Eliminated,False,24.675324675324674,15.247662337662337,True,Correctly Predicted Eliminated,True,True
27,9,4.0,1,Bobby Bones,27.0,Sharna Burgess,38.14,26.64,99.99,,1,0.2665,1,5.0,True,Incorrectly Predicted Eliminated,False,23.376623376623375,30.758311688311686,False,Correctly Predicted Safe,True,False
28,2,1.0,1,Hannah Brown,44.0,Alan Bersten,32.22,2.69,32.22,1.0,1,0.7046,1,2.0,False,Correctly Predicted Safe,False,10.576923076923077,21.39846153846154,False,Correctly Predicted Safe,False,False
28,2,4.0,7,Kate Flannery,36.0,Pasha Pashkov,3.22,2.69,32.22,10.0,10,0.7046,7,14.0,False,Correctly Predicted Safe,False,8.653846153846153,5.936923076923077,False,Correctly Predicted Safe,False,False
28,2,2.0,5,James Van Der Beek,41.0,Emma Slater,4.03,2.69,32.22,8.0,8,0.7046,5,10.0,False,Correctly Predicted Safe,False,9.85576923076923,6.9428846153846155,False,Correctly Predicted Safe,False,False
28,2,4.0,2,Kel Mitchell,36.0,Witney Carson,16.11,2.69,32.22,2.0,2,0.7046,2,6.0,False,Correctly Predicted Safe,False,8.653846153846153,12.381923076923076,False,Correctly Predicted Safe,False,False
28,2,4.0,3,Ally Brooke,36.0,Sasha Farber,8.06,2.69,32.22,4.0,4,0.7046,3,8.0,False,Correctly Predicted Safe,False,8.653846153846153,8.356923076923078,False,Correctly Predicted Safe,False,False
28,2,3.0,4,Lauren Alaina,38.0,Gleb Savchenko,6.44,2.69,32.22,5.0,5,0.7046,4,8.0,False,Correctly Predicted Safe,False,9.134615384615383,7.787307692307692,False,Correctly Predicted Safe,False,False
28,2,4.0,8,Karamo Brown,36.0,Jenna Johnson,3.58,2.69,32.22,9.0,9,0.7046,6,13.0,False,Correctly Predicted Safe,False,8.653846153846153,6.116923076923077,False,Correctly Predicted Safe,False,False
28,2,4.0,9,Sailor Brinkley-Cook,36.0,Valentin Chmerkovskiy,2.93,2.69,32.22,11.0,11,0.7046,9,15.0,False,Correctly Predicted Safe,False,8.653846153846153,5.7919230769230765,False,Correctly Predicted Safe,False,False
28,2,11.0,6,Sean Spicer,28.0,Lindsay Arnold,10.74,2.69,32.22,3.0,3,0.7046,8,14.0,False,Correctly Predicted Safe,False,6.730769230769231,8.735384615384616,False,Correctly Predicted Safe,False,False
28,2,10.0,11,Ray Lewis,30.0,Cheryl Burke,5.37,2.93,10.74,6.0,6,0.9219,10,16.0,False,Incorrectly Predicted Safe,False,7.211538461538461,6.2907692307692304,False,Incorrectly Predicted Safe,False,True
28,2,9.0,12,Mary Wilson,32.0,Brandon Armstrong,2.69,2.69,8.06,12.0,12,0.9463,12,21.0,True,Correctly Predicted Eliminated,False,7.6923076923076925,5.1911538461538465,True,Correctly Predicted Eliminated,False,True
28,2,12.0,10,Lamar Odom,23.0,Peta Murgatroyd,4.6,2.69,32.22,7.0,7,0.7046,11,19.0,True,Incorrectly Predicted Eliminated,False,5.528846153846153,5.0644230769230765,True,Incorrectly Predicted Eliminated,False,False
28,4,4.0,2,Kel Mitchell,52.0,Witney Carson,17.07,3.41,34.14,2.0,2,0.6927,2,6.0,False,Correctly Predicted Safe,True,10.833333333333334,13.951666666666668,False,Correctly Predicted Safe,True,False
28,4,4.0,4,Lauren Alaina,52.0,Gleb Savchenko,6.83,3.41,34.14,5.0,5,0.6927,4,9.0,False,Correctly Predicted Safe,True,10.833333333333334,8.831666666666667,False,Correctly Predicted Safe,True,False
28,4,1.0,3,Ally Brooke,56.0,Sasha Farber,5.69,3.41,34.14,6.0,6,0.6927,3,7.0,False,Correctly Predicted Safe,True,11.666666666666666,8.678333333333333,False,Correctly Predicted Safe,True,False
28,4,3.0,1,Hannah Brown,53.0,Alan Bersten,34.14,3.41,34.14,1.0,1,0.6927,1,4.0,False,Correctly Predicted Safe,True,11.041666666666666,22.590833333333332,False,Correctly Predicted Safe,True,False
28,4,2.0,9,Sailor Brinkley-Cook,54.0,Valentin Chmerkovskiy,3.41,3.41,34.14,10.0,10,0.6927,6,12.0,False,Correctly Predicted Safe,True,11.25,7.33,False,Correctly Predicted Safe,True,False
28,4,6.0,5,James Van Der Beek,51.0,Emma Slater,8.54,3.41,34.14,4.0,4,0.6927,5,10.0,False,Correctly Predicted Safe,True,10.625,9.5825,False,Correctly Predicted Safe,True,False
28,4,8.0,8,Karamo Brown,44.0,Jenna Johnson,4.27,3.41,34.14,8.0,8,0.6927,9,16.0,False,Correctly Predicted Safe,True,9.166666666666666,6.718333333333333,False,Correctly Predicted Safe,True,False
28,4,7.0,7,Kate Flannery,50.0,Pasha Pashkov,4.88,3.41,34.14,7.0,7,0.6927,8,14.0,False,Correctly Predicted Safe,True,10.416666666666668,7.648333333333333,False,Correctly Predicted Safe,True,False
28,4,9.0,6,Sean Spicer,36.0,Lindsay Arnold,11.38,3.41,34.14,3.0,3,0.6927,7,12.0,False,Correctly Predicted Safe,True,7.5,9.440000000000001,False,Correctly Predicted Safe,True,False
28,4,10.0,10,Lamar Odom,32.0,Peta Murgatroyd,3.79,3.41,34.14,9.0,9,0.6927,10,19.0,True,Correctly Predicted Eliminated,True,6.666666666666667,5.2283333333333335,True,Correctly Predicted Eliminated,True,True
28,6,4.0,7,Kate Flannery,51.0,Pasha Pashkov,5.89,3.93,35.35,6.0,6,0.6858,6,10.0,False,Correctly Predicted Safe,False,11.512415349887133,8.701207674943566,False,Correctly Predicted Safe,False,False
28,6,1.0,5,James Van Der Beek,53.0,Emma Slater,5.05,3.93,35.35,7.0,7,0.6858,4,8.0,False,Correctly Predicted Safe,False,11.963882618510159,8.50694130925508,False,Correctly Predicted Safe,False,False
28,6,4.0,9,Sailor Brinkley-Cook,51.0,Valentin Chmerkovskiy,3.93,3.93,5.89,9.0,9,0.9804,8,13.0,False,Incorrectly Predicted Safe,False,11.512415349887133,7.7212076749435665,False,Incorrectly Predicted Safe,False,True
28,6,2.0,2,Kel Mitchell,52.0,Witney Carson,7.07,3.93,35.35,5.0,5,0.6858,2,7.0,False,Correctly Predicted Safe,False,11.738148984198645,9.404074492099323,False,Correctly Predicted Safe,False,False
28,6,6.0,4,Lauren Alaina,49.0,Gleb Savchenko,17.67,3.93,35.35,2.0,2,0.6858,5,8.0,False,Correctly Predicted Safe,False,11.060948081264108,14.365474040632055,False,Correctly Predicted Safe,False,False
28,6,2.0,3,Ally Brooke,52.0,Sasha Farber,8.84,3.93,35.35,4.0,4,0.6858,1,6.0,False,Correctly Predicted Safe,False,11.738148984198645,10.289074492099322,False,Correctly Predicted Safe,False,False
28,6,8.0,8,Karamo Brown,46.0,Jenna Johnson,4.42,3.93,35.35,8.0,8,0.6858,9,16.0,True,Incorrectly Predicted Eliminated,False,10.383747178329571,7.4018735891647855,True,Incorrectly Predicted Eliminated,False,False
28,6,6.0,1,Hannah Brown,49.0,Alan Bersten,35.35,3.93,35.35,1.0,1,0.6858,3,7.0,False,Correctly Predicted Safe,False,11.060948081264108,23.205474040632055,False,Correctly Predicted Safe,False,False
28,6,9.0,6,Sean Spicer,40.0,Lindsay Arnold,11.78,3.93,35.35,3.0,3,0.6858,7,12.0,False,Correctly Predicted Safe,False,9.029345372460497,10.40467268623025,False,Correctly Predicted Safe,False,False
28,7,1.0,5,James Van Der Beek,27.0,Emma Slater,5.26,4.6,36.79,7.0,7,0.6781,5,8.0,False,Correctly Predicted Safe,True,13.366336633663368,9.313168316831684,False,Correctly Predicted Safe,True,False
28,7,1.0,4,Lauren Alaina,27.0,Gleb Savchenko,6.13,4.6,36.79,6.0,6,0.6781,3,7.0,False,Correctly Predicted Safe,True,13.366336633663368,9.748168316831684,False,Correctly Predicted Safe,True,False
28,7,1.0,3,Ally Brooke,27.0,Sasha Farber,12.26,4.6,36.79,3.0,3,0.6781,1,4.0,False,Correctly Predicted Safe,True,13.366336633663368,12.813168316831684,False,Correctly Predicted Safe,True,False
28,7,4.0,1,Hannah Brown,26.0,Alan Bersten,36.79,4.6,36.79,1.0,1,0.6781,2,5.0,False,Correctly Predicted Safe,True,12.871287128712872,24.830643564356436,False,Correctly Predicted Safe,True,False
28,7,5.0,2,Kel Mitchell,25.5,Witney Carson,18.4,4.6,36.79,2.0,2,0.6781,4,7.0,False,Correctly Predicted Safe,True,12.623762376237623,15.51188118811881,False,Correctly Predicted Safe,True,False
28,7,6.0,8,Karamo Brown,24.5,Jenna Johnson,4.6,4.6,12.26,8.0,8,0.9233,8,14.0,True,Correctly Predicted Eliminated,True,12.128712871287128,8.364356435643565,True,Correctly Predicted Eliminated,True,True
28,7,7.0,7,Kate Flannery,24.0,Pasha Pashkov,7.36,4.6,36.79,5.0,5,0.6781,6,12.0,False,Correctly Predicted Safe,True,11.881188118811881,9.62059405940594,False,Correctly Predicted Safe,True,False
28,7,8.0,6,Sean Spicer,21.0,Lindsay Arnold,9.2,4.6,36.79,4.0,4,0.6781,7,12.0,False,Correctly Predicted Safe,True,10.396039603960396,9.798019801980198,False,Correctly Predicted Safe,True,False
28,8,1.0,5,James Van Der Beek,31.9998,Emma Slater,5.51,5.51,38.57,7.0,7,0.6694,4,8.0,False,Correctly Predicted Safe,False,16.58027598041857,11.045137990209284,False,Correctly Predicted Safe,False,False
28,8,2.0,1,Hannah Brown,30.9998,Alan Bersten,9.64,5.51,38.57,4.0,4,0.6694,2,6.0,False,Correctly Predicted Safe,False,16.062139117675102,12.851069558837551,False,Correctly Predicted Safe,False,False
28,8,3.0,3,Ally Brooke,30.0,Sasha Farber,12.86,5.51,38.57,3.0,3,0.6694,3,6.0,False,Correctly Predicted Safe,False,15.544105882304175,14.202052941152086,False,Correctly Predicted Safe,False,False
28,8,4.0,2,Kel Mitchell,29.9998,Witney Carson,38.57,5.51,38.57,1.0,1,0.6694,1,5.0,False,Correctly Predicted Safe,False,15.544002254931627,27.057001127465814,False,Correctly Predicted Safe,False,False
28,8,5.0,7,Kate Flannery,25.9998,Pasha Pashkov,6.43,5.51,12.86,6.0,6,0.9265,6,11.0,False,Incorrectly Predicted Safe,False,13.471454803957736,9.950727401978867,False,Incorrectly Predicted Safe,False,True
28,8,6.0,4,Lauren Alaina,24.0,Gleb Savchenko,19.28,5.51,38.57,2.0,2,0.6694,5,8.0,False,Correctly Predicted Safe,False,12.43528470584334,15.85764235292167,False,Correctly Predicted Safe,False,False
28,8,7.0,6,Sean Spicer,20.0,Lindsay Arnold,7.71,5.51,38.57,5.0,5,0.6694,7,12.0,True,Incorrectly Predicted Eliminated,False,10.362737254869451,9.036368627434726,True,Incorrectly Predicted Eliminated,False,False
28,9,1.0,3,Ally Brooke,40.0,Sasha Farber,8.16,6.8,40.82,5.0,5,0.6599,3,6.0,False,Correctly Predicted Safe,True,19.18465227817746,13.67232613908873,False,Correctly Predicted Safe,True,False
28,9,2.0,2,Kel Mitchell,37.0,Witney Carson,20.41,6.8,40.82,2.0,2,0.6599,1,4.0,False,Correctly Predicted Safe,True,17.74580335731415,19.077901678657074,False,Correctly Predicted Safe,True,False
28,9,3.0,5,James Van Der Beek,36.0,Emma Slater,6.8,6.8,40.82,6.0,6,0.6599,5,9.0,False,Correctly Predicted Safe,True,17.26618705035971,12.033093525179856,False,Correctly Predicted Safe,True,False
28,9,4.0,1,Hannah Brown,35.5,Alan Bersten,40.82,6.8,40.82,1.0,1,0.6599,2,5.0,False,Correctly Predicted Safe,True,17.026378896882495,28.92318944844125,False,Correctly Predicted Safe,True,False
28,9,5.0,4,Lauren Alaina,35.0,Gleb Savchenko,13.61,6.8,40.82,3.0,3,0.6599,4,8.0,False,Correctly Predicted Safe,True,16.786570743405278,15.198285371702639,False,Correctly Predicted Safe,True,False
28,9,6.0,6,Sean Spicer,25.0,Lindsay Arnold,10.2,6.8,40.82,4.0,4,0.6599,6,10.0,True,Correctly Predicted Eliminated,True,11.990407673860911,11.095203836930455,True,Correctly Predicted Eliminated,True,True
28,10,1.0,3,Ally Brooke,29.5,Sasha Farber,14.6,8.76,43.8,3.0,3,0.6496,1,4.0,False,Correctly Predicted Safe,True,21.454545454545453,18.027272727272727,False,Correctly Predicted Safe,True,False
28,10,2.0,2,Kel Mitchell,28.5,Witney Carson,21.9,8.76,43.8,2.0,2,0.6496,2,4.0,False,Correctly Predicted Safe,True,20.727272727272727,21.313636363636363,False,Correctly Predicted Safe,True,False
28,10,3.0,4,Lauren Alaina,27.0,Gleb Savchenko,10.95,8.76,43.8,4.0,4,0.6496,4,7.0,False,Correctly Predicted Safe,True,19.636363636363637,15.293181818181818,False,Correctly Predicted Safe,True,False
28,10,3.0,1,Hannah Brown,27.0,Alan Bersten,43.8,8.76,43.8,1.0,1,0.6496,3,4.0,False,Correctly Predicted Safe,True,19.636363636363637,31.71818181818182,False,Correctly Predicted Safe,True,False
28,10,5.0,5,James Van Der Beek,25.5,Emma Slater,8.76,8.76,43.8,5.0,5,0.6496,5,10.0,True,Correctly Predicted Eliminated,True,18.545454545454547,13.652727272727272,True,Correctly Predicted Eliminated,True,True
28,11,1.0,3,Ally Brooke,30.0,Sasha Farber,16.0,12.0,16.0,3.0,3,0.96,1,4.0,True,Correctly Predicted Eliminated,True,25.64102564102564,20.820512820512818,True,Correctly Predicted Eliminated,True,True
28,11,2.0,2,Kel Mitchell,29.5,Witney Carson,24.0,16.0,24.0,2.0,2,0.92,2,4.0,True,Correctly Predicted Eliminated,True,25.213675213675213,24.60683760683761,True,Correctly Predicted Eliminated,True,True
28,11,3.0,1,Hannah Brown,29.0,Alan Bersten,48.0,24.0,48.0,1.0,1,0.76,3,4.0,False,Correctly Predicted Safe,True,24.786324786324787,36.39316239316239,False,Correctly Predicted Safe,True,False
28,11,4.0,4,Lauren Alaina,28.5,Gleb Savchenko,12.0,12.0,48.0,4.0,4,0.64,4,8.0,True,Correctly Predicted Eliminated,True,24.358974358974358,18.17948717948718,True,Correctly Predicted Eliminated,True,True
29,2,1.0,1,Kaitlyn Bristowe,42.0,Artem Chigvintsev,15.07,2.01,30.14,2.0,2,0.7187,1,3.0,False,Correctly Predicted Safe,False,7.879924953095685,11.474962476547843,False,Correctly Predicted Safe,False,False
29,2,1.0,4,Justina Machado,42.0,Sasha Farber,4.31,2.01,30.14,7.0,7,0.7187,3,8.0,False,Correctly Predicted Safe,False,7.879924953095685,6.094962476547842,False,Correctly Predicted Safe,False,False
29,2,3.0,2,Nev Schulman,41.0,Jenna Johnson,7.53,2.01,30.14,4.0,4,0.7187,2,7.0,False,Correctly Predicted Safe,False,7.6923076923076925,7.611153846153846,False,Correctly Predicted Safe,False,False
29,2,4.0,12,Jesse Metcalfe,38.0,Sharna Burgess,2.32,2.01,30.14,13.0,13,0.7187,9,17.0,False,Correctly Predicted Safe,False,7.129455909943714,4.724727954971857,False,Correctly Predicted Safe,False,False
29,2,5.0,7,AJ McLean,37.0,Cheryl Burke,3.77,2.01,30.14,8.0,8,0.7187,6,13.0,False,Correctly Predicted Safe,False,6.941838649155723,5.355919324577862,False,Correctly Predicted Safe,False,False
29,2,6.0,13,Anne Heche,36.0,Keo Motsepe,2.01,2.01,30.14,15.0,15,0.7187,13,21.0,False,Correctly Predicted Safe,False,6.75422138836773,4.382110694183865,False,Correctly Predicted Safe,False,False
29,2,13.0,8,Chrishell Stause,31.0,Gleb Savchenko,10.05,2.01,30.14,3.0,3,0.7187,8,16.0,False,Correctly Predicted Safe,False,5.816135084427768,7.933067542213884,False,Correctly Predicted Safe,False,False
29,2,10.0,11,Veron Davis,35.0,Peta Murgatroyd,3.35,2.01,30.14,9.0,9,0.7187,11,19.0,False,Correctly Predicted Safe,False,6.566604127579738,4.958302063789869,False,Correctly Predicted Safe,False,False
29,2,6.0,6,Johnny Weir,36.0,Britt Stewart,5.02,2.01,30.14,6.0,6,0.7187,5,12.0,False,Correctly Predicted Safe,False,6.75422138836773,5.887110694183865,False,Correctly Predicted Safe,False,False
29,2,12.0,3,Nelly,34.0,Daniella Karagach,30.14,2.01,30.14,1.0,1,0.7187,7,13.0,False,Correctly Predicted Safe,False,6.378986866791744,18.25949343339587,False,Correctly Predicted Safe,False,False
29,2,6.0,9,Jeannie Mai,36.0,Brandon Armstrong,2.51,2.01,30.14,12.0,12,0.7187,10,18.0,False,Correctly Predicted Safe,False,6.75422138836773,4.632110694183865,False,Correctly Predicted Safe,False,False
29,2,14.0,14,Carole Baskin,27.0,Pasha Pashkov,2.15,2.01,30.14,14.0,14,0.7187,15,28.0,True,Incorrectly Predicted Eliminated,False,5.065666041275797,3.607833020637899,True,Incorrectly Predicted Eliminated,False,False
29,2,10.0,10,Monica Aldama,35.0,Valentin Chmerkovskiy,3.01,2.01,30.14,10.0,10,0.7187,12,20.0,False,Correctly Predicted Safe,False,6.566604127579738,4.788302063789869,False,Correctly Predicted Safe,False,False
29,2,6.0,5,Skai Jackson,36.0,Alan Bersten,6.03,2.01,30.14,5.0,5,0.7187,4,11.0,False,Correctly Predicted Safe,False,6.75422138836773,6.392110694183865,False,Correctly Predicted Safe,False,False
29,2,14.0,15,Charles Oakley,27.0,Emma Slater,2.74,2.01,15.07,11.0,11,0.8694,14,25.0,False,Incorrectly Predicted Safe,False,5.065666041275797,3.9028330206378987,False,Incorrectly Predicted Safe,False,True
29,3,1.0,6,Johnny Weir,24.0,Britt Stewart,2.8,2.2,30.75,11.0,11,0.7144,5,12.0,False,Correctly Predicted Safe,True,8.540925266903916,5.670462633451958,False,Correctly Predicted Safe,True,False
29,3,1.0,2,Nev Schulman,24.0,Jenna Johnson,7.69,2.2,30.75,4.0,4,0.7144,1,5.0,False,Correctly Predicted Safe,True,8.540925266903916,8.115462633451958,False,Correctly Predicted Safe,True,False
29,3,3.0,1,Kaitlyn Bristowe,23.0,Artem Chigvintsev,6.15,2.2,30.75,5.0,5,0.7144,2,8.0,False,Correctly Predicted Safe,True,8.185053380782918,7.167526690391459,False,Correctly Predicted Safe,True,False
29,3,4.0,8,Chrishell Stause,22.0,Gleb Savchenko,2.56,2.2,30.75,12.0,12,0.7144,9,16.0,False,Correctly Predicted Safe,True,7.829181494661921,5.1945907473309605,False,Correctly Predicted Safe,True,False
29,3,4.0,11,Veron Davis,22.0,Peta Murgatroyd,4.39,2.2,30.75,7.0,7,0.7144,3,11.0,False,Correctly Predicted Safe,True,7.829181494661921,6.1095907473309605,False,Correctly Predicted Safe,True,False
29,3,4.0,9,Jeannie Mai,22.0,Brandon Armstrong,2.2,2.2,30.75,14.0,14,0.7144,10,18.0,False,Correctly Predicted Safe,True,7.829181494661921,5.014590747330961,False,Correctly Predicted Safe,True,False
29,3,7.0,7,AJ McLean,21.0,Cheryl Burke,5.13,2.2,30.75,6.0,6,0.7144,6,13.0,False,Correctly Predicted Safe,True,7.473309608540925,6.301654804270463,False,Correctly Predicted Safe,True,False
29,3,7.0,10,Monica Aldama,21.0,Valentin Chmerkovskiy,2.37,2.2,30.75,13.0,13,0.7144,12,20.0,False,Correctly Predicted Safe,True,7.473309608540925,4.921654804270462,False,Correctly Predicted Safe,True,False
29,3,9.0,12,Jesse Metcalfe,20.0,Sharna Burgess,3.08,2.2,30.75,10.0,10,0.7144,11,19.0,False,Correctly Predicted Safe,True,7.11743772241993,5.098718861209965,False,Correctly Predicted Safe,True,False
29,3,10.0,4,Justina Machado,19.0,Sasha Farber,30.75,2.2,30.75,1.0,1,0.7144,4,11.0,False,Correctly Predicted Safe,True,6.761565836298933,18.755782918149468,False,Correctly Predicted Safe,True,False
29,3,11.0,5,Skai Jackson,18.0,Alan Bersten,10.25,2.2,30.75,3.0,3,0.7144,8,14.0,False,Correctly Predicted Safe,True,6.405693950177936,8.327846975088967,False,Correctly Predicted Safe,True,False
29,3,11.0,3,Nelly,18.0,Daniella Karagach,15.38,2.2,30.75,2.0,2,0.7144,7,13.0,False,Correctly Predicted Safe,True,6.405693950177936,10.892846975088968,False,Correctly Predicted Safe,True,False
29,3,13.0,13,Anne Heche,15.0,Keo Motsepe,3.42,2.2,30.75,9.0,9,0.7144,13,22.0,False,Correctly Predicted Safe,True,5.338078291814947,4.379039145907473,False,Correctly Predicted Safe,True,False
29,3,14.0,14,Carole Baskin,12.0,Pasha Pashkov,3.84,2.2,30.75,8.0,8,0.7144,14,22.0,True,Correctly Predicted Eliminated,True,4.270462633451958,4.055231316725979,True,Correctly Predicted Eliminated,True,True
29,4,1.0,5,Skai Jackson,28.0,Alan Bersten,3.49,2.42,31.45,9.0,9,0.7097,5,10.0,False,Correctly Predicted Safe,True,9.30232558139535,6.396162790697675,False,Correctly Predicted Safe,True,False
29,4,2.0,1,Kaitlyn Bristowe,25.0,Artem Chigvintsev,31.45,2.42,31.45,1.0,1,0.7097,1,3.0,False,Correctly Predicted Safe,True,8.305647840531561,19.87782392026578,False,Correctly Predicted Safe,True,False
29,4,3.0,4,Justina Machado,24.0,Sasha Farber,6.29,2.42,31.45,5.0,5,0.7097,4,8.0,False,Correctly Predicted Safe,True,7.973421926910299,7.131710963455149,False,Correctly Predicted Safe,True,False
29,4,3.0,6,Johnny Weir,24.0,Britt Stewart,7.86,2.42,31.45,4.0,4,0.7097,3,7.0,False,Correctly Predicted Safe,True,7.973421926910299,7.91671096345515,False,Correctly Predicted Safe,True,False
29,4,3.0,2,Nev Schulman,24.0,Jenna Johnson,10.48,2.42,31.45,3.0,3,0.7097,2,6.0,False,Correctly Predicted Safe,True,7.973421926910299,9.22671096345515,False,Correctly Predicted Safe,True,False
29,4,3.0,7,AJ McLean,24.0,Cheryl Burke,4.49,2.42,31.45,7.0,7,0.7097,6,10.0,False,Correctly Predicted Safe,True,7.973421926910299,6.23171096345515,False,Correctly Predicted Safe,True,False
29,4,3.0,10,Monica Aldama,24.0,Valentin Chmerkovskiy,2.86,2.42,31.45,11.0,11,0.7097,8,14.0,False,Correctly Predicted Safe,True,7.973421926910299,5.41671096345515,False,Correctly Predicted Safe,True,False
29,4,8.0,8,Chrishell Stause,22.0,Gleb Savchenko,3.93,2.42,31.45,8.0,8,0.7097,9,16.0,False,Correctly Predicted Safe,True,7.308970099667775,5.619485049833887,False,Correctly Predicted Safe,True,False
29,4,8.0,11,Veron Davis,22.0,Peta Murgatroyd,2.62,2.42,31.45,12.0,12,0.7097,11,20.0,False,Correctly Predicted Safe,True,7.308970099667775,4.964485049833888,False,Correctly Predicted Safe,True,False
29,4,10.0,13,Anne Heche,21.0,Keo Motsepe,2.42,2.42,7.86,13.0,13,0.9456,13,23.0,True,Correctly Predicted Eliminated,True,6.976744186046512,4.698372093023256,True,Correctly Predicted Eliminated,True,True
29,4,10.0,12,Jesse Metcalfe,21.0,Sharna Burgess,3.14,2.42,31.45,10.0,10,0.7097,12,20.0,False,Correctly Predicted Safe,True,6.976744186046512,5.058372093023256,False,Correctly Predicted Safe,True,False
29,4,10.0,3,Nelly,21.0,Daniella Karagach,15.72,2.42,31.45,2.0,2,0.7097,7,12.0,False,Correctly Predicted Safe,True,6.976744186046512,11.348372093023256,False,Correctly Predicted Safe,True,False
29,4,10.0,9,Jeannie Mai,21.0,Brandon Armstrong,5.24,2.42,31.45,6.0,6,0.7097,10,16.0,False,Correctly Predicted Safe,True,6.976744186046512,6.108372093023256,False,Correctly Predicted Safe,True,False
29,5,1.0,6,Johnny Weir,29.0,Britt Stewart,2.93,2.69,32.22,11.0,11,0.7046,7,12.0,False,Correctly Predicted Safe,False,10.104529616724738,6.517264808362369,False,Correctly Predicted Safe,False,False
29,5,2.0,1,Kaitlyn Bristowe,27.0,Artem Chigvintsev,10.74,2.69,32.22,3.0,3,0.7046,1,5.0,False,Correctly Predicted Safe,False,9.40766550522648,10.07383275261324,False,Correctly Predicted Safe,False,False
29,5,3.0,2,Nev Schulman,26.0,Jenna Johnson,16.11,2.69,32.22,2.0,2,0.7046,2,5.0,False,Correctly Predicted Safe,False,9.059233449477352,12.584616724738677,False,Correctly Predicted Safe,False,False
29,5,3.0,10,Monica Aldama,26.0,Valentin Chmerkovskiy,4.03,2.69,32.22,8.0,8,0.7046,5,11.0,False,Correctly Predicted Safe,False,9.059233449477352,6.544616724738676,False,Correctly Predicted Safe,False,False
29,5,5.0,5,Skai Jackson,24.0,Alan Bersten,5.37,2.69,32.22,6.0,6,0.7046,6,11.0,False,Correctly Predicted Safe,False,8.362369337979095,6.866184668989547,False,Correctly Predicted Safe,False,False
29,5,5.0,4,Justina Machado,24.0,Sasha Farber,8.06,2.69,32.22,4.0,4,0.7046,4,9.0,False,Correctly Predicted Safe,False,8.362369337979095,8.211184668989548,False,Correctly Predicted Safe,False,False
29,5,5.0,7,AJ McLean,24.0,Cheryl Burke,4.6,2.69,32.22,7.0,7,0.7046,8,12.0,False,Correctly Predicted Safe,False,8.362369337979095,6.481184668989547,False,Correctly Predicted Safe,False,False
29,5,5.0,3,Nelly,24.0,Daniella Karagach,32.22,2.69,32.22,1.0,1,0.7046,3,6.0,False,Correctly Predicted Safe,False,8.362369337979095,20.291184668989548,False,Correctly Predicted Safe,False,False
29,5,5.0,9,Jeannie Mai,24.0,Brandon Armstrong,3.22,2.69,32.22,10.0,10,0.7046,9,15.0,False,Correctly Predicted Safe,False,8.362369337979095,5.791184668989548,False,Correctly Predicted Safe,False,False
29,5,10.0,11,Veron Davis,21.0,Peta Murgatroyd,2.69,2.69,32.22,12.0,12,0.7046,12,22.0,True,Incorrectly Predicted Eliminated,False,7.317073170731707,5.003536585365853,True,Incorrectly Predicted Eliminated,False,False
29,5,11.0,12,Jesse Metcalfe,19.0,Sharna Burgess,3.58,2.69,16.11,9.0,9,0.8657,11,20.0,False,Incorrectly Predicted Safe,False,6.620209059233449,5.100104529616725,False,Incorrectly Predicted Safe,False,True
29,5,11.0,8,Chrishell Stause,19.0,Gleb Savchenko,6.44,2.69,32.22,5.0,5,0.7046,10,16.0,False,Correctly Predicted Safe,False,6.620209059233449,6.530104529616725,False,Correctly Predicted Safe,False,False
29,6,1.0,4,Justina Machado,27.0,Sasha Farber,4.73,3.01,33.11,7.0,7,0.699,4,8.0,False,Correctly Predicted Safe,True,10.074626865671641,7.402313432835821,False,Correctly Predicted Safe,True,False
29,6,1.0,7,AJ McLean,27.0,Cheryl Burke,3.31,3.01,33.11,10.0,10,0.699,5,11.0,False,Correctly Predicted Safe,True,10.074626865671641,6.692313432835821,False,Correctly Predicted Safe,True,False
29,6,1.0,1,Kaitlyn Bristowe,27.0,Artem Chigvintsev,16.56,3.01,33.11,2.0,2,0.699,1,3.0,False,Correctly Predicted Safe,True,10.074626865671641,13.317313432835821,False,Correctly Predicted Safe,True,False
29,6,1.0,10,Monica Aldama,27.0,Valentin Chmerkovskiy,5.52,3.01,33.11,6.0,6,0.699,3,7.0,False,Correctly Predicted Safe,True,10.074626865671641,7.7973134328358205,False,Correctly Predicted Safe,True,False
29,6,5.0,2,Nev Schulman,26.0,Jenna Johnson,33.11,3.01,33.11,1.0,1,0.699,2,6.0,False,Correctly Predicted Safe,True,9.701492537313433,21.405746268656717,False,Correctly Predicted Safe,True,False
29,6,6.0,9,Jeannie Mai,25.0,Brandon Armstrong,3.01,3.01,33.11,11.0,11,0.699,10,17.0,False,Correctly Predicted Safe,True,9.328358208955224,6.169179104477612,False,Correctly Predicted Safe,True,False
29,6,7.0,8,Chrishell Stause,24.0,Gleb Savchenko,3.68,3.01,33.11,9.0,9,0.699,9,16.0,False,Correctly Predicted Safe,True,8.955223880597014,6.317611940298507,False,Correctly Predicted Safe,True,False
29,6,7.0,3,Nelly,24.0,Daniella Karagach,8.28,3.01,33.11,4.0,4,0.699,6,11.0,False,Correctly Predicted Safe,True,8.955223880597014,8.617611940298506,False,Correctly Predicted Safe,True,False
29,6,9.0,6,Johnny Weir,22.0,Britt Stewart,6.62,3.01,33.11,5.0,5,0.699,7,14.0,False,Correctly Predicted Safe,True,8.208955223880597,7.414477611940299,False,Correctly Predicted Safe,True,False
29,6,10.0,11,Veron Davis,21.0,Peta Murgatroyd,4.14,3.01,16.56,8.0,8,0.8645,11,18.0,True,Correctly Predicted Eliminated,True,7.835820895522389,5.987910447761195,True,Correctly Predicted Eliminated,True,True
29,6,11.0,5,Skai Jackson,18.0,Alan Bersten,11.04,3.01,33.11,3.0,3,0.699,8,14.0,False,Correctly Predicted Safe,True,6.7164179104477615,8.87820895522388,False,Correctly Predicted Safe,True,False
29,7,1.0,2,Nev Schulman,30.0,Jenna Johnson,11.38,3.41,34.14,3.0,3,0.6927,1,4.0,False,Correctly Predicted Safe,False,11.538461538461538,11.45923076923077,False,Correctly Predicted Safe,False,False
29,7,2.0,5,Skai Jackson,27.0,Alan Bersten,4.27,3.41,34.14,8.0,8,0.6927,5,10.0,False,Correctly Predicted Safe,False,10.384615384615385,7.327307692307692,False,Correctly Predicted Safe,False,False
29,7,2.0,6,Johnny Weir,27.0,Britt Stewart,5.69,3.41,34.14,6.0,6,0.6927,4,8.0,False,Correctly Predicted Safe,False,10.384615384615385,8.037307692307692,False,Correctly Predicted Safe,False,False
29,7,2.0,3,Nelly,27.0,Daniella Karagach,8.54,3.41,34.14,4.0,4,0.6927,2,6.0,False,Correctly Predicted Safe,False,10.384615384615385,9.462307692307693,False,Correctly Predicted Safe,False,False
29,7,5.0,8,Chrishell Stause,26.0,Gleb Savchenko,4.88,3.41,34.14,7.0,7,0.6927,7,12.0,False,Correctly Predicted Safe,False,10.0,7.4399999999999995,False,Correctly Predicted Safe,False,False
29,7,5.0,4,Justina Machado,26.0,Sasha Farber,17.07,3.41,34.14,2.0,2,0.6927,3,7.0,False,Correctly Predicted Safe,False,10.0,13.535,False,Correctly Predicted Safe,False,False
29,7,5.0,7,AJ McLean,26.0,Cheryl Burke,3.79,3.41,34.14,9.0,9,0.6927,9,14.0,True,Incorrectly Predicted Eliminated,False,10.0,6.895,True,Incorrectly Predicted Eliminated,False,False
29,7,8.0,9,Jeannie Mai,25.0,Brandon Armstrong,6.83,3.41,17.07,5.0,5,0.8634,8,13.0,False,Incorrectly Predicted Safe,False,9.615384615384617,8.22269230769231,False,Incorrectly Predicted Safe,False,True
29,7,9.0,1,Kaitlyn Bristowe,24.0,Artem Chigvintsev,34.14,3.41,34.14,1.0,1,0.6927,6,10.0,False,Correctly Predicted Safe,False,9.230769230769232,21.685384615384617,False,Correctly Predicted Safe,False,False
29,7,10.0,10,Monica Aldama,22.0,Valentin Chmerkovskiy,3.41,3.41,34.14,10.0,10,0.6927,10,20.0,True,Correctly Predicted Eliminated,False,8.461538461538462,5.935769230769231,True,Correctly Predicted Eliminated,False,True
29,8,1.0,6,Johnny Weir,30.0,Britt Stewart,6.13,4.6,36.79,6.0,6,0.6781,3,7.0,False,Correctly Predicted Safe,False,13.513537862230383,9.82176893111519,False,Correctly Predicted Safe,False,False
29,8,1.0,2,Nev Schulman,30.0,Jenna Johnson,9.2,4.6,36.79,4.0,4,0.6781,1,5.0,False,Correctly Predicted Safe,False,13.513537862230383,11.356768931115191,False,Correctly Predicted Safe,False,False
29,8,3.0,4,Justina Machado,28.9998,Sasha Farber,7.36,4.6,36.79,5.0,5,0.6781,4,8.0,False,Correctly Predicted Safe,False,13.062996509903623,10.211498254951811,False,Correctly Predicted Safe,False,False
29,8,4.0,1,Kaitlyn Bristowe,28.0,Artem Chigvintsev,36.79,4.6,36.79,1.0,1,0.6781,2,5.0,False,Correctly Predicted Safe,False,12.61263533808169,24.701317669040844,False,Correctly Predicted Safe,False,False
29,8,5.0,8,Chrishell Stause,27.0,Gleb Savchenko,5.26,4.6,9.2,7.0,7,0.954,7,12.0,False,Incorrectly Predicted Safe,False,12.162184076007344,8.711092038003672,False,Incorrectly Predicted Safe,False,True
29,8,5.0,7,AJ McLean,27.0,Cheryl Burke,4.6,4.6,36.79,8.0,8,0.6781,8,13.0,True,Incorrectly Predicted Eliminated,False,12.162184076007344,8.381092038003672,True,Incorrectly Predicted Eliminated,False,False
29,8,7.0,5,Skai Jackson,26.9998,Alan Bersten,12.26,4.6,36.79,3.0,3,0.6781,5,10.0,False,Correctly Predicted Safe,False,12.16209398575493,12.211046992877465,False,Correctly Predicted Safe,False,False
29,8,8.0,3,Nelly,24.0,Daniella Karagach,18.4,4.6,36.79,2.0,2,0.6781,6,10.0,False,Correctly Predicted Safe,False,10.810830289784306,14.605415144892152,False,Correctly Predicted Safe,False,False
29,9,1.0,6,Johnny Weir,30.0,Britt Stewart,7.71,5.51,38.57,5.0,5,0.6694,3,6.0,False,Correctly Predicted Safe,True,15.544105882304176,11.627052941152089,False,Correctly Predicted Safe,True,False
29,9,1.0,1,Kaitlyn Bristowe,30.0,Artem Chigvintsev,9.64,5.51,38.57,4.0,4,0.6694,1,5.0,False,Correctly Predicted Safe,True,15.544105882304176,12.592052941152089,False,Correctly Predicted Safe,True,False
29,9,3.0,5,Skai Jackson,28.9998,Alan Bersten,5.51,5.51,38.57,7.0,7,0.6694,6,10.0,False,Correctly Predicted Safe,True,15.025865392188157,10.267932696094078,False,Correctly Predicted Safe,True,False
29,9,3.0,2,Nev Schulman,28.9998,Jenna Johnson,19.28,5.51,38.57,2.0,2,0.6694,2,5.0,False,Correctly Predicted Safe,True,15.025865392188157,17.15293269609408,False,Correctly Predicted Safe,True,False
29,9,5.0,4,Justina Machado,25.9998,Sasha Farber,12.86,5.51,38.57,3.0,3,0.6694,4,8.0,False,Correctly Predicted Safe,True,13.471454803957739,13.16572740197887,False,Correctly Predicted Safe,True,False
29,9,6.0,7,AJ McLean,24.9998,Cheryl Burke,6.43,5.51,19.28,6.0,6,0.8623,7,12.0,True,Correctly Predicted Eliminated,True,12.953317941214266,9.691658970607133,True,Correctly Predicted Eliminated,True,True
29,9,7.0,3,Nelly,24.0,Daniella Karagach,38.57,5.51,38.57,1.0,1,0.6694,5,8.0,False,Correctly Predicted Safe,True,12.43528470584334,25.50264235292167,False,Correctly Predicted Safe,True,False
29,10,1.0,2,Nev Schulman,30.0,Jenna Johnson,13.61,6.8,40.82,3.0,3,0.6599,2,4.0,False,Correctly Predicted Safe,True,17.24137931034483,15.425689655172414,False,Correctly Predicted Safe,True,False
29,10,1.0,1,Kaitlyn Bristowe,30.0,Artem Chigvintsev,20.41,6.8,40.82,2.0,2,0.6599,1,3.0,False,Correctly Predicted Safe,True,17.24137931034483,18.825689655172415,False,Correctly Predicted Safe,True,False
29,10,3.0,4,Justina Machado,29.0,Sasha Farber,10.2,6.8,40.82,4.0,4,0.6599,3,7.0,False,Correctly Predicted Safe,True,16.666666666666664,13.433333333333332,False,Correctly Predicted Safe,True,False
29,10,4.0,5,Skai Jackson,28.5,Alan Bersten,8.16,8.16,20.41,5.0,5,0.8776,5,9.0,True,Correctly Predicted Eliminated,True,16.379310344827587,12.269655172413794,True,Correctly Predicted Eliminated,True,True
29,10,4.0,6,Johnny Weir,28.5,Britt Stewart,6.8,6.8,10.2,6.0,6,0.966,6,10.0,True,Correctly Predicted Eliminated,True,16.379310344827587,11.589655172413794,True,Correctly Predicted Eliminated,True,True
29,10,6.0,3,Nelly,28.0,Daniella Karagach,40.82,6.8,40.82,1.0,1,0.6599,4,7.0,False,Correctly Predicted Safe,True,16.091954022988507,28.455977011494255,False,Correctly Predicted Safe,True,False
29,11,1.0,4,Justina Machado,30.0,Sasha Farber,12.0,12.0,12.0,4.0,4,1.0,3,5.0,True,Correctly Predicted Eliminated,True,25.31645569620253,18.658227848101266,True,Correctly Predicted Eliminated,False,True
29,11,1.0,2,Nev Schulman,30.0,Jenna Johnson,16.0,16.0,16.0,3.0,3,1.0,2,4.0,True,Correctly Predicted Eliminated,True,25.31645569620253,20.658227848101266,True,Correctly Predicted Eliminated,False,True
29,11,1.0,1,Kaitlyn Bristowe,30.0,Artem Chigvintsev,24.0,24.0,24.0,2.0,2,1.0,1,3.0,False,Correctly Predicted Safe,True,25.31645569620253,24.658227848101266,True,Incorrectly Predicted Eliminated,False,False
29,11,4.0,3,Nelly,28.5,Daniella Karagach,48.0,48.0,48.0,1.0,1,1.0,4,5.0,True,Correctly Predicted Eliminated,True,24.050632911392405,36.0253164556962,False,Incorrectly Predicted Safe,False,True
30,2,1.0,4,Amanda Kloots,60.0,Alan Bersten,6.03,2.01,30.14,5.0,5,0.7187,2,6.0,False,Correctly Predicted Safe,True,7.989347536617843,7.009673768308922,False,Correctly Predicted Safe,True,False
30,2,1.0,2,JoJo Siwa,60.0,Jenna Johnson,10.05,2.01,30.14,3.0,3,0.7187,1,4.0,False,Correctly Predicted Safe,True,7.989347536617843,9.019673768308921,False,Correctly Predicted Safe,True,False
30,2,3.0,11,Melanie C,57.0,Gleb Savchenko,2.01,2.01,30.14,15.0,15,0.7187,9,18.0,False,Correctly Predicted Safe,True,7.589880159786951,4.799940079893475,False,Correctly Predicted Safe,True,False
30,2,4.0,5,Suni Lee,56.0,Sasha Farber,5.02,2.01,30.14,6.0,6,0.7187,3,10.0,False,Correctly Predicted Safe,True,7.456724367509987,6.238362183754994,False,Correctly Predicted Safe,True,False
30,2,5.0,6,Melora Hardin,53.0,Artem Chigvintsev,4.31,2.01,30.14,7.0,7,0.7187,4,12.0,False,Correctly Predicted Safe,True,7.057256990679095,5.683628495339548,False,Correctly Predicted Safe,True,False
30,2,9.0,7,Jimmie Allen,49.0,Emma Slater,7.53,2.01,30.14,4.0,4,0.7187,6,13.0,False,Correctly Predicted Safe,True,6.524633821571238,7.027316910785619,False,Correctly Predicted Safe,True,False
30,2,6.0,8,Olivia Jade,52.0,Valentin Chmerkovskiy,3.35,2.01,30.14,9.0,9,0.7187,7,15.0,False,Correctly Predicted Safe,True,6.92410119840213,5.137050599201065,False,Correctly Predicted Safe,True,False
30,2,7.0,9,"Mike ""The Miz"" Mizanin",50.0,Witney Carson,2.74,2.01,30.14,11.0,11,0.7187,10,18.0,False,Correctly Predicted Safe,True,6.657789613848203,4.698894806924102,False,Correctly Predicted Safe,True,False
30,2,13.0,1,Iman Shumpert,46.0,Daniella Karagach,15.07,2.01,30.14,2.0,2,0.7187,8,15.0,False,Correctly Predicted Safe,True,6.125166444740346,10.597583222370172,False,Correctly Predicted Safe,True,False
30,2,11.0,3,Cody Rigsby,48.0,Cheryl Burke,30.14,2.01,30.14,1.0,1,0.7187,5,12.0,False,Correctly Predicted Safe,True,6.391478029294275,18.26573901464714,False,Correctly Predicted Safe,True,False
30,2,9.0,14,Christine Chiu,49.0,Pasha Pashkov,2.15,2.01,30.14,14.0,14,0.7187,14,23.0,False,Correctly Predicted Safe,True,6.524633821571238,4.337316910785619,False,Correctly Predicted Safe,True,False
30,2,7.0,10,Kenya Moore,50.0,Brandon Armstrong,2.51,2.01,30.14,12.0,12,0.7187,11,19.0,False,Correctly Predicted Safe,True,6.657789613848203,4.583894806924102,False,Correctly Predicted Safe,True,False
30,2,12.0,13,Brian Austin Green,47.0,Sharna Burgess,3.01,2.01,30.14,10.0,10,0.7187,13,22.0,False,Correctly Predicted Safe,True,6.25832223701731,4.634161118508655,False,Correctly Predicted Safe,True,False
30,2,13.0,12,Matt James,46.0,Lindsay Arnold,3.77,2.01,30.14,8.0,8,0.7187,12,21.0,False,Correctly Predicted Safe,True,6.125166444740346,4.947583222370173,False,Correctly Predicted Safe,True,False
30,2,15.0,15,Martin Kove,28.0,Britt Stewart,2.32,2.01,30.14,13.0,13,0.7187,15,28.0,True,Correctly Predicted Eliminated,True,3.7283621837549936,3.0241810918774967,True,Correctly Predicted Eliminated,True,True
30,3,1.0,8,Olivia Jade,24.0,Valentin Chmerkovskiy,3.08,2.2,30.75,10.0,10,0.7144,4,11.0,False,Correctly Predicted Safe,False,8.053691275167784,5.566845637583892,False,Correctly Predicted Safe,False,False
30,3,1.0,2,JoJo Siwa,24.0,Jenna Johnson,7.69,2.2,30.75,4.0,4,0.7144,1,5.0,False,Correctly Predicted Safe,False,8.053691275167784,7.871845637583892,False,Correctly Predicted Safe,False,False
30,3,1.0,4,Amanda Kloots,24.0,Alan Bersten,4.39,2.2,30.75,7.0,7,0.7144,2,8.0,False,Correctly Predicted Safe,False,8.053691275167784,6.2218456375838915,False,Correctly Predicted Safe,False,False
30,3,4.0,6,Melora Hardin,23.0,Artem Chigvintsev,3.84,2.2,30.75,8.0,8,0.7144,5,12.0,False,Correctly Predicted Safe,False,7.718120805369128,5.779060402684564,False,Correctly Predicted Safe,False,False
30,3,5.0,9,"Mike ""The Miz"" Mizanin",22.0,Witney Carson,2.37,2.2,30.75,13.0,13,0.7144,11,18.0,False,Correctly Predicted Safe,False,7.38255033557047,4.876275167785235,False,Correctly Predicted Safe,False,False
30,3,5.0,11,Melanie C,22.0,Gleb Savchenko,2.56,2.2,30.75,12.0,12,0.7144,10,17.0,False,Correctly Predicted Safe,False,7.38255033557047,4.971275167785235,False,Correctly Predicted Safe,False,False
30,3,7.0,5,Suni Lee,21.0,Sasha Farber,10.25,2.2,30.75,3.0,3,0.7144,3,10.0,False,Correctly Predicted Safe,False,7.046979865771812,8.648489932885905,False,Correctly Predicted Safe,False,False
30,3,7.0,14,Christine Chiu,21.0,Pasha Pashkov,2.2,2.2,3.84,14.0,14,0.9835,13,21.0,False,Incorrectly Predicted Safe,False,7.046979865771812,4.6234899328859065,False,Incorrectly Predicted Safe,False,True
30,3,7.0,10,Kenya Moore,21.0,Brandon Armstrong,5.13,2.2,30.75,6.0,6,0.7144,6,13.0,False,Correctly Predicted Safe,False,7.046979865771812,6.088489932885906,False,Correctly Predicted Safe,False,False
30,3,10.0,12,Matt James,20.0,Lindsay Arnold,3.42,2.2,30.75,9.0,9,0.7144,12,19.0,False,Correctly Predicted Safe,False,6.7114093959731544,5.065704697986577,False,Correctly Predicted Safe,False,False
30,3,10.0,7,Jimmie Allen,20.0,Emma Slater,6.15,2.2,30.75,5.0,5,0.7144,8,15.0,False,Correctly Predicted Safe,False,6.7114093959731544,6.430704697986577,False,Correctly Predicted Safe,False,False
30,3,12.0,13,Brian Austin Green,19.0,Sharna Burgess,2.8,2.2,30.75,11.0,11,0.7144,14,23.0,True,Incorrectly Predicted Eliminated,False,6.375838926174497,4.587919463087248,True,Incorrectly Predicted Eliminated,False,False
30,3,12.0,1,Iman Shumpert,19.0,Daniella Karagach,15.38,2.2,30.75,2.0,2,0.7144,7,14.0,False,Correctly Predicted Safe,False,6.375838926174497,10.877919463087249,False,Correctly Predicted Safe,False,False
30,3,14.0,3,Cody Rigsby,18.0,Cheryl Burke,30.75,2.2,30.75,1.0,1,0.7144,9,15.0,False,Correctly Predicted Safe,False,6.0402684563758395,18.39513422818792,False,Correctly Predicted Safe,False,False
30,4,1.0,6,Melora Hardin,36.5,Artem Chigvintsev,3.49,2.42,31.45,9.0,9,0.7097,3,10.0,False,Correctly Predicted Safe,True,8.752997601918464,6.121498800959232,False,Correctly Predicted Safe,False,False
30,4,2.0,8,Olivia Jade,35.0,Valentin Chmerkovskiy,2.62,2.42,31.45,12.0,12,0.7097,8,14.0,False,Correctly Predicted Safe,True,8.393285371702639,5.50664268585132,False,Correctly Predicted Safe,False,False
30,4,2.0,2,JoJo Siwa,35.0,Jenna Johnson,10.48,2.42,31.45,3.0,3,0.7097,1,5.0,False,Correctly Predicted Safe,True,8.393285371702639,9.43664268585132,False,Correctly Predicted Safe,False,False
30,4,4.0,5,Suni Lee,34.0,Sasha Farber,5.24,2.42,31.45,6.0,6,0.7097,4,10.0,False,Correctly Predicted Safe,True,8.15347721822542,6.69673860911271,False,Correctly Predicted Safe,False,False
30,4,4.0,4,Amanda Kloots,34.0,Alan Bersten,7.86,2.42,31.45,4.0,4,0.7097,2,8.0,False,Correctly Predicted Safe,True,8.15347721822542,8.00673860911271,False,Correctly Predicted Safe,False,False
30,4,6.0,11,Melanie C,33.0,Gleb Savchenko,2.86,2.42,31.45,11.0,11,0.7097,9,17.0,False,Correctly Predicted Safe,True,7.913669064748201,5.386834532374101,True,Incorrectly Predicted Eliminated,False,False
30,4,7.0,9,"Mike ""The Miz"" Mizanin",32.5,Witney Carson,3.14,2.42,31.45,10.0,10,0.7097,10,17.0,False,Correctly Predicted Safe,True,7.793764988009593,5.466882494004796,False,Correctly Predicted Safe,False,False
30,4,7.0,7,Jimmie Allen,32.5,Emma Slater,6.29,2.42,31.45,5.0,5,0.7097,6,12.0,False,Correctly Predicted Safe,True,7.793764988009593,7.041882494004796,False,Correctly Predicted Safe,False,False
30,4,9.0,1,Iman Shumpert,31.5,Daniella Karagach,31.45,2.42,31.45,1.0,1,0.7097,5,10.0,False,Correctly Predicted Safe,True,7.553956834532374,19.501978417266187,False,Correctly Predicted Safe,False,False
30,4,10.0,10,Kenya Moore,29.5,Brandon Armstrong,3.93,2.42,31.45,8.0,8,0.7097,11,18.0,False,Correctly Predicted Safe,True,7.074340527577938,5.502170263788969,False,Correctly Predicted Safe,False,False
30,4,11.0,3,Cody Rigsby,29.0,Cheryl Burke,15.72,2.42,31.45,2.0,2,0.7097,7,13.0,False,Correctly Predicted Safe,True,6.954436450839328,11.337218225419665,False,Correctly Predicted Safe,False,False
30,4,12.0,12,Matt James,28.5,Lindsay Arnold,4.49,2.42,31.45,7.0,7,0.7097,12,19.0,True,Correctly Predicted Eliminated,True,6.83453237410072,5.66226618705036,False,Incorrectly Predicted Safe,False,True
30,4,13.0,13,Brian Austin Green,26.0,Sharna Burgess,2.42,2.42,31.45,13.0,13,0.7097,13,26.0,True,Correctly Predicted Eliminated,True,6.235011990407674,4.327505995203837,True,Correctly Predicted Eliminated,False,True
30,5,1.0,2,JoJo Siwa,40.0,Jenna Johnson,11.04,3.01,33.11,3.0,3,0.699,1,4.0,False,Correctly Predicted Safe,True,10.38961038961039,10.714805194805194,False,Correctly Predicted Safe,True,False
30,5,2.0,4,Amanda Kloots,39.0,Alan Bersten,6.62,3.01,33.11,5.0,5,0.699,2,7.0,False,Correctly Predicted Safe,True,10.129870129870131,8.374935064935066,False,Correctly Predicted Safe,True,False
30,5,3.0,6,Melora Hardin,36.0,Artem Chigvintsev,4.14,3.01,33.11,8.0,8,0.699,4,11.0,False,Correctly Predicted Safe,True,9.35064935064935,6.7453246753246745,False,Correctly Predicted Safe,True,False
30,5,3.0,5,Suni Lee,36.0,Sasha Farber,4.73,3.01,33.11,7.0,7,0.699,3,10.0,False,Correctly Predicted Safe,True,9.35064935064935,7.040324675324675,False,Correctly Predicted Safe,True,False
30,5,3.0,11,Melanie C,36.0,Gleb Savchenko,3.01,3.01,3.68,11.0,11,0.9933,10,14.0,True,Correctly Predicted Eliminated,True,9.35064935064935,6.180324675324675,True,Correctly Predicted Eliminated,True,True
30,5,3.0,8,Olivia Jade,36.0,Valentin Chmerkovskiy,3.31,3.01,33.11,10.0,10,0.699,8,13.0,False,Correctly Predicted Safe,True,9.35064935064935,6.330324675324675,False,Correctly Predicted Safe,True,False
30,5,3.0,10,Kenya Moore,36.0,Brandon Armstrong,3.68,3.01,33.11,9.0,9,0.699,6,12.0,False,Correctly Predicted Safe,True,9.35064935064935,6.515324675324675,False,Correctly Predicted Safe,True,False
30,5,8.0,7,Jimmie Allen,34.0,Emma Slater,5.52,3.01,33.11,6.0,6,0.699,11,14.0,False,Correctly Predicted Safe,True,8.831168831168831,7.1755844155844155,False,Correctly Predicted Safe,True,False
30,5,9.0,9,"Mike ""The Miz"" Mizanin",32.0,Witney Carson,8.28,3.01,33.11,4.0,4,0.699,9,13.0,False,Correctly Predicted Safe,True,8.311688311688311,8.295844155844154,False,Correctly Predicted Safe,True,False
30,5,9.0,3,Cody Rigsby,32.0,Cheryl Burke,16.56,3.01,33.11,2.0,2,0.699,5,11.0,False,Correctly Predicted Safe,True,8.311688311688311,12.435844155844155,False,Correctly Predicted Safe,True,False
30,5,11.0,1,Iman Shumpert,28.0,Daniella Karagach,33.11,3.01,33.11,1.0,1,0.699,7,12.0,False,Correctly Predicted Safe,True,7.2727272727272725,20.191363636363636,False,Correctly Predicted Safe,True,False
30,6,1.0,1,Iman Shumpert,40.0,Daniella Karagach,17.07,3.41,34.14,2.0,2,0.6927,1,3.0,False,Correctly Predicted Safe,True,10.989010989010989,14.029505494505495,False,Correctly Predicted Safe,True,False
30,6,1.0,2,JoJo Siwa,40.0,Jenna Johnson,11.38,3.41,34.14,3.0,3,0.6927,2,4.0,False,Correctly Predicted Safe,True,10.989010989010989,11.184505494505494,False,Correctly Predicted Safe,True,False
30,6,3.0,7,Jimmie Allen,38.0,Emma Slater,4.88,3.41,34.14,7.0,7,0.6927,5,10.0,False,Correctly Predicted Safe,True,10.43956043956044,7.65978021978022,False,Correctly Predicted Safe,True,False
30,6,3.0,4,Amanda Kloots,38.0,Alan Bersten,5.69,3.41,34.14,6.0,6,0.6927,4,9.0,False,Correctly Predicted Safe,True,10.43956043956044,8.06478021978022,False,Correctly Predicted Safe,True,False
30,6,5.0,5,Suni Lee,36.0,Sasha Farber,6.83,3.41,34.14,5.0,5,0.6927,6,10.0,False,Correctly Predicted Safe,True,9.89010989010989,8.360054945054944,False,Correctly Predicted Safe,True,False
30,6,5.0,3,Cody Rigsby,36.0,Cheryl Burke,34.14,3.41,34.14,1.0,1,0.6927,3,6.0,False,Correctly Predicted Safe,True,9.89010989010989,22.015054945054946,False,Correctly Predicted Safe,True,False
30,6,5.0,8,Olivia Jade,36.0,Valentin Chmerkovskiy,4.27,3.41,34.14,8.0,8,0.6927,8,13.0,False,Correctly Predicted Safe,True,9.89010989010989,7.080054945054945,False,Correctly Predicted Safe,True,False
30,6,8.0,6,Melora Hardin,34.0,Artem Chigvintsev,8.54,3.41,34.14,4.0,4,0.6927,7,12.0,False,Correctly Predicted Safe,True,9.340659340659341,8.940329670329671,False,Correctly Predicted Safe,True,False
30,6,8.0,9,"Mike ""The Miz"" Mizanin",34.0,Witney Carson,3.41,3.41,34.14,10.0,10,0.6927,9,18.0,False,Correctly Predicted Safe,True,9.340659340659341,6.375329670329671,False,Correctly Predicted Safe,True,False
30,6,10.0,10,Kenya Moore,32.0,Brandon Armstrong,3.79,3.41,34.14,9.0,9,0.6927,10,19.0,True,Correctly Predicted Eliminated,True,8.791208791208792,6.2906043956043955,True,Correctly Predicted Eliminated,True,True
30,7,1.0,8,Olivia Jade,42.0,Valentin Chmerkovskiy,5.05,3.93,35.35,7.0,7,0.6858,3,8.0,False,Correctly Predicted Safe,True,12.844036697247708,8.947018348623853,False,Correctly Predicted Safe,False,False
30,7,2.0,2,JoJo Siwa,39.0,Jenna Johnson,11.78,3.93,35.35,3.0,3,0.6858,1,5.0,False,Correctly Predicted Safe,True,11.926605504587156,11.853302752293578,False,Correctly Predicted Safe,False,False
30,7,3.0,6,Melora Hardin,38.0,Artem Chigvintsev,4.42,3.93,35.35,8.0,8,0.6858,6,11.0,False,Correctly Predicted Safe,True,11.62079510703364,8.020397553516819,False,Correctly Predicted Safe,False,False
30,7,3.0,7,Jimmie Allen,38.0,Emma Slater,3.93,3.93,35.35,9.0,9,0.6858,8,12.0,False,Correctly Predicted Safe,True,11.62079510703364,7.77539755351682,True,Incorrectly Predicted Eliminated,False,False
30,7,5.0,3,Cody Rigsby,36.0,Cheryl Burke,35.35,3.93,35.35,1.0,1,0.6858,2,6.0,False,Correctly Predicted Safe,True,11.009174311926607,23.179587155963304,False,Correctly Predicted Safe,False,False
30,7,6.0,5,Suni Lee,34.0,Sasha Farber,8.84,3.93,35.35,4.0,4,0.6858,5,10.0,False,Correctly Predicted Safe,True,10.397553516819572,9.618776758409787,False,Correctly Predicted Safe,False,False
30,7,6.0,1,Iman Shumpert,34.0,Daniella Karagach,7.07,3.93,35.35,5.0,5,0.6858,7,11.0,False,Correctly Predicted Safe,True,10.397553516819572,8.733776758409785,False,Correctly Predicted Safe,False,False
30,7,6.0,4,Amanda Kloots,34.0,Alan Bersten,17.67,3.93,35.35,2.0,2,0.6858,4,8.0,False,Correctly Predicted Safe,True,10.397553516819572,14.033776758409786,False,Correctly Predicted Safe,False,False
30,7,9.0,9,"Mike ""The Miz"" Mizanin",32.0,Witney Carson,5.89,3.93,35.35,6.0,6,0.6858,9,15.0,True,Correctly Predicted Eliminated,True,9.785932721712538,7.837966360856269,False,Incorrectly Predicted Safe,False,True
30,8,1.0,6,Melora Hardin,42.0,Artem Chigvintsev,5.26,4.6,36.79,7.0,7,0.6781,4,8.0,False,Correctly Predicted Safe,True,13.636363636363635,9.448181818181817,True,Incorrectly Predicted Eliminated,False,False
30,8,1.0,5,Suni Lee,42.0,Sasha Farber,7.36,4.6,36.79,5.0,5,0.6781,2,6.0,False,Correctly Predicted Safe,True,13.636363636363635,10.498181818181818,False,Correctly Predicted Safe,False,False
30,8,1.0,4,Amanda Kloots,42.0,Alan Bersten,6.13,4.6,36.79,6.0,6,0.6781,3,7.0,False,Correctly Predicted Safe,True,13.636363636363635,9.883181818181818,False,Correctly Predicted Safe,False,False
30,8,4.0,2,JoJo Siwa,41.0,Jenna Johnson,36.79,4.6,36.79,1.0,1,0.6781,1,5.0,False,Correctly Predicted Safe,True,13.311688311688311,25.050844155844153,False,Correctly Predicted Safe,False,False
30,8,5.0,3,Cody Rigsby,38.0,Cheryl Burke,12.26,4.6,36.79,3.0,3,0.6781,5,8.0,False,Correctly Predicted Safe,True,12.337662337662337,12.298831168831168,False,Correctly Predicted Safe,False,False
30,8,6.0,8,Olivia Jade,36.0,Valentin Chmerkovskiy,4.6,4.6,12.26,8.0,8,0.9233,8,14.0,True,Correctly Predicted Eliminated,True,11.688311688311687,8.144155844155843,True,Correctly Predicted Eliminated,False,True
30,8,7.0,1,Iman Shumpert,35.0,Daniella Karagach,18.4,4.6,36.79,2.0,2,0.6781,6,9.0,False,Correctly Predicted Safe,True,11.363636363636363,14.881818181818181,False,Correctly Predicted Safe,False,False
30,8,8.0,7,Jimmie Allen,32.0,Emma Slater,9.2,6.13,36.79,4.0,4,0.6934,7,12.0,True,Correctly Predicted Eliminated,True,10.38961038961039,9.794805194805194,False,Incorrectly Predicted Safe,False,True
30,9,1.0,2,JoJo Siwa,40.0,Jenna Johnson,13.61,6.8,40.82,3.0,3,0.6599,1,4.0,False,Correctly Predicted Safe,True,17.699115044247787,15.654557522123893,False,Correctly Predicted Safe,True,False
30,9,2.0,4,Amanda Kloots,39.5,Alan Bersten,10.2,6.8,40.82,4.0,4,0.6599,3,6.0,False,Correctly Predicted Safe,True,17.47787610619469,13.838938053097344,False,Correctly Predicted Safe,True,False
30,9,3.0,5,Suni Lee,37.5,Sasha Farber,8.16,6.8,13.61,5.0,5,0.932,5,8.0,True,Correctly Predicted Eliminated,True,16.5929203539823,12.37646017699115,True,Correctly Predicted Eliminated,True,True
30,9,3.0,1,Iman Shumpert,37.5,Daniella Karagach,20.41,6.8,40.82,2.0,2,0.6599,2,5.0,False,Correctly Predicted Safe,True,16.5929203539823,18.501460176991152,False,Correctly Predicted Safe,True,False
30,9,5.0,6,Melora Hardin,36.0,Artem Chigvintsev,6.8,6.8,20.41,6.0,6,0.8639,6,11.0,True,Correctly Predicted Eliminated,True,15.929203539823009,11.364601769911504,True,Correctly Predicted Eliminated,True,True
30,9,6.0,3,Cody Rigsby,35.5,Cheryl Burke,40.82,6.8,40.82,1.0,1,0.6599,4,7.0,False,Correctly Predicted Safe,True,15.70796460176991,28.263982300884955,False,Correctly Predicted Safe,True,False
30,10,1.0,1,Iman Shumpert,40.0,Daniella Karagach,48.0,16.0,48.0,1.0,1,0.68,1,2.0,False,Correctly Predicted Safe,True,25.477707006369428,36.738853503184714,False,Correctly Predicted Safe,True,False
30,10,1.0,2,JoJo Siwa,40.0,Jenna Johnson,16.0,12.0,24.0,3.0,3,0.88,2,4.0,True,Correctly Predicted Eliminated,True,25.477707006369428,20.738853503184714,True,Correctly Predicted Eliminated,True,True
30,10,3.0,4,Amanda Kloots,39.0,Alan Bersten,12.0,12.0,24.0,4.0,4,0.88,4,7.0,True,Correctly Predicted Eliminated,True,24.840764331210192,18.420382165605098,True,Correctly Predicted Eliminated,True,True
30,10,4.0,3,Cody Rigsby,38.0,Cheryl Burke,24.0,16.0,48.0,2.0,2,0.68,3,6.0,True,Correctly Predicted Eliminated,True,24.203821656050955,24.101910828025478,True,Correctly Predicted Eliminated,True,True
31,1,1.0,1,Charli D'Amelio,32.0,Mark Ballas,29.58,1.85,29.58,1.0,1,0.7227,1,2.0,False,Correctly Predicted Safe,True,8.37696335078534,18.97848167539267,False,Correctly Predicted Safe,True,False
31,1,2.0,3,Wayne Brady,29.0,Witney Carson,5.92,1.85,29.58,5.0,5,0.7227,3,7.0,False,Correctly Predicted Safe,True,7.591623036649215,6.755811518324608,False,Correctly Predicted Safe,True,False
31,1,3.0,12,Selma Blair,28.0,Sasha Farber,2.28,1.85,29.58,13.0,13,0.7227,7,16.0,False,Correctly Predicted Safe,True,7.329842931937172,4.804921465968586,False,Correctly Predicted Safe,True,False
31,1,3.0,4,Shangela,28.0,Gleb Savchenko,4.93,1.85,29.58,6.0,6,0.7227,4,9.0,False,Correctly Predicted Safe,True,7.329842931937172,6.129921465968586,False,Correctly Predicted Safe,True,False
31,1,3.0,2,Gabby Windey,28.0,Valentin Chmerkovskiy,9.86,1.85,29.58,3.0,3,0.7227,2,6.0,False,Correctly Predicted Safe,True,7.329842931937172,8.594921465968586,False,Correctly Predicted Safe,True,False
31,1,6.0,5,Daniel Durant,27.0,Britt Stewart,7.39,1.85,29.58,4.0,4,0.7227,5,10.0,False,Correctly Predicted Safe,True,7.068062827225131,7.2290314136125655,False,Correctly Predicted Safe,True,False
31,1,7.0,9,Jordin Sparks,26.0,Brandon Armstrong,2.69,1.85,29.58,11.0,11,0.7227,9,18.0,False,Correctly Predicted Safe,True,6.806282722513089,4.748141361256544,False,Correctly Predicted Safe,True,False
31,1,8.0,8,Heidi D'Amelio,24.0,Artem Chigvintsev,3.7,1.85,29.58,8.0,8,0.7227,8,16.0,False,Correctly Predicted Safe,True,6.282722513089005,4.9913612565445025,False,Correctly Predicted Safe,True,False
31,1,9.0,11,Joseph Baena,23.0,Daniella Karagach,2.46,1.85,29.58,12.0,12,0.7227,10,21.0,False,Correctly Predicted Safe,True,6.020942408376963,4.240471204188482,False,Correctly Predicted Safe,True,False
31,1,10.0,14,Cheryl Ladd,21.0,Louis van Amstel,1.97,1.85,29.58,15.0,15,0.7227,14,25.0,False,Correctly Predicted Safe,True,5.49738219895288,3.73369109947644,False,Correctly Predicted Safe,True,False
31,1,10.0,6,Trevor Donovan,21.0,Emma Slater,14.79,1.85,29.58,2.0,2,0.7227,6,12.0,False,Correctly Predicted Safe,True,5.49738219895288,10.14369109947644,False,Correctly Predicted Safe,True,False
31,1,12.0,13,Sam Champion,20.0,Cheryl Burke,2.11,1.85,29.58,14.0,14,0.7227,15,26.0,False,Correctly Predicted Safe,True,5.2356020942408374,3.6728010471204184,False,Correctly Predicted Safe,True,False
31,1,12.0,10,Jessie James Decker,20.0,Alan Bersten,3.29,1.85,29.58,9.0,9,0.7227,11,21.0,False,Correctly Predicted Safe,True,5.2356020942408374,4.262801047120419,False,Correctly Predicted Safe,True,False
31,1,12.0,15,Teresa Giudice,20.0,Pasha Pashkov,2.96,1.85,29.58,10.0,10,0.7227,12,22.0,False,Correctly Predicted Safe,True,5.2356020942408374,4.097801047120418,False,Correctly Predicted Safe,True,False
31,1,15.0,16,Jason Lewis,18.0,Peta Murgatroyd,1.85,1.85,14.79,16.0,16,0.8706,16,31.0,True,Correctly Predicted Eliminated,True,4.712041884816754,3.281020942408377,True,Correctly Predicted Eliminated,True,True
31,1,16.0,7,Vinny Guadagnino,17.0,Koko Iwasaki,4.23,1.85,29.58,7.0,7,0.7227,13,23.0,False,Correctly Predicted Safe,True,4.450261780104712,4.340130890052356,False,Correctly Predicted Safe,True,False
31,2,1.0,3,Wayne Brady,32.0,Witney Carson,6.03,2.01,30.14,5.0,5,0.7187,3,6.0,False,Correctly Predicted Safe,True,7.766990291262135,6.898495145631068,False,Correctly Predicted Safe,False,False
31,2,1.0,1,Charli D'Amelio,32.0,Mark Ballas,30.14,2.01,30.14,1.0,1,0.7187,1,2.0,False,Correctly Predicted Safe,True,7.766990291262135,18.953495145631067,False,Correctly Predicted Safe,False,False
31,2,1.0,2,Gabby Windey,32.0,Valentin Chmerkovskiy,10.05,2.01,30.14,3.0,3,0.7187,2,4.0,False,Correctly Predicted Safe,True,7.766990291262135,8.908495145631068,False,Correctly Predicted Safe,False,False
31,2,4.0,6,Trevor Donovan,30.0,Emma Slater,3.77,2.01,30.14,8.0,8,0.7187,6,12.0,False,Correctly Predicted Safe,True,7.281553398058252,5.525776699029126,False,Correctly Predicted Safe,False,False
31,2,5.0,5,Daniel Durant,29.0,Britt Stewart,7.53,2.01,30.14,4.0,4,0.7187,5,9.0,False,Correctly Predicted Safe,True,7.038834951456311,7.284417475728155,False,Correctly Predicted Safe,False,False
31,2,6.0,12,Selma Blair,28.0,Sasha Farber,2.01,2.01,30.14,15.0,15,0.7187,11,21.0,False,Correctly Predicted Safe,True,6.796116504854369,4.403058252427185,False,Correctly Predicted Safe,False,False
31,2,6.0,8,Heidi D'Amelio,28.0,Artem Chigvintsev,3.01,2.01,30.14,10.0,10,0.7187,8,16.0,False,Correctly Predicted Safe,True,6.796116504854369,4.903058252427185,False,Correctly Predicted Safe,False,False
31,2,6.0,4,Shangela,28.0,Gleb Savchenko,15.07,2.01,30.14,2.0,2,0.7187,4,8.0,False,Correctly Predicted Safe,True,6.796116504854369,10.933058252427184,False,Correctly Predicted Safe,False,False
31,2,9.0,9,Jordin Sparks,27.0,Brandon Armstrong,3.35,2.01,30.14,9.0,9,0.7187,9,18.0,False,Correctly Predicted Safe,True,6.553398058252427,4.951699029126214,False,Correctly Predicted Safe,False,False
31,2,9.0,7,Vinny Guadagnino,27.0,Koko Iwasaki,5.02,2.01,30.14,6.0,6,0.7187,7,15.0,False,Correctly Predicted Safe,True,6.553398058252427,5.786699029126213,False,Correctly Predicted Safe,False,False
31,2,11.0,13,Sam Champion,26.0,Cheryl Burke,2.51,2.01,30.14,12.0,12,0.7187,12,23.0,False,Correctly Predicted Safe,True,6.310679611650485,4.4103398058252425,False,Correctly Predicted Safe,False,False
31,2,12.0,10,Jessie James Decker,25.0,Alan Bersten,4.31,2.01,30.14,7.0,7,0.7187,10,19.0,False,Correctly Predicted Safe,True,6.067961165048544,5.188980582524271,False,Correctly Predicted Safe,False,False
31,2,13.0,11,Joseph Baena,24.0,Daniella Karagach,2.74,2.01,30.14,11.0,11,0.7187,13,24.0,False,Correctly Predicted Safe,True,5.825242718446602,4.282621359223301,False,Correctly Predicted Safe,False,False
31,2,14.0,15,Teresa Giudice,23.0,Pasha Pashkov,2.15,2.01,15.07,14.0,14,0.8694,14,28.0,True,Correctly Predicted Eliminated,True,5.582524271844661,3.86626213592233,False,Incorrectly Predicted Safe,False,True
31,2,15.0,14,Cheryl Ladd,21.0,Louis van Amstel,2.32,2.01,30.14,13.0,13,0.7187,15,28.0,False,Correctly Predicted Safe,True,5.097087378640777,3.708543689320388,True,Incorrectly Predicted Eliminated,False,False
31,3,1.0,3,Wayne Brady,33.0,Witney Carson,6.15,2.2,30.75,5.0,5,0.7144,3,6.0,False,Correctly Predicted Safe,True,8.188585607940446,7.169292803970223,False,Correctly Predicted Safe,True,False
31,3,1.0,1,Charli D'Amelio,33.0,Mark Ballas,15.38,2.2,30.75,2.0,2,0.7144,1,3.0,False,Correctly Predicted Safe,True,8.188585607940446,11.784292803970224,False,Correctly Predicted Safe,True,False
31,3,1.0,2,Gabby Windey,33.0,Valentin Chmerkovskiy,10.25,2.2,30.75,3.0,3,0.7144,2,4.0,False,Correctly Predicted Safe,True,8.188585607940446,9.219292803970223,False,Correctly Predicted Safe,True,False
31,3,4.0,8,Heidi D'Amelio,32.0,Artem Chigvintsev,2.56,2.2,30.75,12.0,12,0.7144,8,16.0,False,Correctly Predicted Safe,True,7.94044665012407,5.250223325062035,False,Correctly Predicted Safe,True,False
31,3,5.0,5,Daniel Durant,31.0,Britt Stewart,4.39,2.2,30.75,7.0,7,0.7144,4,12.0,False,Correctly Predicted Safe,True,7.6923076923076925,6.041153846153846,False,Correctly Predicted Safe,True,False
31,3,6.0,4,Shangela,30.0,Gleb Savchenko,5.13,2.2,30.75,6.0,6,0.7144,5,12.0,False,Correctly Predicted Safe,True,7.444168734491314,6.287084367245657,False,Correctly Predicted Safe,True,False
31,3,7.0,11,Joseph Baena,29.0,Daniella Karagach,3.08,2.2,30.75,10.0,10,0.7144,9,17.0,False,Correctly Predicted Safe,True,7.196029776674938,5.138014888337469,False,Correctly Predicted Safe,True,False
31,3,7.0,9,Jordin Sparks,29.0,Brandon Armstrong,2.8,2.2,30.75,11.0,11,0.7144,10,18.0,False,Correctly Predicted Safe,True,7.196029776674938,4.998014888337469,False,Correctly Predicted Safe,True,False
31,3,9.0,12,Selma Blair,28.0,Sasha Farber,2.2,2.2,30.75,14.0,14,0.7144,13,23.0,False,Correctly Predicted Safe,True,6.9478908188585615,4.573945409429281,False,Correctly Predicted Safe,True,False
31,3,10.0,6,Trevor Donovan,27.0,Emma Slater,7.69,2.2,30.75,4.0,4,0.7144,6,14.0,False,Correctly Predicted Safe,True,6.699751861042183,7.194875930521092,False,Correctly Predicted Safe,True,False
31,3,11.0,10,Jessie James Decker,26.0,Alan Bersten,3.42,2.2,30.75,9.0,9,0.7144,11,20.0,False,Correctly Predicted Safe,True,6.451612903225806,4.935806451612903,False,Correctly Predicted Safe,True,False
31,3,12.0,13,Sam Champion,25.0,Cheryl Burke,3.84,2.2,30.75,8.0,8,0.7144,12,20.0,False,Correctly Predicted Safe,True,6.20347394540943,5.021736972704715,False,Correctly Predicted Safe,True,False
31,3,13.0,14,Cheryl Ladd,24.0,Louis van Amstel,2.37,2.2,15.38,13.0,13,0.8682,14,26.0,True,Correctly Predicted Eliminated,True,5.955334987593052,4.162667493796526,True,Correctly Predicted Eliminated,True,True
31,3,14.0,7,Vinny Guadagnino,23.0,Koko Iwasaki,30.75,2.2,30.75,1.0,1,0.7144,7,15.0,False,Correctly Predicted Safe,True,5.707196029776675,18.228598014888338,False,Correctly Predicted Safe,True,False
31,4,1.0,3,Wayne Brady,36.0,Witney Carson,4.49,2.42,31.45,7.0,7,0.7097,3,8.0,False,Correctly Predicted Safe,False,8.780487804878048,6.635243902439024,False,Correctly Predicted Safe,False,False
31,4,1.0,1,Charli D'Amelio,36.0,Mark Ballas,31.45,2.42,31.45,1.0,1,0.7097,1,2.0,False,Correctly Predicted Safe,False,8.780487804878048,20.115243902439023,False,Correctly Predicted Safe,False,False
31,4,1.0,2,Gabby Windey,36.0,Valentin Chmerkovskiy,7.86,2.42,31.45,4.0,4,0.7097,2,5.0,False,Correctly Predicted Safe,False,8.780487804878048,8.320243902439024,False,Correctly Predicted Safe,False,False
31,4,4.0,9,Jordin Sparks,34.0,Brandon Armstrong,2.42,2.42,31.45,13.0,13,0.7097,9,17.0,False,Correctly Predicted Safe,False,8.292682926829269,5.356341463414634,False,Correctly Predicted Safe,False,False
31,4,4.0,8,Heidi D'Amelio,34.0,Artem Chigvintsev,2.62,2.42,31.45,12.0,12,0.7097,8,16.0,False,Correctly Predicted Safe,False,8.292682926829269,5.456341463414635,False,Correctly Predicted Safe,False,False
31,4,6.0,12,Selma Blair,32.0,Sasha Farber,3.49,2.42,31.45,9.0,9,0.7097,7,15.0,False,Correctly Predicted Safe,False,7.804878048780488,5.647439024390244,False,Correctly Predicted Safe,False,False
31,4,6.0,4,Shangela,32.0,Gleb Savchenko,15.72,2.42,31.45,2.0,2,0.7097,4,8.0,False,Correctly Predicted Safe,False,7.804878048780488,11.762439024390243,False,Correctly Predicted Safe,False,False
31,4,8.0,10,Jessie James Decker,31.0,Alan Bersten,3.14,2.42,31.45,10.0,10,0.7097,11,18.0,False,Correctly Predicted Safe,False,7.560975609756097,5.350487804878049,False,Correctly Predicted Safe,False,False
31,4,9.0,5,Daniel Durant,29.0,Britt Stewart,10.48,2.42,31.45,3.0,3,0.7097,5,12.0,False,Correctly Predicted Safe,False,7.073170731707316,8.77658536585366,False,Correctly Predicted Safe,False,False
31,4,9.0,7,Vinny Guadagnino,29.0,Koko Iwasaki,6.29,2.42,31.45,5.0,5,0.7097,6,14.0,False,Correctly Predicted Safe,False,7.073170731707316,6.681585365853659,False,Correctly Predicted Safe,False,False
31,4,11.0,11,Joseph Baena,28.0,Daniella Karagach,2.86,2.42,31.45,11.0,11,0.7097,13,22.0,True,Incorrectly Predicted Eliminated,False,6.829268292682928,4.8446341463414635,True,Incorrectly Predicted Eliminated,False,False
31,4,11.0,6,Trevor Donovan,28.0,Emma Slater,5.24,2.42,31.45,6.0,6,0.7097,10,17.0,False,Correctly Predicted Safe,False,6.829268292682928,6.034634146341464,False,Correctly Predicted Safe,False,False
31,4,13.0,13,Sam Champion,25.0,Cheryl Burke,3.93,2.42,31.45,8.0,8,0.7097,12,21.0,False,Incorrectly Predicted Safe,False,6.097560975609756,5.013780487804878,False,Incorrectly Predicted Safe,False,True
31,5,1.0,1,Charli D'Amelio,42.0,Mark Ballas,4.6,2.69,32.22,7.0,7,0.7046,3,8.0,False,Correctly Predicted Safe,False,9.364548494983277,6.982274247491638,False,Correctly Predicted Safe,False,False
31,5,2.0,3,Wayne Brady,41.0,Witney Carson,8.06,2.69,32.22,4.0,4,0.7046,2,6.0,False,Correctly Predicted Safe,False,9.141583054626533,8.600791527313266,False,Correctly Predicted Safe,False,False
31,5,2.0,2,Gabby Windey,41.0,Valentin Chmerkovskiy,16.11,2.69,32.22,2.0,2,0.7046,1,4.0,False,Correctly Predicted Safe,False,9.141583054626533,12.625791527313266,False,Correctly Predicted Safe,False,False
31,5,4.0,12,Selma Blair,40.0,Sasha Farber,2.69,2.69,3.58,12.0,12,0.991,10,16.0,True,Correctly Predicted Eliminated,False,8.918617614269788,5.804308807134894,True,Correctly Predicted Eliminated,False,True
31,5,5.0,8,Heidi D'Amelio,39.0,Artem Chigvintsev,3.22,2.69,32.22,10.0,10,0.7046,6,15.0,False,Correctly Predicted Safe,False,8.695652173913043,5.957826086956522,False,Correctly Predicted Safe,False,False
31,5,6.0,4,Shangela,38.5,Gleb Savchenko,3.58,2.69,32.22,9.0,9,0.7046,7,15.0,False,Correctly Predicted Safe,False,8.58416945373467,6.082084726867335,False,Correctly Predicted Safe,False,False
31,5,7.0,6,Trevor Donovan,36.0,Emma Slater,6.44,2.69,32.22,5.0,5,0.7046,4,12.0,False,Correctly Predicted Safe,False,8.02675585284281,7.233377926421404,False,Correctly Predicted Safe,False,False
31,5,7.0,10,Jessie James Decker,36.0,Alan Bersten,4.03,2.69,32.22,8.0,8,0.7046,8,15.0,False,Correctly Predicted Safe,False,8.02675585284281,6.028377926421404,False,Correctly Predicted Safe,False,False
31,5,9.0,9,Jordin Sparks,35.5,Brandon Armstrong,2.93,2.69,32.22,11.0,11,0.7046,12,20.0,True,Incorrectly Predicted Eliminated,False,7.915273132664437,5.422636566332218,True,Incorrectly Predicted Eliminated,False,False
31,5,10.0,11,Joseph Baena,35.0,Daniella Karagach,5.37,5.37,10.74,6.0,6,0.9463,11,16.0,False,Incorrectly Predicted Safe,False,7.803790412486064,6.586895206243032,False,Incorrectly Predicted Safe,False,True
31,5,11.0,5,Daniel Durant,33.5,Britt Stewart,32.22,2.69,32.22,1.0,1,0.7046,5,12.0,False,Correctly Predicted Safe,False,7.469342251950947,19.844671125975474,False,Correctly Predicted Safe,False,False
31,5,12.0,7,Vinny Guadagnino,31.0,Koko Iwasaki,10.74,2.69,32.22,3.0,3,0.7046,9,15.0,False,Correctly Predicted Safe,False,6.911928651059086,8.825964325529544,False,Correctly Predicted Safe,False,False
31,6,1.0,1,Charli D'Amelio,40.0,Mark Ballas,17.07,3.41,34.14,2.0,2,0.6927,1,3.0,False,Correctly Predicted Safe,True,11.594202898550725,14.332101449275363,False,Correctly Predicted Safe,True,False
31,6,2.0,2,Gabby Windey,37.0,Valentin Chmerkovskiy,11.38,3.41,34.14,3.0,3,0.6927,2,5.0,False,Correctly Predicted Safe,True,10.72463768115942,11.05231884057971,False,Correctly Predicted Safe,True,False
31,6,3.0,8,Heidi D'Amelio,36.0,Artem Chigvintsev,4.27,3.41,34.14,8.0,8,0.6927,6,11.0,False,Correctly Predicted Safe,True,10.434782608695652,7.352391304347826,False,Correctly Predicted Safe,True,False
31,6,3.0,4,Shangela,36.0,Gleb Savchenko,5.69,3.41,34.14,6.0,6,0.6927,4,9.0,False,Correctly Predicted Safe,True,10.434782608695652,8.062391304347827,False,Correctly Predicted Safe,True,False
31,6,5.0,6,Trevor Donovan,34.0,Emma Slater,4.88,3.41,34.14,7.0,7,0.6927,7,12.0,False,Correctly Predicted Safe,True,9.855072463768117,7.367536231884058,False,Correctly Predicted Safe,True,False
31,6,5.0,5,Daniel Durant,34.0,Britt Stewart,6.83,3.41,34.14,5.0,5,0.6927,5,10.0,False,Correctly Predicted Safe,True,9.855072463768117,8.342536231884058,False,Correctly Predicted Safe,True,False
31,6,5.0,3,Wayne Brady,34.0,Witney Carson,34.14,3.41,34.14,1.0,1,0.6927,3,6.0,False,Correctly Predicted Safe,True,9.855072463768117,21.99753623188406,False,Correctly Predicted Safe,True,False
31,6,5.0,9,Jordin Sparks,34.0,Brandon Armstrong,3.41,3.41,34.14,10.0,10,0.6927,9,15.0,False,Correctly Predicted Safe,True,9.855072463768117,6.632536231884059,False,Correctly Predicted Safe,True,False
31,6,9.0,10,Jessie James Decker,32.0,Alan Bersten,3.79,3.41,17.07,9.0,9,0.8634,10,18.0,True,Correctly Predicted Eliminated,True,9.27536231884058,6.5326811594202905,True,Correctly Predicted Eliminated,True,True
31,6,10.0,7,Vinny Guadagnino,28.0,Koko Iwasaki,8.54,3.41,34.14,4.0,4,0.6927,8,14.0,False,Correctly Predicted Safe,True,8.115942028985506,8.327971014492753,False,Correctly Predicted Safe,True,False
31,7,1.0,6,Trevor Donovan,39.0,Emma Slater,5.05,3.93,35.35,7.0,7,0.6858,3,8.0,False,Correctly Predicted Safe,True,11.981566820276496,8.515783410138248,False,Correctly Predicted Safe,False,False
31,7,1.0,1,Charli D'Amelio,39.0,Mark Ballas,35.35,3.93,35.35,1.0,1,0.6858,1,2.0,False,Correctly Predicted Safe,True,11.981566820276496,23.66578341013825,False,Correctly Predicted Safe,False,False
31,7,3.0,3,Wayne Brady,38.0,Witney Carson,11.78,3.93,35.35,3.0,3,0.6858,2,6.0,False,Correctly Predicted Safe,True,11.674347158218126,11.727173579109063,False,Correctly Predicted Safe,False,False
31,7,4.0,5,Daniel Durant,36.5,Britt Stewart,5.89,3.93,35.35,6.0,6,0.6858,6,10.0,False,Correctly Predicted Safe,True,11.213517665130567,8.551758832565284,False,Correctly Predicted Safe,False,False
31,7,4.0,4,Shangela,36.5,Gleb Savchenko,8.84,3.93,35.35,4.0,4,0.6858,4,8.0,False,Correctly Predicted Safe,True,11.213517665130567,10.026758832565283,False,Correctly Predicted Safe,False,False
31,7,6.0,2,Gabby Windey,35.5,Valentin Chmerkovskiy,17.67,3.93,35.35,2.0,2,0.6858,5,8.0,False,Correctly Predicted Safe,True,10.906298003072196,14.288149001536098,False,Correctly Predicted Safe,False,False
31,7,7.0,8,Heidi D'Amelio,35.0,Artem Chigvintsev,3.93,3.93,35.35,9.0,9,0.6858,8,16.0,False,Correctly Predicted Safe,True,10.75268817204301,7.341344086021505,True,Incorrectly Predicted Eliminated,False,False
31,7,8.0,9,Jordin Sparks,34.5,Brandon Armstrong,4.42,3.93,17.67,8.0,8,0.8625,9,16.0,True,Correctly Predicted Eliminated,True,10.599078341013826,7.509539170506913,False,Incorrectly Predicted Safe,False,True
31,7,9.0,7,Vinny Guadagnino,31.5,Koko Iwasaki,7.07,3.93,35.35,5.0,5,0.6858,7,14.0,False,Correctly Predicted Safe,True,9.67741935483871,8.373709677419356,False,Correctly Predicted Safe,False,False
31,8,1.0,3,Wayne Brady,45.0,Witney Carson,12.26,4.6,36.79,3.0,3,0.6781,2,4.0,False,Correctly Predicted Safe,True,14.331210191082802,13.2956050955414,False,Correctly Predicted Safe,True,False
31,8,1.0,1,Charli D'Amelio,45.0,Mark Ballas,36.79,4.6,36.79,1.0,1,0.6781,1,2.0,False,Correctly Predicted Safe,True,14.331210191082802,25.5606050955414,False,Correctly Predicted Safe,True,False
31,8,3.0,4,Shangela,42.0,Gleb Savchenko,7.36,4.6,36.79,5.0,5,0.6781,4,8.0,False,Correctly Predicted Safe,True,13.375796178343949,10.367898089171975,False,Correctly Predicted Safe,True,False
31,8,4.0,2,Gabby Windey,40.0,Valentin Chmerkovskiy,18.4,4.6,36.79,2.0,2,0.6781,3,6.0,False,Correctly Predicted Safe,True,12.738853503184714,15.569426751592356,False,Correctly Predicted Safe,True,False
31,8,5.0,6,Trevor Donovan,39.0,Emma Slater,5.26,4.6,36.79,7.0,7,0.6781,6,12.0,False,Correctly Predicted Safe,True,12.420382165605096,8.840191082802548,False,Correctly Predicted Safe,True,False
31,8,5.0,5,Daniel Durant,39.0,Britt Stewart,9.2,4.6,36.79,4.0,4,0.6781,5,9.0,False,Correctly Predicted Safe,True,12.420382165605096,10.810191082802547,False,Correctly Predicted Safe,True,False
31,8,7.0,8,Heidi D'Amelio,35.0,Artem Chigvintsev,4.6,4.6,18.4,8.0,8,0.862,8,15.0,True,Correctly Predicted Eliminated,True,11.146496815286625,7.873248407643312,True,Correctly Predicted Eliminated,True,True
31,8,8.0,7,Vinny Guadagnino,29.0,Koko Iwasaki,6.13,5.26,36.79,6.0,6,0.6846,7,14.0,True,Correctly Predicted Eliminated,True,9.235668789808917,7.682834394904459,True,Correctly Predicted Eliminated,True,True
31,9,1.0,1,Charli D'Amelio,40.0,Mark Ballas,40.82,6.8,40.82,1.0,1,0.6599,1,2.0,False,Correctly Predicted Safe,True,18.181818181818183,29.50090909090909,False,Correctly Predicted Safe,False,False
31,9,1.0,2,Gabby Windey,40.0,Valentin Chmerkovskiy,20.41,6.8,40.82,2.0,2,0.6599,2,3.0,False,Correctly Predicted Safe,True,18.181818181818183,19.295909090909092,False,Correctly Predicted Safe,False,False
31,9,3.0,3,Wayne Brady,36.5,Witney Carson,13.61,6.8,40.82,3.0,3,0.6599,3,6.0,False,Correctly Predicted Safe,True,16.590909090909093,15.100454545454546,False,Correctly Predicted Safe,False,False
31,9,3.0,4,Shangela,36.5,Gleb Savchenko,8.16,6.8,40.82,5.0,5,0.6599,4,8.0,False,Correctly Predicted Safe,True,16.590909090909093,12.375454545454547,True,Incorrectly Predicted Eliminated,False,False
31,9,5.0,5,Daniel Durant,34.5,Britt Stewart,10.2,6.8,40.82,4.0,4,0.6599,5,9.0,True,Correctly Predicted Eliminated,True,15.681818181818183,12.940909090909091,False,Incorrectly Predicted Safe,False,True
31,9,6.0,6,Trevor Donovan,32.5,Emma Slater,6.8,6.8,40.82,6.0,6,0.6599,6,12.0,True,Correctly Predicted Eliminated,True,14.772727272727273,10.786363636363637,True,Correctly Predicted Eliminated,False,True
31,10,1.0,1,Charli D'Amelio,40.0,Mark Ballas,48.0,24.0,48.0,1.0,1,0.76,1,2.0,False,Correctly Predicted Safe,True,25.64102564102564,36.82051282051282,False,Correctly Predicted Safe,True,False
31,10,1.0,2,Gabby Windey,40.0,Valentin Chmerkovskiy,16.0,12.0,24.0,3.0,3,0.88,2,4.0,True,Correctly Predicted Eliminated,True,25.64102564102564,20.820512820512818,True,Correctly Predicted Eliminated,True,True
31,10,3.0,3,Wayne Brady,38.0,Witney Carson,24.0,16.0,48.0,2.0,2,0.68,3,5.0,True,Correctly Predicted Eliminated,True,24.358974358974358,24.17948717948718,True,Correctly Predicted Eliminated,True,True
31,10,3.0,4,Shangela,38.0,Gleb Savchenko,12.0,12.0,16.0,4.0,4,0.96,4,7.0,True,Correctly Predicted Eliminated,True,24.358974358974358,18.17948717948718,True,Correctly Predicted Eliminated,True,True
32,1,1.0,4,Charity Lawson,22.0,Artem Chigvintsev,4.39,2.2,30.75,7.0,7,0.7144,4,8.0,False,Correctly Predicted Safe,True,9.523809523809524,6.956904761904761,False,Correctly Predicted Safe,True,False
32,1,2.0,2,Jason Mraz,21.0,Daniella Karagach,7.69,2.2,30.75,4.0,4,0.7144,1,6.0,False,Correctly Predicted Safe,True,9.090909090909092,8.390454545454546,False,Correctly Predicted Safe,True,False
32,1,2.0,3,Ariana Madix,21.0,Pasha Pashkov,6.15,2.2,30.75,5.0,5,0.7144,2,7.0,False,Correctly Predicted Safe,True,9.090909090909092,7.620454545454546,False,Correctly Predicted Safe,True,False
32,1,4.0,8,Lele Pons,19.0,Brandon Armstrong,2.56,2.2,30.75,12.0,12,0.7144,9,16.0,False,Correctly Predicted Safe,True,8.225108225108226,5.392554112554113,False,Correctly Predicted Safe,True,False
32,1,5.0,1,Xochitl Gomez,18.0,Valentin Chmerkovskiy,15.38,2.2,30.75,2.0,2,0.7144,3,7.0,False,Correctly Predicted Safe,True,7.792207792207792,11.586103896103896,False,Correctly Predicted Safe,True,False
32,1,5.0,11,Adrian Peterson,18.0,Britt Stewart,3.42,2.2,30.75,9.0,9,0.7144,6,14.0,False,Correctly Predicted Safe,True,7.792207792207792,5.606103896103896,False,Correctly Predicted Safe,True,False
32,1,7.0,10,Mira Sorvino,17.0,Gleb Savchenko,3.08,2.2,30.75,10.0,10,0.7144,10,17.0,False,Correctly Predicted Safe,True,7.35930735930736,5.21965367965368,False,Correctly Predicted Safe,True,False
32,1,8.0,7,Barry Williams,16.0,Peta Murgatroyd,5.13,2.2,30.75,6.0,6,0.7144,7,14.0,False,Correctly Predicted Safe,True,6.926406926406926,6.028203463203463,False,Correctly Predicted Safe,True,False
32,1,9.0,13,Jamie Lynn Spears,15.0,Alan Bersten,2.37,2.2,30.75,13.0,13,0.7144,12,22.0,False,Correctly Predicted Safe,True,6.493506493506493,4.431753246753246,False,Correctly Predicted Safe,True,False
32,1,9.0,9,Mauricio Umansky,15.0,Emma Slater,3.84,2.2,30.75,8.0,8,0.7144,11,17.0,False,Correctly Predicted Safe,True,6.493506493506493,5.166753246753246,False,Correctly Predicted Safe,True,False
32,1,11.0,5,Alyson Hannigan,13.0,Sasha Farber,10.25,2.2,30.75,3.0,3,0.7144,8,14.0,False,Correctly Predicted Safe,True,5.627705627705628,7.938852813852813,False,Correctly Predicted Safe,True,False
32,1,12.0,14,Matt Walsh,12.0,Koko Iwasaki,2.2,2.2,10.25,14.0,14,0.9195,14,26.0,True,Correctly Predicted Eliminated,True,5.194805194805195,3.6974025974025975,True,Correctly Predicted Eliminated,True,True
32,1,12.0,12,Tyson Beckford,12.0,Jenna Johnson,2.8,2.2,30.75,11.0,11,0.7144,13,23.0,False,Correctly Predicted Safe,True,5.194805194805195,3.9974025974025973,False,Correctly Predicted Safe,True,False
32,1,12.0,6,Harry Jowsey,12.0,Rylee Arnold,30.75,2.2,30.75,1.0,1,0.7144,5,13.0,False,Correctly Predicted Safe,True,5.194805194805195,17.9724025974026,False,Correctly Predicted Safe,True,False
32,2,1.0,1,Xochitl Gomez,24.0,Valentin Chmerkovskiy,15.72,2.42,31.45,2.0,2,0.7097,1,3.0,False,Correctly Predicted Safe,True,10.084033613445378,12.902016806722688,False,Correctly Predicted Safe,True,False
32,2,1.0,2,Jason Mraz,24.0,Daniella Karagach,10.48,2.42,31.45,3.0,3,0.7097,2,4.0,False,Correctly Predicted Safe,True,10.084033613445378,10.28201680672269,False,Correctly Predicted Safe,True,False
32,2,3.0,8,Lele Pons,21.0,Brandon Armstrong,2.86,2.42,31.45,11.0,11,0.7097,5,14.0,False,Correctly Predicted Safe,True,8.823529411764707,5.841764705882353,False,Correctly Predicted Safe,True,False
32,2,3.0,4,Charity Lawson,21.0,Artem Chigvintsev,4.49,2.42,31.45,7.0,7,0.7097,4,10.0,False,Correctly Predicted Safe,True,8.823529411764707,6.656764705882353,False,Correctly Predicted Safe,True,False
32,2,5.0,3,Ariana Madix,20.0,Pasha Pashkov,31.45,2.42,31.45,1.0,1,0.7097,3,6.0,False,Correctly Predicted Safe,True,8.403361344537815,19.92668067226891,False,Correctly Predicted Safe,True,False
32,2,6.0,5,Alyson Hannigan,19.0,Sasha Farber,3.93,2.42,31.45,8.0,8,0.7097,6,14.0,False,Correctly Predicted Safe,True,7.9831932773109235,5.956596638655462,False,Correctly Predicted Safe,True,False
32,2,7.0,10,Mira Sorvino,18.0,Gleb Savchenko,3.49,2.42,31.45,9.0,9,0.7097,8,16.0,False,Correctly Predicted Safe,True,7.563025210084033,5.526512605042017,False,Correctly Predicted Safe,True,False
32,2,7.0,12,Tyson Beckford,18.0,Jenna Johnson,2.42,2.42,31.45,13.0,13,0.7097,11,20.0,False,Correctly Predicted Safe,True,7.563025210084033,4.991512605042017,False,Correctly Predicted Safe,True,False
32,2,9.0,13,Jamie Lynn Spears,16.0,Alan Bersten,2.62,2.42,6.29,12.0,12,0.9613,13,21.0,True,Correctly Predicted Eliminated,True,6.722689075630252,4.671344537815126,True,Correctly Predicted Eliminated,True,True
32,2,10.0,7,Barry Williams,15.0,Peta Murgatroyd,5.24,2.42,31.45,6.0,6,0.7097,9,16.0,False,Correctly Predicted Safe,True,6.302521008403361,5.771260504201681,False,Correctly Predicted Safe,True,False
32,2,10.0,11,Adrian Peterson,15.0,Britt Stewart,3.14,2.42,31.45,10.0,10,0.7097,12,20.0,False,Correctly Predicted Safe,True,6.302521008403361,4.72126050420168,False,Correctly Predicted Safe,True,False
32,2,10.0,6,Harry Jowsey,15.0,Rylee Arnold,7.86,2.42,31.45,4.0,4,0.7097,7,14.0,False,Correctly Predicted Safe,True,6.302521008403361,7.081260504201681,False,Correctly Predicted Safe,True,False
32,2,13.0,9,Mauricio Umansky,12.0,Emma Slater,6.29,2.42,31.45,5.0,5,0.7097,10,18.0,False,Correctly Predicted Safe,True,5.042016806722689,5.666008403361344,False,Correctly Predicted Safe,True,False
32,3,1.0,2,Jason Mraz,34.0,Daniella Karagach,10.74,2.69,32.22,3.0,3,0.7046,1,4.0,False,Correctly Predicted Safe,True,10.526315789473683,10.633157894736842,False,Correctly Predicted Safe,True,False
32,3,1.0,3,Ariana Madix,34.0,Pasha Pashkov,6.44,2.69,32.22,5.0,5,0.7046,3,6.0,False,Correctly Predicted Safe,True,10.526315789473683,8.483157894736841,False,Correctly Predicted Safe,True,False
32,3,3.0,1,Xochitl Gomez,32.0,Valentin Chmerkovskiy,32.22,2.69,32.22,1.0,1,0.7046,2,4.0,False,Correctly Predicted Safe,True,9.907120743034056,21.063560371517028,False,Correctly Predicted Safe,True,False
32,3,3.0,4,Charity Lawson,32.0,Artem Chigvintsev,5.37,2.69,32.22,6.0,6,0.7046,4,9.0,False,Correctly Predicted Safe,True,9.907120743034056,7.638560371517029,False,Correctly Predicted Safe,True,False
32,3,5.0,8,Lele Pons,27.0,Brandon Armstrong,3.22,2.69,32.22,10.0,10,0.7046,8,15.0,False,Correctly Predicted Safe,True,8.359133126934983,5.789566563467492,False,Correctly Predicted Safe,True,False
32,3,6.0,10,Mira Sorvino,26.0,Gleb Savchenko,2.69,2.69,32.22,12.0,12,0.7046,9,18.0,False,Correctly Predicted Safe,True,8.04953560371517,5.369767801857585,False,Correctly Predicted Safe,True,False
32,3,7.0,7,Barry Williams,25.0,Peta Murgatroyd,4.6,2.69,32.22,7.0,7,0.7046,7,14.0,False,Correctly Predicted Safe,True,7.739938080495357,6.169969040247678,False,Correctly Predicted Safe,True,False
32,3,8.0,5,Alyson Hannigan,24.0,Sasha Farber,16.11,2.69,32.22,2.0,2,0.7046,5,10.0,False,Correctly Predicted Safe,True,7.430340557275541,11.77017027863777,False,Correctly Predicted Safe,True,False
32,3,8.0,6,Harry Jowsey,24.0,Rylee Arnold,8.06,2.69,32.22,4.0,4,0.7046,6,12.0,False,Correctly Predicted Safe,True,7.430340557275541,7.7451702786377705,False,Correctly Predicted Safe,True,False
32,3,10.0,9,Mauricio Umansky,23.0,Emma Slater,4.03,2.69,32.22,8.0,8,0.7046,10,18.0,False,Correctly Predicted Safe,True,7.120743034055728,5.575371517027865,False,Correctly Predicted Safe,True,False
32,3,11.0,11,Adrian Peterson,22.0,Britt Stewart,3.58,2.69,32.22,9.0,9,0.7046,11,20.0,False,Correctly Predicted Safe,True,6.811145510835913,5.195572755417956,False,Correctly Predicted Safe,True,False
32,3,12.0,12,Tyson Beckford,20.0,Jenna Johnson,2.93,2.69,32.22,11.0,11,0.7046,12,23.0,True,Correctly Predicted Eliminated,True,6.191950464396285,4.5609752321981425,True,Correctly Predicted Eliminated,True,True
32,4,1.0,1,Xochitl Gomez,27.0,Valentin Chmerkovskiy,11.04,3.01,33.11,3.0,3,0.699,1,4.0,False,Correctly Predicted Safe,True,11.25,11.145,False,Correctly Predicted Safe,True,False
32,4,2.0,3,Ariana Madix,25.0,Pasha Pashkov,8.28,3.01,33.11,4.0,4,0.699,3,6.0,False,Correctly Predicted Safe,True,10.416666666666668,9.348333333333333,False,Correctly Predicted Safe,True,False
32,4,3.0,2,Jason Mraz,24.0,Daniella Karagach,33.11,3.01,33.11,1.0,1,0.699,2,4.0,False,Correctly Predicted Safe,True,10.0,21.555,False,Correctly Predicted Safe,True,False
32,4,3.0,4,Charity Lawson,24.0,Artem Chigvintsev,6.62,3.01,33.11,5.0,5,0.699,4,8.0,False,Correctly Predicted Safe,True,10.0,8.31,False,Correctly Predicted Safe,True,False
32,4,5.0,8,Lele Pons,22.0,Brandon Armstrong,3.31,3.01,33.11,10.0,10,0.699,7,15.0,False,Correctly Predicted Safe,True,9.166666666666666,6.238333333333333,False,Correctly Predicted Safe,True,False
32,4,6.0,10,Mira Sorvino,21.0,Gleb Savchenko,3.68,3.01,33.11,9.0,9,0.699,8,15.0,False,Correctly Predicted Safe,True,8.75,6.215,False,Correctly Predicted Safe,True,False
32,4,6.0,11,Adrian Peterson,21.0,Britt Stewart,3.01,3.01,5.52,11.0,11,0.9749,10,17.0,True,Correctly Predicted Eliminated,True,8.75,5.88,True,Correctly Predicted Eliminated,True,True
32,4,6.0,6,Harry Jowsey,21.0,Rylee Arnold,4.73,3.01,33.11,7.0,7,0.699,6,13.0,False,Correctly Predicted Safe,True,8.75,6.74,False,Correctly Predicted Safe,True,False
32,4,9.0,9,Mauricio Umansky,19.0,Emma Slater,4.14,3.01,33.11,8.0,8,0.699,11,17.0,False,Correctly Predicted Safe,True,7.916666666666666,6.028333333333332,False,Correctly Predicted Safe,True,False
32,4,10.0,7,Barry Williams,18.0,Peta Murgatroyd,5.52,3.01,33.11,6.0,6,0.699,9,16.0,False,Correctly Predicted Safe,True,7.5,6.51,False,Correctly Predicted Safe,True,False
32,4,10.0,5,Alyson Hannigan,18.0,Sasha Farber,16.56,3.01,33.11,2.0,2,0.699,5,12.0,False,Correctly Predicted Safe,True,7.5,12.03,False,Correctly Predicted Safe,True,False
32,5,1.0,1,Xochitl Gomez,28.0,Valentin Chmerkovskiy,17.07,3.41,34.14,2.0,2,0.6927,1,3.0,False,Correctly Predicted Safe,True,11.666666666666666,14.368333333333332,False,Correctly Predicted Safe,True,False
32,5,1.0,4,Charity Lawson,28.0,Artem Chigvintsev,5.69,3.41,34.14,6.0,6,0.6927,3,7.0,False,Correctly Predicted Safe,True,11.666666666666666,8.678333333333333,False,Correctly Predicted Safe,True,False
32,5,3.0,2,Jason Mraz,27.0,Daniella Karagach,34.14,3.41,34.14,1.0,1,0.6927,2,4.0,False,Correctly Predicted Safe,True,11.25,22.695,False,Correctly Predicted Safe,True,False
32,5,4.0,7,Barry Williams,24.0,Peta Murgatroyd,4.27,3.41,34.14,8.0,8,0.6927,6,12.0,False,Correctly Predicted Safe,True,10.0,7.135,False,Correctly Predicted Safe,True,False
32,5,4.0,8,Lele Pons,24.0,Brandon Armstrong,4.88,3.41,34.14,7.0,7,0.6927,5,11.0,False,Correctly Predicted Safe,True,10.0,7.4399999999999995,False,Correctly Predicted Safe,True,False
32,5,4.0,9,Mauricio Umansky,24.0,Emma Slater,3.79,3.41,34.14,9.0,9,0.6927,8,13.0,False,Correctly Predicted Safe,True,10.0,6.895,False,Correctly Predicted Safe,True,False
32,5,4.0,3,Ariana Madix,24.0,Pasha Pashkov,8.54,3.41,34.14,4.0,4,0.6927,4,8.0,False,Correctly Predicted Safe,True,10.0,9.27,False,Correctly Predicted Safe,True,False
32,5,8.0,10,Mira Sorvino,22.0,Gleb Savchenko,3.41,3.41,11.38,10.0,10,0.9203,10,18.0,True,Correctly Predicted Eliminated,True,9.166666666666666,6.288333333333333,True,Correctly Predicted Eliminated,True,True
32,5,9.0,5,Alyson Hannigan,21.0,Sasha Farber,11.38,3.41,34.14,3.0,3,0.6927,7,12.0,False,Correctly Predicted Safe,True,8.75,10.065000000000001,False,Correctly Predicted Safe,True,False
32,5,10.0,6,Harry Jowsey,18.0,Rylee Arnold,6.83,3.41,34.14,5.0,5,0.6927,9,15.0,False,Correctly Predicted Safe,True,7.5,7.165,False,Correctly Predicted Safe,True,False
32,6,1.0,1,Xochitl Gomez,42.0,Valentin Chmerkovskiy,35.35,3.93,35.35,1.0,1,0.6858,1,2.0,False,Correctly Predicted Safe,True,13.043478260869565,24.196739130434782,False,Correctly Predicted Safe,True,False
32,6,2.0,3,Ariana Madix,41.0,Pasha Pashkov,7.07,3.93,35.35,5.0,5,0.6858,2,7.0,False,Correctly Predicted Safe,True,12.732919254658384,9.901459627329192,False,Correctly Predicted Safe,True,False
32,6,3.0,2,Jason Mraz,39.0,Daniella Karagach,8.84,3.93,35.35,4.0,4,0.6858,3,7.0,False,Correctly Predicted Safe,True,12.111801242236025,10.475900621118011,False,Correctly Predicted Safe,True,False
32,6,4.0,4,Charity Lawson,38.0,Artem Chigvintsev,5.89,3.93,35.35,6.0,6,0.6858,4,10.0,False,Correctly Predicted Safe,True,11.801242236024844,8.845621118012422,False,Correctly Predicted Safe,True,False
32,6,5.0,8,Lele Pons,37.0,Brandon Armstrong,4.42,3.93,35.35,8.0,8,0.6858,7,13.0,False,Correctly Predicted Safe,True,11.490683229813664,7.955341614906832,False,Correctly Predicted Safe,True,False
32,6,6.0,9,Mauricio Umansky,33.0,Emma Slater,3.93,3.93,8.84,9.0,9,0.9509,9,15.0,True,Correctly Predicted Eliminated,True,10.248447204968944,7.089223602484472,True,Correctly Predicted Eliminated,True,True
32,6,7.0,7,Barry Williams,32.0,Peta Murgatroyd,5.05,3.93,35.35,7.0,7,0.6858,8,14.0,False,Correctly Predicted Safe,True,9.937888198757763,7.493944099378881,False,Correctly Predicted Safe,True,False
32,6,8.0,5,Alyson Hannigan,31.0,Sasha Farber,17.67,3.93,35.35,2.0,2,0.6858,5,10.0,False,Correctly Predicted Safe,True,9.627329192546584,13.648664596273292,False,Correctly Predicted Safe,True,False
32,6,9.0,6,Harry Jowsey,29.0,Rylee Arnold,11.78,3.93,35.35,3.0,3,0.6858,6,12.0,False,Correctly Predicted Safe,True,9.006211180124224,10.393105590062111,False,Correctly Predicted Safe,True,False
32,7,1.0,1,Xochitl Gomez,37.0,Valentin Chmerkovskiy,12.26,4.6,36.79,3.0,3,0.6781,1,4.0,False,Correctly Predicted Safe,False,13.120567375886525,12.690283687943262,False,Correctly Predicted Safe,False,False
32,7,1.0,3,Ariana Madix,37.0,Pasha Pashkov,7.36,4.6,36.79,5.0,5,0.6781,3,6.0,False,Correctly Predicted Safe,False,13.120567375886525,10.240283687943263,False,Correctly Predicted Safe,False,False
32,7,3.0,8,Lele Pons,36.5,Brandon Armstrong,4.6,4.6,6.13,8.0,8,0.9847,7,11.0,False,Incorrectly Predicted Safe,False,12.943262411347517,8.771631205673758,False,Incorrectly Predicted Safe,False,True
32,7,4.0,2,Jason Mraz,36.0,Daniella Karagach,36.79,4.6,36.79,1.0,1,0.6781,2,5.0,False,Correctly Predicted Safe,False,12.76595744680851,24.777978723404253,False,Correctly Predicted Safe,False,False
32,7,4.0,4,Charity Lawson,36.0,Artem Chigvintsev,6.13,4.6,36.79,6.0,6,0.6781,4,10.0,False,Correctly Predicted Safe,False,12.76595744680851,9.447978723404255,False,Correctly Predicted Safe,False,False
32,7,6.0,5,Alyson Hannigan,35.0,Sasha Farber,9.2,4.6,36.79,4.0,4,0.6781,5,10.0,False,Correctly Predicted Safe,False,12.411347517730496,10.805673758865247,False,Correctly Predicted Safe,False,False
32,7,7.0,7,Barry Williams,32.5,Peta Murgatroyd,5.26,4.6,36.79,7.0,7,0.6781,8,14.0,True,Incorrectly Predicted Eliminated,False,11.52482269503546,8.39241134751773,True,Incorrectly Predicted Eliminated,False,False
32,7,8.0,6,Harry Jowsey,32.0,Rylee Arnold,18.4,4.6,36.79,2.0,2,0.6781,6,10.0,False,Correctly Predicted Safe,False,11.347517730496454,14.873758865248227,False,Correctly Predicted Safe,False,False
32,8,1.0,3,Ariana Madix,42.0,Pasha Pashkov,7.71,5.51,38.57,5.0,5,0.6694,2,6.0,False,Correctly Predicted Safe,True,16.600790513833992,12.155395256916997,False,Correctly Predicted Safe,True,False
32,8,2.0,1,Xochitl Gomez,40.0,Valentin Chmerkovskiy,38.57,5.51,38.57,1.0,1,0.6694,1,3.0,False,Correctly Predicted Safe,True,15.810276679841898,27.19013833992095,False,Correctly Predicted Safe,True,False
32,8,3.0,4,Charity Lawson,39.0,Artem Chigvintsev,9.64,5.51,38.57,4.0,4,0.6694,3,7.0,False,Correctly Predicted Safe,True,15.41501976284585,12.527509881422926,False,Correctly Predicted Safe,True,False
32,8,4.0,5,Alyson Hannigan,36.0,Sasha Farber,6.43,5.51,38.57,6.0,6,0.6694,5,10.0,False,Correctly Predicted Safe,True,14.229249011857709,10.329624505928855,False,Correctly Predicted Safe,True,False
32,8,5.0,7,Barry Williams,35.0,Peta Murgatroyd,5.51,5.51,12.86,7.0,7,0.9265,7,12.0,True,Correctly Predicted Eliminated,True,13.83399209486166,9.67199604743083,True,Correctly Predicted Eliminated,True,True
32,8,6.0,2,Jason Mraz,33.0,Daniella Karagach,19.28,5.51,38.57,2.0,2,0.6694,4,8.0,False,Correctly Predicted Safe,True,13.043478260869565,16.161739130434782,False,Correctly Predicted Safe,True,False
32,8,7.0,6,Harry Jowsey,28.0,Rylee Arnold,12.86,5.51,38.57,3.0,3,0.6694,6,10.0,False,Correctly Predicted Safe,True,11.067193675889328,11.963596837944664,False,Correctly Predicted Safe,True,False
32,9,1.0,2,Jason Mraz,43.0,Daniella Karagach,13.61,6.8,40.82,3.0,3,0.6599,2,4.0,False,Correctly Predicted Safe,True,19.457013574660635,16.533506787330317,False,Correctly Predicted Safe,True,False
32,9,2.0,1,Xochitl Gomez,41.0,Valentin Chmerkovskiy,40.82,6.8,40.82,1.0,1,0.6599,1,3.0,False,Correctly Predicted Safe,True,18.552036199095024,29.68601809954751,False,Correctly Predicted Safe,True,False
32,9,3.0,4,Charity Lawson,38.0,Artem Chigvintsev,10.2,6.8,40.82,4.0,4,0.6599,4,7.0,False,Correctly Predicted Safe,True,17.194570135746606,13.697285067873302,False,Correctly Predicted Safe,True,False
32,9,4.0,3,Ariana Madix,37.0,Pasha Pashkov,20.41,6.8,40.82,2.0,2,0.6599,3,6.0,False,Correctly Predicted Safe,True,16.7420814479638,18.576040723981897,False,Correctly Predicted Safe,True,False
32,9,5.0,5,Alyson Hannigan,32.0,Sasha Farber,8.16,6.8,40.82,5.0,5,0.6599,5,10.0,False,Correctly Predicted Safe,True,14.479638009049776,11.319819004524888,False,Correctly Predicted Safe,True,False
32,9,6.0,6,Harry Jowsey,30.0,Rylee Arnold,6.8,6.8,40.82,6.0,6,0.6599,6,12.0,True,Correctly Predicted Eliminated,True,13.574660633484163,10.18733031674208,True,Correctly Predicted Eliminated,True,True
32,11,1.0,1,Xochitl Gomez,60.0,Valentin Chmerkovskiy,21.9,14.6,43.8,2.0,2,0.708,1,3.0,False,Correctly Predicted Safe,True,20.833333333333336,21.366666666666667,True,Incorrectly Predicted Eliminated,False,False
32,11,3.0,2,Jason Mraz,58.5,Daniella Karagach,43.8,14.6,43.8,1.0,1,0.708,2,4.0,True,Correctly Predicted Eliminated,True,20.3125,32.05625,False,Incorrectly Predicted Safe,False,True
32,11,2.0,4,Charity Lawson,59.0,Artem Chigvintsev,8.76,8.76,10.95,5.0,5,0.9781,4,7.0,True,Correctly Predicted Eliminated,True,20.48611111111111,14.623055555555556,True,Correctly Predicted Eliminated,False,True
32,11,3.0,3,Ariana Madix,58.5,Pasha Pashkov,14.6,10.95,21.9,3.0,3,0.8905,3,6.0,True,Correctly Predicted Eliminated,True,20.3125,17.45625,True,Correctly Predicted Eliminated,False,True
32,11,5.0,5,Alyson Hannigan,52.0,Sasha Farber,10.95,8.76,21.9,4.0,4,0.8686,5,9.0,True,Correctly Predicted Eliminated,True,18.055555555555554,14.502777777777776,True,Correctly Predicted Eliminated,False,True
33,2,1.0,3,Chandler Kinney,47.0,Brandon Armstrong,7.86,2.42,31.45,4.0,4,0.7097,1,5.0,False,Correctly Predicted Safe,True,9.306930693069306,8.583465346534654,False,Correctly Predicted Safe,True,False
33,2,2.0,6,Dwight Howard ,44.0,Daniella Karagach,3.49,2.42,31.45,9.0,9,0.7097,6,11.0,False,Correctly Predicted Safe,True,8.712871287128712,6.101435643564356,False,Correctly Predicted Safe,True,False
33,2,3.0,4,Stephen Nedoroscik,43.0,Rylee Arnold,10.48,2.42,31.45,3.0,3,0.7097,3,6.0,False,Correctly Predicted Safe,True,8.514851485148515,9.497425742574258,False,Correctly Predicted Safe,True,False
33,2,3.0,1,Joey Graziadei,43.0,Jenna Johnson,15.72,2.42,31.45,2.0,2,0.7097,2,5.0,False,Correctly Predicted Safe,True,8.514851485148515,12.117425742574259,False,Correctly Predicted Safe,True,False
33,2,5.0,5,Danny Amendola,41.0,Witney Carson,6.29,2.42,31.45,5.0,5,0.7097,5,10.0,False,Correctly Predicted Safe,True,8.118811881188119,7.204405940594059,False,Correctly Predicted Safe,True,False
33,2,7.0,2,Ilona Maher,39.0,Alan Bersten,31.45,2.42,31.45,1.0,1,0.7097,4,8.0,False,Correctly Predicted Safe,True,7.7227722772277225,19.58638613861386,False,Correctly Predicted Safe,True,False
33,2,6.0,8,Phaedra Parks,40.0,Val Chmerkovskiy,2.86,2.42,31.45,11.0,11,0.7097,8,17.0,False,Correctly Predicted Safe,True,7.920792079207921,5.39039603960396,False,Correctly Predicted Safe,True,False
33,2,8.0,9,Brooks Nader,38.0,Gleb Savchenko,3.14,2.42,31.45,10.0,10,0.7097,9,18.0,False,Correctly Predicted Safe,True,7.524752475247524,5.3323762376237624,False,Correctly Predicted Safe,True,False
33,2,10.0,12,Tori Spelling,36.0,Pasha Pashkov,2.42,2.42,7.86,13.0,13,0.9456,12,23.0,True,Correctly Predicted Eliminated,True,7.128712871287128,4.774356435643564,True,Correctly Predicted Eliminated,True,True
33,2,8.0,7,Jenn Tran,38.0,Sasha Farber,5.24,2.42,31.45,6.0,6,0.7097,7,14.0,False,Correctly Predicted Safe,True,7.524752475247524,6.382376237623762,False,Correctly Predicted Safe,True,False
33,2,11.0,12,Anna Delvey,35.0,Ezra Sosa,2.62,2.42,10.48,12.0,12,0.9194,13,23.0,True,Correctly Predicted Eliminated,True,6.9306930693069315,4.775346534653465,True,Correctly Predicted Eliminated,True,True
33,2,13.0,10,Eric Roberts,30.0,Britt Stewart,4.49,2.42,31.45,7.0,7,0.7097,10,20.0,False,Correctly Predicted Safe,True,5.9405940594059405,5.21529702970297,False,Correctly Predicted Safe,True,False
33,2,12.0,10,Reginald VelJohnson,31.0,Emma Slater,3.93,2.42,31.45,8.0,8,0.7097,11,20.0,False,Correctly Predicted Safe,True,6.138613861386139,5.034306930693069,False,Correctly Predicted Safe,True,False
33,3,1.0,1,Joey Graziadei,35.0,Jenna Johnson,16.56,3.01,33.11,2.0,2,0.699,1,3.0,False,Correctly Predicted Safe,True,11.0062893081761,13.78314465408805,False,Correctly Predicted Safe,True,False
33,3,2.0,3,Chandler Kinney,34.5,Brandon Armstrong,5.52,3.01,33.11,6.0,6,0.699,2,8.0,False,Correctly Predicted Safe,True,10.849056603773585,8.184528301886793,False,Correctly Predicted Safe,True,False
33,3,3.0,4,Stephen Nedoroscik,31.0,Rylee Arnold,6.62,3.01,33.11,5.0,5,0.699,3,8.0,False,Correctly Predicted Safe,True,9.748427672955975,8.184213836477987,False,Correctly Predicted Safe,True,False
33,3,3.0,7,Jenn Tran,31.0,Sasha Farber,4.14,3.01,33.11,8.0,8,0.699,6,11.0,False,Correctly Predicted Safe,True,9.748427672955975,6.944213836477987,False,Correctly Predicted Safe,True,False
33,3,5.0,9,Brooks Nader,30.5,Gleb Savchenko,3.01,3.01,33.11,11.0,11,0.699,8,16.0,False,Correctly Predicted Safe,True,9.59119496855346,6.30059748427673,False,Correctly Predicted Safe,True,False
33,3,6.0,5,Danny Amendola,30.0,Witney Carson,8.28,3.01,33.11,4.0,4,0.699,5,10.0,False,Correctly Predicted Safe,True,9.433962264150944,8.856981132075472,False,Correctly Predicted Safe,True,False
33,3,7.0,2,Ilona Maher,28.0,Alan Bersten,33.11,3.01,33.11,1.0,1,0.699,4,8.0,False,Correctly Predicted Safe,True,8.80503144654088,20.95751572327044,False,Correctly Predicted Safe,True,False
33,3,7.0,8,Phaedra Parks,28.0,Val Chmerkovskiy,3.68,3.01,33.11,9.0,9,0.699,9,16.0,False,Correctly Predicted Safe,True,8.80503144654088,6.24251572327044,False,Correctly Predicted Safe,True,False
33,3,9.0,6,Dwight Howard ,26.0,Daniella Karagach,11.04,3.01,33.11,3.0,3,0.699,7,12.0,False,Correctly Predicted Safe,True,8.176100628930817,9.608050314465409,False,Correctly Predicted Safe,True,False
33,3,10.0,10,Eric Roberts,23.0,Britt Stewart,3.31,3.01,33.11,10.0,10,0.699,11,20.0,True,Correctly Predicted Eliminated,True,7.232704402515723,5.271352201257861,True,Correctly Predicted Eliminated,True,True
33,3,11.0,10,Reginald VelJohnson,21.0,Emma Slater,4.73,3.01,33.11,7.0,7,0.699,10,18.0,True,Correctly Predicted Eliminated,True,6.60377358490566,5.66688679245283,True,Correctly Predicted Eliminated,True,True
33,4,1.0,5,Danny Amendola,36.0,Witney Carson,5.05,3.93,35.35,7.0,7,0.6858,3,8.0,False,Correctly Predicted Safe,True,12.244897959183673,8.647448979591836,False,Correctly Predicted Safe,True,False
33,4,1.0,1,Joey Graziadei,36.0,Jenna Johnson,35.35,3.93,35.35,1.0,1,0.6858,1,2.0,False,Correctly Predicted Safe,True,12.244897959183673,23.797448979591838,False,Correctly Predicted Safe,True,False
33,4,3.0,4,Stephen Nedoroscik,33.0,Rylee Arnold,7.07,3.93,35.35,5.0,5,0.6858,4,8.0,False,Correctly Predicted Safe,True,11.224489795918368,9.147244897959183,False,Correctly Predicted Safe,True,False
33,4,4.0,3,Chandler Kinney,32.0,Brandon Armstrong,17.67,3.93,35.35,2.0,2,0.6858,2,6.0,False,Correctly Predicted Safe,True,10.884353741496598,14.277176870748299,False,Correctly Predicted Safe,True,False
33,4,4.0,2,Ilona Maher,32.0,Alan Bersten,8.84,3.93,35.35,4.0,4,0.6858,5,8.0,False,Correctly Predicted Safe,True,10.884353741496598,9.8621768707483,False,Correctly Predicted Safe,True,False
33,4,4.0,9,Brooks Nader,32.0,Gleb Savchenko,3.93,3.93,5.89,9.0,9,0.9804,9,13.0,True,Correctly Predicted Eliminated,True,10.884353741496598,7.407176870748299,True,Correctly Predicted Eliminated,True,True
33,4,4.0,8,Phaedra Parks,32.0,Val Chmerkovskiy,5.89,3.93,35.35,6.0,6,0.6858,6,10.0,False,Correctly Predicted Safe,True,10.884353741496598,8.387176870748299,False,Correctly Predicted Safe,True,False
33,4,4.0,7,Jenn Tran,32.0,Sasha Farber,4.42,3.93,35.35,8.0,8,0.6858,7,12.0,False,Correctly Predicted Safe,True,10.884353741496598,7.652176870748299,False,Correctly Predicted Safe,True,False
33,4,9.0,6,Dwight Howard ,29.0,Daniella Karagach,11.78,3.93,35.35,3.0,3,0.6858,8,12.0,False,Correctly Predicted Safe,True,9.863945578231291,10.821972789115645,False,Correctly Predicted Safe,True,False
33,5,1.0,3,Chandler Kinney,27.0,Brandon Armstrong,9.2,4.6,36.79,4.0,4,0.6781,3,5.0,False,Correctly Predicted Safe,True,13.366336633663368,11.283168316831684,False,Correctly Predicted Safe,True,False
33,5,2.0,2,Ilona Maher,26.0,Alan Bersten,18.4,4.6,36.79,2.0,2,0.6781,2,4.0,False,Correctly Predicted Safe,True,12.871287128712872,15.635643564356435,False,Correctly Predicted Safe,True,False
33,5,2.0,1,Joey Graziadei,26.0,Jenna Johnson,36.79,4.6,36.79,1.0,1,0.6781,1,3.0,False,Correctly Predicted Safe,True,12.871287128712872,24.830643564356436,False,Correctly Predicted Safe,True,False
33,5,4.0,5,Danny Amendola,25.5,Witney Carson,6.13,4.6,36.79,6.0,6,0.6781,5,10.0,False,Correctly Predicted Safe,True,12.623762376237623,9.376881188118812,False,Correctly Predicted Safe,True,False
33,5,4.0,7,Jenn Tran,25.5,Sasha Farber,4.6,4.6,36.79,8.0,8,0.6781,7,12.0,False,Correctly Predicted Safe,True,12.623762376237623,8.611881188118812,False,Correctly Predicted Safe,True,False
33,5,6.0,6,Dwight Howard ,24.0,Daniella Karagach,7.36,4.6,36.79,5.0,5,0.6781,6,11.0,False,Correctly Predicted Safe,True,11.881188118811881,9.62059405940594,False,Correctly Predicted Safe,True,False
33,5,6.0,4,Stephen Nedoroscik,24.0,Rylee Arnold,12.26,4.6,36.79,3.0,3,0.6781,4,9.0,False,Correctly Predicted Safe,True,11.881188118811881,12.070594059405941,False,Correctly Predicted Safe,True,False
33,5,6.0,8,Phaedra Parks,24.0,Val Chmerkovskiy,5.26,4.6,12.26,7.0,7,0.9233,8,13.0,True,Correctly Predicted Eliminated,True,11.881188118811881,8.570594059405941,True,Correctly Predicted Eliminated,True,True
33,6,1.0,3,Chandler Kinney,32.0,Brandon Armstrong,7.71,5.51,38.57,5.0,5,0.6694,2,6.0,False,Correctly Predicted Safe,True,15.53398058252427,11.621990291262135,False,Correctly Predicted Safe,True,False
33,6,1.0,1,Joey Graziadei,32.0,Jenna Johnson,19.28,5.51,38.57,2.0,2,0.6694,1,3.0,False,Correctly Predicted Safe,True,15.53398058252427,17.406990291262137,False,Correctly Predicted Safe,True,False
33,6,3.0,6,Dwight Howard ,31.0,Daniella Karagach,6.43,5.51,38.57,6.0,6,0.6694,5,9.0,False,Correctly Predicted Safe,True,15.048543689320388,10.739271844660195,False,Correctly Predicted Safe,True,False
33,6,3.0,7,Jenn Tran,31.0,Sasha Farber,5.51,5.51,7.71,7.0,7,0.978,7,10.0,True,Correctly Predicted Eliminated,True,15.048543689320388,10.279271844660194,True,Correctly Predicted Eliminated,True,True
33,6,5.0,5,Danny Amendola,28.0,Witney Carson,9.64,5.51,38.57,4.0,4,0.6694,6,9.0,False,Correctly Predicted Safe,True,13.592233009708737,11.616116504854368,False,Correctly Predicted Safe,True,False
33,6,5.0,4,Stephen Nedoroscik,28.0,Rylee Arnold,12.86,5.51,38.57,3.0,3,0.6694,3,8.0,False,Correctly Predicted Safe,True,13.592233009708737,13.226116504854367,False,Correctly Predicted Safe,True,False
33,6,7.0,2,Ilona Maher,24.0,Alan Bersten,38.57,5.51,38.57,1.0,1,0.6694,4,8.0,False,Correctly Predicted Safe,True,11.650485436893204,25.110242718446603,False,Correctly Predicted Safe,True,False
33,7,1.0,3,Chandler Kinney,30.0,Brandon Armstrong,8.16,6.8,40.82,5.0,5,0.6599,3,6.0,False,Correctly Predicted Safe,True,18.75,13.455,False,Correctly Predicted Safe,True,False
33,7,2.0,1,Joey Graziadei,27.5,Jenna Johnson,20.41,6.8,40.82,2.0,2,0.6599,1,4.0,False,Correctly Predicted Safe,True,17.1875,18.79875,False,Correctly Predicted Safe,True,False
33,7,3.0,4,Stephen Nedoroscik,27.0,Rylee Arnold,10.2,6.8,40.82,4.0,4,0.6599,4,7.0,False,Correctly Predicted Safe,True,16.875,13.5375,False,Correctly Predicted Safe,True,False
33,7,4.0,2,Ilona Maher,26.0,Alan Bersten,40.82,6.8,40.82,1.0,1,0.6599,2,5.0,False,Correctly Predicted Safe,True,16.25,28.535,False,Correctly Predicted Safe,True,False
33,7,5.0,5,Danny Amendola,25.5,Witney Carson,13.61,6.8,40.82,3.0,3,0.6599,5,8.0,False,Correctly Predicted Safe,True,15.937499999999998,14.77375,False,Correctly Predicted Safe,True,False
33,7,6.0,6,Dwight Howard ,24.0,Daniella Karagach,6.8,6.8,40.82,6.0,6,0.6599,6,12.0,True,Correctly Predicted Eliminated,True,15.0,10.9,True,Correctly Predicted Eliminated,True,True
33,9,1.0,3,Chandler Kinney,59.0,Brandon Armstrong,8.76,8.76,14.6,5.0,5,0.9416,3,6.0,True,Correctly Predicted Eliminated,False,20.665499124343256,14.712749562171627,True,Correctly Predicted Eliminated,False,True
33,9,4.0,4,Stephen Nedoroscik,56.0,Rylee Arnold,14.6,8.76,43.8,3.0,3,0.6496,4,7.0,True,Correctly Predicted Eliminated,False,19.614711033274958,17.10735551663748,True,Correctly Predicted Eliminated,False,True
33,9,2.0,1,Joey Graziadei,58.5,Jenna Johnson,21.9,10.95,43.8,2.0,2,0.6715,1,4.0,True,Incorrectly Predicted Eliminated,False,20.490367775831874,21.195183887915938,True,Incorrectly Predicted Eliminated,False,False
33,9,3.0,2,Ilona Maher,57.0,Alan Bersten,43.8,14.6,43.8,1.0,1,0.708,2,4.0,False,Incorrectly Predicted Safe,False,19.96497373029772,31.88248686514886,False,Incorrectly Predicted Safe,False,True
33,9,5.0,5,Danny Amendola,55.0,Witney Carson,10.95,8.76,43.8,4.0,4,0.6496,5,9.0,True,Correctly Predicted Eliminated,False,19.264448336252187,15.107224168126093,True,Correctly Predicted Eliminated,False,True
34,2,8.0,3,Jordan Chiles,32.0,Ezra Sosa (Apolo Anton Ohno week 9),10.25,2.2,30.75,3.0,3,0.7144,4,11.0,False,Correctly Predicted Safe,True,7.239819004524888,8.744909502262445,False,Correctly Predicted Safe,True,False
34,2,1.0,1,Robert Irwin,37.0,Witney Carson (Xoshitl Gomez week 9),15.38,2.2,30.75,2.0,2,0.7144,1,3.0,False,Correctly Predicted Safe,True,8.3710407239819,11.87552036199095,False,Correctly Predicted Safe,True,False
34,2,4.0,9,Jen Affleck,34.0,Jan Ravnik,3.08,2.2,30.75,10.0,10,0.7144,7,14.0,False,Correctly Predicted Safe,True,7.6923076923076925,5.386153846153846,False,Correctly Predicted Safe,True,False
34,2,1.0,6,Whitney Leavitt,37.0,Mark Ballas,3.42,2.2,30.75,9.0,9,0.7144,2,10.0,False,Correctly Predicted Safe,True,8.3710407239819,5.8955203619909495,False,Correctly Predicted Safe,True,False
34,2,7.0,5,Elaine Hendrix,33.0,Alan Bersten (Rashad Jennings week 9),6.15,2.2,30.75,5.0,5,0.7144,6,12.0,False,Correctly Predicted Safe,True,7.46606334841629,6.808031674208145,False,Correctly Predicted Safe,True,False
34,2,3.0,11,Hilaria Baldwin,35.0,Gleb Savchenko,2.56,2.2,30.75,12.0,12,0.7144,8,15.0,False,Correctly Predicted Safe,True,7.918552036199094,5.239276018099547,False,Correctly Predicted Safe,True,False
34,2,4.0,12,Lauren Jauregui,34.0,Brandon Armstrong,2.2,2.2,30.75,14.0,14,0.7144,11,18.0,False,Correctly Predicted Safe,True,7.6923076923076925,4.946153846153846,False,Correctly Predicted Safe,True,False
34,2,4.0,2,Alix Earle,34.0,Val Chmerkovskiy (Joey Graziadei week 9),5.13,2.2,30.75,6.0,6,0.7144,3,10.0,False,Correctly Predicted Safe,True,7.6923076923076925,6.411153846153846,False,Correctly Predicted Safe,True,False
34,2,10.0,4,Dylan Efron,30.0,Daniella Karagach (Rumer Willis week 9),30.75,2.2,30.75,1.0,1,0.7144,5,11.0,False,Correctly Predicted Safe,True,6.787330316742081,18.76866515837104,False,Correctly Predicted Safe,True,False
34,2,9.0,8,Danielle Fishel,31.0,Pasha Pashkov,4.39,2.2,30.75,7.0,7,0.7144,9,16.0,False,Correctly Predicted Safe,True,7.013574660633484,5.701787330316742,False,Correctly Predicted Safe,True,False
34,2,11.0,13,Baron Davis,28.0,Britt Stewart,2.37,2.2,10.25,13.0,13,0.9195,13,24.0,True,Correctly Predicted Eliminated,True,6.334841628959276,4.352420814479638,True,Correctly Predicted Eliminated,True,True
34,2,11.0,10,Scott Hoying,28.0,Rylee Arnold,3.84,2.2,30.75,8.0,8,0.7144,12,19.0,False,Correctly Predicted Safe,True,6.334841628959276,5.087420814479637,False,Correctly Predicted Safe,True,False
34,2,13.0,7,Andy Richter,25.0,Emma Slater/Kaitlyn Bristowe (week 9),7.69,2.2,30.75,4.0,4,0.7144,10,17.0,False,Correctly Predicted Safe,True,5.656108597285068,6.673054298642534,False,Correctly Predicted Safe,True,False
34,2,14.0,13,Corey Feldman,24.0,Jenna Johnson,2.8,2.2,30.75,11.0,11,0.7144,14,25.0,True,Correctly Predicted Eliminated,True,5.429864253393665,4.114932126696832,True,Correctly Predicted Eliminated,True,True
34,3,1.0,3,Jordan Chiles,24.0,Ezra Sosa (Apolo Anton Ohno week 9),5.37,2.69,32.22,6.0,6,0.7046,3,7.0,False,Correctly Predicted Safe,True,9.33852140077821,7.354260700389105,False,Correctly Predicted Safe,True,False
34,3,1.0,6,Whitney Leavitt,24.0,Mark Ballas,2.93,2.69,32.22,11.0,11,0.7046,5,12.0,False,Correctly Predicted Safe,True,9.33852140077821,6.134260700389105,False,Correctly Predicted Safe,True,False
34,3,3.0,2,Alix Earle,23.0,Val Chmerkovskiy (Joey Graziadei week 9),16.11,2.69,32.22,2.0,2,0.7046,1,5.0,False,Correctly Predicted Safe,True,8.949416342412452,12.529708171206225,False,Correctly Predicted Safe,True,False
34,3,3.0,4,Dylan Efron,23.0,Daniella Karagach (Rumer Willis week 9),6.44,2.69,32.22,5.0,5,0.7046,4,8.0,False,Correctly Predicted Safe,True,8.949416342412452,7.694708171206226,False,Correctly Predicted Safe,True,False
34,3,5.0,1,Robert Irwin,22.0,Witney Carson (Xoshitl Gomez week 9),32.22,2.69,32.22,1.0,1,0.7046,2,6.0,False,Correctly Predicted Safe,True,8.560311284046692,20.390155642023345,False,Correctly Predicted Safe,True,False
34,3,5.0,11,Hilaria Baldwin,22.0,Gleb Savchenko,3.22,2.69,32.22,10.0,10,0.7046,9,15.0,False,Correctly Predicted Safe,True,8.560311284046692,5.8901556420233465,False,Correctly Predicted Safe,True,False
34,3,5.0,10,Scott Hoying,22.0,Rylee Arnold,3.58,2.69,32.22,9.0,9,0.7046,7,14.0,False,Correctly Predicted Safe,True,8.560311284046692,6.070155642023346,False,Correctly Predicted Safe,True,False
34,3,8.0,8,Danielle Fishel,21.0,Pasha Pashkov,4.6,2.69,32.22,7.0,7,0.7046,10,15.0,False,Correctly Predicted Safe,True,8.171206225680933,6.3856031128404664,False,Correctly Predicted Safe,True,False
34,3,8.0,5,Elaine Hendrix,21.0,Alan Bersten (Rashad Jennings week 9),8.06,2.69,32.22,4.0,4,0.7046,6,12.0,False,Correctly Predicted Safe,True,8.171206225680933,8.115603112840468,False,Correctly Predicted Safe,True,False
34,3,10.0,9,Jen Affleck,19.0,Jan Ravnik,4.03,2.69,32.22,8.0,8,0.7046,11,18.0,False,Correctly Predicted Safe,True,7.392996108949417,5.711498054474708,False,Correctly Predicted Safe,True,False
34,3,11.0,7,Andy Richter,18.0,Emma Slater/Kaitlyn Bristowe (week 9),10.74,2.69,32.22,3.0,3,0.7046,8,14.0,False,Correctly Predicted Safe,True,7.003891050583658,8.871945525291828,False,Correctly Predicted Safe,True,False
34,3,11.0,12,Lauren Jauregui,18.0,Brandon Armstrong,2.69,2.69,16.11,12.0,12,0.8657,12,23.0,True,Correctly Predicted Eliminated,True,7.003891050583658,4.8469455252918285,True,Correctly Predicted Eliminated,True,True
34,4,1.0,6,Whitney Leavitt,25.0,Mark Ballas,3.31,3.01,33.11,10.0,10,0.699,6,11.0,False,Correctly Predicted Safe,True,10.080645161290322,6.695322580645161,False,Correctly Predicted Safe,True,False
34,4,2.0,5,Elaine Hendrix,24.0,Alan Bersten (Rashad Jennings week 9),4.14,3.01,33.11,8.0,8,0.699,4,10.0,False,Correctly Predicted Safe,True,9.67741935483871,6.908709677419354,False,Correctly Predicted Safe,True,False
34,4,2.0,3,Jordan Chiles,24.0,Ezra Sosa (Apolo Anton Ohno week 9),8.28,3.01,33.11,4.0,4,0.699,2,6.0,False,Correctly Predicted Safe,True,9.67741935483871,8.978709677419355,False,Correctly Predicted Safe,True,False
34,4,2.0,2,Alix Earle,24.0,Val Chmerkovskiy (Joey Graziadei week 9),16.56,3.01,33.11,2.0,2,0.699,1,4.0,False,Correctly Predicted Safe,True,9.67741935483871,13.118709677419353,False,Correctly Predicted Safe,True,False
34,4,5.0,11,Hilaria Baldwin,23.0,Gleb Savchenko,3.01,3.01,4.73,11.0,11,0.9828,10,16.0,True,Correctly Predicted Eliminated,True,9.274193548387096,6.142096774193548,True,Correctly Predicted Eliminated,True,True
34,4,5.0,9,Jen Affleck,23.0,Jan Ravnik,3.68,3.01,33.11,9.0,9,0.699,7,14.0,False,Correctly Predicted Safe,True,9.274193548387096,6.477096774193548,False,Correctly Predicted Safe,True,False
34,4,5.0,4,Dylan Efron,23.0,Daniella Karagach (Rumer Willis week 9),6.62,3.01,33.11,5.0,5,0.699,5,10.0,False,Correctly Predicted Safe,True,9.274193548387096,7.9470967741935485,False,Correctly Predicted Safe,True,False
34,4,8.0,1,Robert Irwin,22.0,Witney Carson (Xoshitl Gomez week 9),33.11,3.01,33.11,1.0,1,0.699,3,9.0,False,Correctly Predicted Safe,True,8.870967741935484,20.990483870967743,False,Correctly Predicted Safe,True,False
34,4,9.0,8,Danielle Fishel,21.0,Pasha Pashkov,5.52,3.01,33.11,6.0,6,0.699,9,15.0,False,Correctly Predicted Safe,True,8.46774193548387,6.993870967741935,False,Correctly Predicted Safe,True,False
34,4,9.0,10,Scott Hoying,21.0,Rylee Arnold,4.73,3.01,33.11,7.0,7,0.699,11,16.0,False,Correctly Predicted Safe,True,8.46774193548387,6.598870967741935,False,Correctly Predicted Safe,True,False
34,4,11.0,7,Andy Richter,18.0,Emma Slater/Kaitlyn Bristowe (week 9),11.04,3.01,33.11,3.0,3,0.699,8,14.0,False,Correctly Predicted Safe,True,7.258064516129033,9.149032258064516,False,Correctly Predicted Safe,True,False
34,6,2.0,3,Jordan Chiles,71.0,Ezra Sosa (Apolo Anton Ohno week 9),8.54,3.41,34.14,4.0,4,0.6927,3,6.0,False,Correctly Predicted Safe,True,10.872894333843798,9.706447166921897,False,Correctly Predicted Safe,True,False
34,6,1.0,6,Whitney Leavitt,72.0,Mark Ballas,4.88,3.41,34.14,7.0,7,0.6927,4,8.0,False,Correctly Predicted Safe,True,11.0260336906585,7.95301684532925,False,Correctly Predicted Safe,True,False
34,6,7.0,8,Danielle Fishel,65.0,Pasha Pashkov,3.79,3.41,34.14,9.0,9,0.6927,7,16.0,False,Correctly Predicted Safe,True,9.95405819295559,6.872029096477794,False,Correctly Predicted Safe,True,False
34,6,6.0,5,Elaine Hendrix,66.0,Alan Bersten (Rashad Jennings week 9),6.83,3.41,34.14,5.0,5,0.6927,6,11.0,False,Correctly Predicted Safe,True,10.10719754977029,8.468598774885145,False,Correctly Predicted Safe,True,False
34,6,2.0,1,Robert Irwin,71.0,Witney Carson (Xoshitl Gomez week 9),17.07,3.41,34.14,2.0,2,0.6927,1,4.0,False,Correctly Predicted Safe,True,10.872894333843798,13.971447166921898,False,Correctly Predicted Safe,True,False
34,6,4.0,2,Alix Earle,70.0,Val Chmerkovskiy (Joey Graziadei week 9),34.14,3.41,34.14,1.0,1,0.6927,2,5.0,False,Correctly Predicted Safe,True,10.719754977029096,22.42987748851455,False,Correctly Predicted Safe,True,False
34,6,8.0,9,Jen Affleck,61.0,Jan Ravnik,4.27,3.41,34.14,8.0,8,0.6927,8,16.0,False,Correctly Predicted Safe,True,9.341500765696784,6.805750382848392,False,Correctly Predicted Safe,True,False
34,6,5.0,4,Dylan Efron,68.0,Daniella Karagach (Rumer Willis week 9),11.38,3.41,34.14,3.0,3,0.6927,5,8.0,False,Correctly Predicted Safe,True,10.413476263399694,10.896738131699848,False,Correctly Predicted Safe,True,False
34,6,9.0,10,Scott Hoying,58.0,Rylee Arnold,3.41,3.41,17.07,10.0,10,0.8634,10,19.0,True,Correctly Predicted Eliminated,True,8.88208269525268,6.1460413476263405,True,Correctly Predicted Eliminated,True,True
34,6,10.0,7,Andy Richter,51.0,Emma Slater/Kaitlyn Bristowe (week 9),5.69,3.41,34.14,6.0,6,0.6927,9,16.0,False,Correctly Predicted Safe,True,7.810107197549771,6.750053598774885,False,Correctly Predicted Safe,True,False
34,7,1.0,2,Alix Earle,43.0,Val Chmerkovskiy (Joey Graziadei week 9),5.89,3.93,35.35,6.0,6,0.6858,3,7.0,False,Correctly Predicted Safe,True,12.951807228915662,9.420903614457831,False,Correctly Predicted Safe,True,False
34,7,2.0,6,Whitney Leavitt,42.0,Mark Ballas,5.05,3.93,35.35,7.0,7,0.6858,5,9.0,False,Correctly Predicted Safe,True,12.650602409638553,8.850301204819276,False,Correctly Predicted Safe,True,False
34,7,3.0,1,Robert Irwin,41.0,Witney Carson (Xoshitl Gomez week 9),35.35,3.93,35.35,1.0,1,0.6858,1,4.0,False,Correctly Predicted Safe,True,12.349397590361445,23.84969879518072,False,Correctly Predicted Safe,True,False
34,7,4.0,3,Jordan Chiles,38.0,Ezra Sosa (Apolo Anton Ohno week 9),17.67,3.93,35.35,2.0,2,0.6858,2,6.0,False,Correctly Predicted Safe,True,11.44578313253012,14.557891566265061,False,Correctly Predicted Safe,True,False
34,7,4.0,4,Dylan Efron,38.0,Daniella Karagach (Rumer Willis week 9),8.84,3.93,35.35,4.0,4,0.6858,4,8.0,False,Correctly Predicted Safe,True,11.44578313253012,10.14289156626506,False,Correctly Predicted Safe,True,False
34,7,6.0,8,Danielle Fishel,35.0,Pasha Pashkov,4.42,3.93,35.35,8.0,8,0.6858,7,14.0,False,Correctly Predicted Safe,True,10.542168674698797,7.481084337349398,False,Correctly Predicted Safe,True,False
34,7,7.0,9,Jen Affleck,34.0,Jan Ravnik,3.93,3.93,11.78,9.0,9,0.9214,9,16.0,True,Correctly Predicted Eliminated,True,10.240963855421686,7.085481927710843,True,Correctly Predicted Eliminated,True,True
34,7,8.0,5,Elaine Hendrix,32.0,Alan Bersten (Rashad Jennings week 9),11.78,3.93,35.35,3.0,3,0.6858,6,11.0,False,Correctly Predicted Safe,True,9.63855421686747,10.709277108433735,False,Correctly Predicted Safe,True,False
34,7,9.0,7,Andy Richter,29.0,Emma Slater/Kaitlyn Bristowe (week 9),7.07,3.93,35.35,5.0,5,0.6858,8,14.0,False,Correctly Predicted Safe,True,8.734939759036145,7.902469879518073,False,Correctly Predicted Safe,True,False
34,8,1.0,6,Whitney Leavitt,39.5,Mark Ballas,5.26,4.6,36.79,7.0,7,0.6781,5,8.0,False,Correctly Predicted Safe,True,13.101160862354892,9.180580431177447,False,Correctly Predicted Safe,True,False
34,8,2.0,3,Jordan Chiles,39.0,Ezra Sosa (Apolo Anton Ohno week 9),7.36,4.6,36.79,5.0,5,0.6781,3,7.0,False,Correctly Predicted Safe,True,12.935323383084576,10.147661691542288,False,Correctly Predicted Safe,True,False
34,8,3.0,2,Alix Earle,38.5,Val Chmerkovskiy (Joey Graziadei week 9),36.79,4.6,36.79,1.0,1,0.6781,1,4.0,False,Correctly Predicted Safe,True,12.769485903814262,24.77974295190713,False,Correctly Predicted Safe,True,False
34,8,4.0,1,Robert Irwin,38.0,Witney Carson (Xoshitl Gomez week 9),18.4,4.6,36.79,2.0,2,0.6781,2,6.0,False,Correctly Predicted Safe,True,12.603648424543948,15.501824212271973,False,Correctly Predicted Safe,True,False
34,8,4.0,4,Dylan Efron,38.0,Daniella Karagach (Rumer Willis week 9),12.26,4.6,36.79,3.0,3,0.6781,4,7.0,False,Correctly Predicted Safe,True,12.603648424543948,12.431824212271973,False,Correctly Predicted Safe,True,False
34,8,6.0,5,Elaine Hendrix,37.5,Alan Bersten (Rashad Jennings week 9),9.2,4.6,36.79,4.0,4,0.6781,6,10.0,False,Correctly Predicted Safe,True,12.437810945273633,10.818905472636816,False,Correctly Predicted Safe,True,False
34,8,7.0,8,Danielle Fishel,37.0,Pasha Pashkov,4.6,4.6,18.4,8.0,8,0.862,8,15.0,True,Correctly Predicted Eliminated,True,12.271973466003317,8.43598673300166,True,Correctly Predicted Eliminated,True,True
34,8,8.0,7,Andy Richter,34.0,Emma Slater/Kaitlyn Bristowe (week 9),6.13,4.6,36.79,6.0,6,0.6781,7,14.0,False,Correctly Predicted Safe,True,11.276948590381426,8.703474295190713,False,Correctly Predicted Safe,True,False
34,9,1.0,1,Robert Irwin,42.0,Witney Carson (Xoshitl Gomez week 9),12.86,5.51,38.57,3.0,3,0.6694,1,4.0,False,Correctly Predicted Safe,True,15.555555555555555,14.207777777777778,False,Correctly Predicted Safe,True,False
34,9,1.0,6,Whitney Leavitt,42.0,Mark Ballas,5.51,5.51,38.57,7.0,7,0.6694,5,8.0,False,Correctly Predicted Safe,True,15.555555555555555,10.532777777777778,False,Correctly Predicted Safe,True,False
34,9,1.0,4,Dylan Efron,42.0,Daniella Karagach (Rumer Willis week 9),6.43,5.51,38.57,6.0,6,0.6694,4,7.0,False,Correctly Predicted Safe,True,15.555555555555555,10.992777777777778,False,Correctly Predicted Safe,True,False
34,9,4.0,2,Alix Earle,40.0,Val Chmerkovskiy (Joey Graziadei week 9),19.28,5.51,38.57,2.0,2,0.6694,2,6.0,False,Correctly Predicted Safe,True,14.814814814814813,17.047407407407405,False,Correctly Predicted Safe,True,False
34,9,5.0,3,Jordan Chiles,39.0,Ezra Sosa (Apolo Anton Ohno week 9),38.57,5.51,38.57,1.0,1,0.6694,3,6.0,False,Correctly Predicted Safe,True,14.444444444444443,26.50722222222222,False,Correctly Predicted Safe,True,False
34,9,6.0,5,Elaine Hendrix,36.0,Alan Bersten (Rashad Jennings week 9),9.64,5.51,38.57,4.0,4,0.6694,6,10.0,False,Correctly Predicted Safe,True,13.333333333333334,11.486666666666668,False,Correctly Predicted Safe,True,False
34,9,7.0,7,Andy Richter,29.0,Emma Slater/Kaitlyn Bristowe (week 9),7.71,5.51,38.57,5.0,5,0.6694,7,12.0,True,Correctly Predicted Eliminated,True,10.74074074074074,9.22537037037037,True,Correctly Predicted Eliminated,True,True
34,10,1.0,1,Robert Irwin,29.5,Witney Carson (Xoshitl Gomez week 9),13.61,8.16,40.82,3.0,3,0.6735,1,4.0,False,Correctly Predicted Safe,False,17.151162790697676,15.380581395348838,False,Correctly Predicted Safe,True,False
34,10,2.0,2,Alix Earle,29.0,Val Chmerkovskiy (Joey Graziadei week 9),10.2,8.16,40.82,4.0,4,0.6735,2,6.0,False,Correctly Predicted Safe,False,16.86046511627907,13.530232558139534,False,Correctly Predicted Safe,True,False
34,10,2.0,6,Whitney Leavitt,29.0,Mark Ballas,6.8,6.8,8.16,6.0,6,0.9864,5,8.0,False,Incorrectly Predicted Safe,False,16.86046511627907,11.830232558139535,True,Correctly Predicted Eliminated,True,True
34,10,4.0,5,Elaine Hendrix,28.5,Alan Bersten (Rashad Jennings week 9),8.16,8.16,40.82,5.0,5,0.6735,6,9.0,True,Incorrectly Predicted Eliminated,False,16.569767441860463,12.364883720930232,False,Correctly Predicted Safe,True,False
34,10,4.0,3,Jordan Chiles,28.5,Ezra Sosa (Apolo Anton Ohno week 9),20.41,8.16,40.82,2.0,2,0.6735,3,6.0,False,Correctly Predicted Safe,False,16.569767441860463,18.48988372093023,False,Correctly Predicted Safe,True,False
34,10,6.0,4,Dylan Efron,27.5,Daniella Karagach (Rumer Willis week 9),40.82,6.8,40.82,1.0,1,0.6599,4,7.0,False,Correctly Predicted Safe,False,15.988372093023257,28.40418604651163,False,Correctly Predicted Safe,True,False
34,11,1.0,2,Alix Earle,30.0,Val Chmerkovskiy (Joey Graziadei week 9),14.6,8.76,21.9,3.0,3,0.8686,2,4.0,True,Correctly Predicted Eliminated,True,20.31609129238783,17.458045646193916,True,Correctly Predicted Eliminated,True,True
34,11,2.0,3,Jordan Chiles,29.666600000000003,Ezra Sosa (Apolo Anton Ohno week 9),10.95,8.76,21.9,4.0,4,0.8686,3,6.0,True,Correctly Predicted Eliminated,True,20.0903117978251,15.520155898912549,True,Correctly Predicted Eliminated,True,True
34,11,2.0,1,Robert Irwin,29.666600000000003,Witney Carson (Xoshitl Gomez week 9),43.8,14.6,43.8,1.0,1,0.708,1,3.0,False,Correctly Predicted Safe,True,20.0903117978251,31.945155898912546,False,Correctly Predicted Safe,True,False
34,11,4.0,4,Dylan Efron,29.3332,Daniella Karagach (Rumer Willis week 9),21.9,8.76,43.8,2.0,2,0.6496,4,6.0,True,Correctly Predicted Eliminated,True,19.864532303262358,20.88226615163118,True,Correctly Predicted Eliminated,True,True
34,11,5.0,5,Elaine Hendrix,28.9998,Alan Bersten (Rashad Jennings week 9),8.76,8.76,43.8,5.0,5,0.6496,5,10.0,True,Correctly Predicted Eliminated,True,19.63875280869962,14.19937640434981,True,Correctly Predicted Eliminated,True,True
